{"type":"FeatureCollection","crs":{"type":"name","properties":{"name":"urn:ogc:def:crs:OGC:1.3:CRS84"}},"features":[{"type":"Feature","properties":{"name":"Alta Verapaz","id":"GT-AV"},"geometry":{"type":"Polygon","coordinates":[[[-89.4109,15.8563],[-89.4117,15.8564],[-89.4122,15.8569],[-89.4124,15.8573],[-89.4126,15.8579],[-89.4132,15.8581],[-89.414,15.8583],[-89.4145,15.8589],[-89.4146,15.8597],[-89.4149,15.86],[-89.4154,15.8598],[-89.416,15.8595],[-89.4163,15.8591],[-89.4167,15.8582],[-89.4174,15.8579],[-89.4174,15.8579],[-89.418,15.858],[-89.4182,15.8584],[-89.4183,15.8586],[-89.4187,15.8595],[-89.4194,15.8598],[-89.42,15.8599],[-89.4203,15.8595],[-89.4208,15.8587],[-89.4216,15.8584],[-89.4225,15.8585],[-89.4234,15.8588],[-89.424,15.8593],[-89.4248,15.8597],[-89.4255,15.8598],[-89.4264,15.8595],[-89.4266,15.8597],[-89.427,15.8607],[-89.4278,15.8612],[-89.4285,15.861],[-89.4285,15.8603],[-89.4283,15.8597],[-89.4287,15.8593],[-89.4295,15.8589],[-89.4298,15.8582],[-89.4297,15.8576],[-89.4293,15.8571],[-89.4289,15.8567],[-89.4288,15.8563],[-89.4286,15.8559],[-89.4288,15.8556],[-89.4294,15.8554],[-89.4298,15.8554],[-89.4302,15.8554],[-89.4305,15.8559],[-89.4309,15.8567],[-89.4315,15.8568],[-89.4318,15.8565],[-89.4321,15.856],[-89.4325,15.8559],[-89.4331,15.8557],[-89.4335,15.8552],[-89.434,15.8547],[-89.4345,15.8546],[-89.4347,15.8541],[-89.4349,15.8536],[-89.4355,15.8535],[-89.4361,15.8544],[-89.437,15.8549],[-89.4377,15.8547],[-89.438,15.8541],[-89.4384,15.8535],[-89.4393,15.853],[-89.4396,15.8523],[-89.4392,15.8514],[-89.439,15.8507],[-89.4393,15.8503],[-89.4404,15.8497],[-89.4417,15.8493],[-89.4421,15.8487],[-89.4423,15.8481],[-89.4429,15.8477],[-89.4432,15.8475],[-89.4444,15.8479],[-89.4453,15.8486],[-89.4453,15.8486],[-89.4453,15.8494],[-89.4455,15.8503],[-89.4464,15.8507],[-89.4474,15.8505],[-89.4491,15.8501],[-89.4497,15.8492],[-89.4498,15.8487],[-89.4505,15.8479],[-89.4517,15.8478],[-89.4527,15.8479],[-89.4537,15.8483],[-89.4549,15.8481],[-89.4557,15.8479],[-89.4568,15.8479],[-89.4575,15.8481],[-89.4581,15.8483],[-89.4588,15.8487],[-89.4594,15.8494],[-89.4598,15.85],[-89.4599,15.8507],[-89.4598,15.8514],[-89.4601,15.8519],[-89.4607,15.8524],[-89.4612,15.8533],[-89.4618,15.8543],[-89.4622,15.8555],[-89.4626,15.8561],[-89.4626,15.8576],[-89.463,15.8588],[-89.4631,15.8602],[-89.4632,15.8606],[-89.4636,15.8612],[-89.4642,15.8615],[-89.4653,15.8614],[-89.466,15.8612],[-89.4664,15.8612],[-89.4668,15.8613],[-89.4674,15.8612],[-89.4677,15.861],[-89.4682,15.8604],[-89.4688,15.8602],[-89.4694,15.8599],[-89.47,15.8594],[-89.4708,15.8591],[-89.4711,15.8592],[-89.4714,15.8596],[-89.4715,15.8597],[-89.4717,15.8603],[-89.4719,15.8609],[-89.4723,15.8613],[-89.473,15.861],[-89.4736,15.8608],[-89.4741,15.8611],[-89.4746,15.8611],[-89.4752,15.8606],[-89.4756,15.8606],[-89.4761,15.8609],[-89.4765,15.861],[-89.4769,15.8603],[-89.4774,15.8602],[-89.4776,15.8606],[-89.478,15.8613],[-89.4788,15.8614],[-89.4793,15.861],[-89.4794,15.8603],[-89.4792,15.8599],[-89.4791,15.8591],[-89.4792,15.8586],[-89.4794,15.8583],[-89.4798,15.8579],[-89.4802,15.8576],[-89.4809,15.8573],[-89.4815,15.8569],[-89.4821,15.8567],[-89.4825,15.8569],[-89.483,15.857],[-89.4832,15.8567],[-89.4832,15.8563],[-89.4828,15.8559],[-89.4826,15.8555],[-89.4827,15.8553],[-89.4832,15.8549],[-89.4835,15.8545],[-89.4834,15.8542],[-89.4836,15.8538],[-89.4843,15.8536],[-89.4855,15.8536],[-89.4866,15.8541],[-89.4872,15.8542],[-89.4874,15.8538],[-89.4876,15.8533],[-89.4877,15.8533],[-89.4882,15.8532],[-89.4885,15.8537],[-89.4885,15.8539],[-89.4884,15.8543],[-89.4883,15.855],[-89.4887,15.8554],[-89.4893,15.8554],[-89.4898,15.8552],[-89.4899,15.8548],[-89.4898,15.8545],[-89.4897,15.854],[-89.4895,15.8535],[-89.4894,15.8533],[-89.4894,15.8529],[-89.4898,15.8526],[-89.4905,15.8523],[-89.4908,15.8524],[-89.4909,15.8524],[-89.4915,15.8525],[-89.4917,15.8523],[-89.4916,15.852],[-89.4916,15.8519],[-89.4912,15.8515],[-89.4912,15.8511],[-89.4914,15.8508],[-89.492,15.8509],[-89.4921,15.8511],[-89.4923,15.8514],[-89.4928,15.8517],[-89.4934,15.8515],[-89.4937,15.851],[-89.4935,15.8506],[-89.4926,15.8499],[-89.4926,15.8496],[-89.4932,15.8491],[-89.4939,15.8487],[-89.4946,15.8485],[-89.495,15.849],[-89.4956,15.8488],[-89.4958,15.8483],[-89.4963,15.8478],[-89.4978,15.8477],[-89.4982,15.8474],[-89.499,15.8461],[-89.4995,15.8455],[-89.4998,15.8444],[-89.4998,15.8443],[-89.5002,15.9226],[-89.5002,15.9244],[-89.5002,15.9321],[-89.5002,15.9366],[-89.5004,15.9906],[-89.5005,16.0017],[-89.5006,16.038],[-89.5006,16.0387],[-89.5007,16.0391],[-89.5006,16.0396],[-89.5003,16.0401],[-89.5001,16.0409],[-89.5005,16.0417],[-89.5009,16.0424],[-89.501,16.0426],[-89.5014,16.0429],[-89.5017,16.0436],[-89.5022,16.0445],[-89.5022,16.0446],[-89.5028,16.0451],[-89.5038,16.0454],[-89.5044,16.0453],[-89.5046,16.0449],[-89.5046,16.0445],[-89.5043,16.0439],[-89.5044,16.0435],[-89.5047,16.0429],[-89.5046,16.0421],[-89.5043,16.0414],[-89.5042,16.0412],[-89.5038,16.0407],[-89.5038,16.0404],[-89.5039,16.0399],[-89.5041,16.0394],[-89.5043,16.0391],[-89.5049,16.0388],[-89.5059,16.039],[-89.5068,16.0394],[-89.5069,16.0394],[-89.5075,16.0397],[-89.5081,16.0395],[-89.5084,16.0388],[-89.5082,16.0382],[-89.5079,16.0375],[-89.5078,16.0373],[-89.5078,16.0365],[-89.5081,16.0359],[-89.5082,16.0358],[-89.5091,16.0355],[-89.5097,16.0354],[-89.5112,16.0355],[-89.5118,16.036],[-89.5122,16.0365],[-89.5119,16.0373],[-89.5115,16.0385],[-89.5114,16.0395],[-89.5115,16.0402],[-89.5111,16.0408],[-89.5104,16.0414],[-89.5102,16.042],[-89.5103,16.0422],[-89.5103,16.0425],[-89.511,16.043],[-89.5117,16.0435],[-89.5126,16.044],[-89.5133,16.0442],[-89.5141,16.0442],[-89.5144,16.0441],[-89.5153,16.0437],[-89.5161,16.0434],[-89.5166,16.0436],[-89.5174,16.0438],[-89.5181,16.0435],[-89.5189,16.0435],[-89.5189,16.0435],[-89.5194,16.0436],[-89.5199,16.044],[-89.52,16.0447],[-89.52,16.0454],[-89.5199,16.0458],[-89.5198,16.0461],[-89.5198,16.0468],[-89.5201,16.0473],[-89.5202,16.0473],[-89.5207,16.0476],[-89.5218,16.0479],[-89.5226,16.0482],[-89.5231,16.0485],[-89.5231,16.0491],[-89.523,16.0497],[-89.523,16.0498],[-89.523,16.0501],[-89.5232,16.0504],[-89.5239,16.0511],[-89.5246,16.0512],[-89.5254,16.051],[-89.5263,16.0508],[-89.5271,16.051],[-89.5274,16.0515],[-89.5273,16.052],[-89.5273,16.0522],[-89.5275,16.0528],[-89.528,16.0531],[-89.5284,16.0529],[-89.5286,16.0524],[-89.5284,16.0519],[-89.5283,16.0513],[-89.5287,16.0506],[-89.5293,16.0502],[-89.5298,16.0502],[-89.5306,16.0501],[-89.5315,16.0499],[-89.5318,16.0495],[-89.5321,16.0486],[-89.5324,16.048],[-89.5328,16.0476],[-89.5339,16.0473],[-89.5339,16.0473],[-89.534,16.0473],[-89.5349,16.0474],[-89.5356,16.0471],[-89.5359,16.0466],[-89.5359,16.0459],[-89.5362,16.0454],[-89.5369,16.0449],[-89.5376,16.0448],[-89.5381,16.045],[-89.5388,16.0453],[-89.5396,16.0454],[-89.54,16.0451],[-89.5405,16.0444],[-89.5412,16.0437],[-89.5415,16.0431],[-89.5418,16.0425],[-89.5423,16.042],[-89.5424,16.0419],[-89.543,16.0416],[-89.5433,16.0417],[-89.5435,16.0418],[-89.5443,16.042],[-89.5445,16.0418],[-89.5446,16.0417],[-89.5447,16.041],[-89.545,16.0406],[-89.5461,16.0401],[-89.5466,16.0405],[-89.5471,16.0411],[-89.5473,16.0414],[-89.5475,16.0416],[-89.548,16.0418],[-89.5488,16.0416],[-89.5494,16.0408],[-89.5495,16.0402],[-89.5495,16.0394],[-89.5492,16.0386],[-89.5489,16.0378],[-89.549,16.0371],[-89.5492,16.0363],[-89.5492,16.0355],[-89.5488,16.035],[-89.5483,16.0347],[-89.5481,16.0347],[-89.5472,16.0345],[-89.5467,16.0339],[-89.5463,16.0333],[-89.5463,16.0324],[-89.5468,16.0321],[-89.5474,16.032],[-89.5484,16.032],[-89.5489,16.0318],[-89.549,16.0317],[-89.5494,16.0313],[-89.5495,16.031],[-89.5492,16.0303],[-89.5486,16.0299],[-89.5477,16.0295],[-89.547,16.0291],[-89.547,16.0291],[-89.547,16.0291],[-89.5469,16.0289],[-89.5467,16.0283],[-89.5469,16.0278],[-89.5475,16.0276],[-89.5479,16.0277],[-89.5485,16.0279],[-89.549,16.0283],[-89.5493,16.0289],[-89.5496,16.0295],[-89.5497,16.0297],[-89.55,16.0302],[-89.5509,16.0304],[-89.5518,16.0303],[-89.5522,16.0301],[-89.5525,16.0296],[-89.553,16.0292],[-89.5534,16.0289],[-89.5541,16.0287],[-89.555,16.0288],[-89.5556,16.0296],[-89.556,16.0305],[-89.5564,16.0312],[-89.5564,16.0312],[-89.5569,16.0318],[-89.5575,16.0319],[-89.5581,16.0317],[-89.5583,16.0312],[-89.5583,16.0306],[-89.5586,16.0296],[-89.5588,16.0295],[-89.5594,16.0294],[-89.5602,16.0297],[-89.5607,16.0301],[-89.5612,16.0307],[-89.5613,16.0309],[-89.5618,16.0314],[-89.5621,16.0315],[-89.5625,16.031],[-89.5628,16.0304],[-89.5627,16.0299],[-89.5629,16.0289],[-89.5634,16.0282],[-89.564,16.028],[-89.5643,16.0284],[-89.5646,16.0292],[-89.5646,16.0298],[-89.5647,16.0304],[-89.5651,16.031],[-89.5654,16.0311],[-89.5659,16.0306],[-89.566,16.03],[-89.5664,16.0293],[-89.5667,16.0291],[-89.5673,16.0287],[-89.5678,16.0282],[-89.568,16.0277],[-89.5681,16.027],[-89.5682,16.027],[-89.5684,16.0267],[-89.5689,16.0264],[-89.569,16.0264],[-89.5696,16.0261],[-89.5701,16.0257],[-89.5702,16.0253],[-89.5702,16.0252],[-89.5703,16.025],[-89.5703,16.0248],[-89.5707,16.0245],[-89.5715,16.0241],[-89.5718,16.0237],[-89.5718,16.0229],[-89.5716,16.0223],[-89.5718,16.0216],[-89.5723,16.0215],[-89.5732,16.0211],[-89.5736,16.0204],[-89.5736,16.0202],[-89.5737,16.0198],[-89.574,16.0192],[-89.5748,16.0189],[-89.5749,16.0188],[-89.5754,16.0185],[-89.5755,16.0185],[-89.5757,16.018],[-89.5759,16.0175],[-89.5763,16.017],[-89.5766,16.0166],[-89.5765,16.0162],[-89.5762,16.0159],[-89.576,16.0153],[-89.5763,16.0149],[-89.5769,16.0146],[-89.5773,16.0147],[-89.5775,16.0147],[-89.578,16.0149],[-89.5787,16.0152],[-89.5791,16.015],[-89.5792,16.0147],[-89.5798,16.0139],[-89.5804,16.0141],[-89.5808,16.0142],[-89.5813,16.0143],[-89.5819,16.014],[-89.5821,16.0134],[-89.5821,16.0125],[-89.5821,16.0116],[-89.5821,16.0108],[-89.5823,16.0102],[-89.5826,16.0101],[-89.5832,16.0098],[-89.5841,16.0101],[-89.5844,16.0106],[-89.5848,16.0112],[-89.5853,16.0118],[-89.586,16.0121],[-89.5868,16.0119],[-89.5877,16.0118],[-89.588,16.0122],[-89.5882,16.0129],[-89.5883,16.0135],[-89.5881,16.0144],[-89.5876,16.0153],[-89.5874,16.0163],[-89.5879,16.0168],[-89.5891,16.0174],[-89.5895,16.0175],[-89.5905,16.018],[-89.5907,16.018],[-89.5927,16.019],[-89.594,16.0195],[-89.5952,16.0197],[-89.5956,16.0196],[-89.596,16.0195],[-89.5967,16.0193],[-89.597,16.019],[-89.597,16.0186],[-89.5963,16.0177],[-89.5951,16.0171],[-89.5941,16.0167],[-89.5935,16.0162],[-89.5929,16.0154],[-89.5924,16.0143],[-89.5919,16.0134],[-89.5916,16.0131],[-89.5908,16.0128],[-89.5901,16.0128],[-89.5897,16.0127],[-89.5895,16.0126],[-89.5894,16.0118],[-89.5896,16.0112],[-89.5899,16.011],[-89.5903,16.0105],[-89.5908,16.0099],[-89.5909,16.0091],[-89.5905,16.0084],[-89.5905,16.0082],[-89.5904,16.0075],[-89.591,16.007],[-89.5918,16.0071],[-89.5925,16.0069],[-89.5934,16.0064],[-89.5944,16.0065],[-89.5949,16.0071],[-89.595,16.0083],[-89.5949,16.0091],[-89.5947,16.0102],[-89.5942,16.0112],[-89.5939,16.0118],[-89.5939,16.012],[-89.594,16.0125],[-89.5945,16.0132],[-89.595,16.0136],[-89.5964,16.014],[-89.5973,16.0141],[-89.5982,16.0138],[-89.5983,16.0137],[-89.5986,16.0132],[-89.5991,16.0127],[-89.5991,16.0127],[-89.5998,16.0118],[-89.6001,16.0108],[-89.6002,16.0107],[-89.6005,16.0101],[-89.6013,16.0099],[-89.6023,16.0101],[-89.6028,16.0099],[-89.6034,16.0096],[-89.6038,16.0098],[-89.6042,16.0103],[-89.6046,16.0112],[-89.6049,16.012],[-89.6049,16.0127],[-89.6049,16.0129],[-89.605,16.0136],[-89.6055,16.0139],[-89.606,16.0134],[-89.6065,16.0128],[-89.607,16.0128],[-89.608,16.0128],[-89.6087,16.0124],[-89.6089,16.0122],[-89.6091,16.0119],[-89.6099,16.0115],[-89.6109,16.0115],[-89.6115,16.012],[-89.6119,16.013],[-89.612,16.0131],[-89.6125,16.0136],[-89.613,16.0135],[-89.6132,16.0131],[-89.613,16.0125],[-89.6129,16.0125],[-89.6125,16.0124],[-89.6122,16.0122],[-89.6124,16.0117],[-89.6131,16.0114],[-89.6142,16.011],[-89.6149,16.0107],[-89.6149,16.0107],[-89.6164,16.0105],[-89.6171,16.0106],[-89.6172,16.0106],[-89.6178,16.011],[-89.6182,16.0117],[-89.618,16.0122],[-89.6175,16.0133],[-89.6173,16.0141],[-89.6174,16.0152],[-89.6182,16.0157],[-89.6188,16.0162],[-89.6196,16.0163],[-89.62,16.0158],[-89.6204,16.0154],[-89.6208,16.0154],[-89.6211,16.0161],[-89.6213,16.0163],[-89.6217,16.0167],[-89.6222,16.0166],[-89.6224,16.0162],[-89.623,16.0158],[-89.6231,16.0157],[-89.6235,16.0157],[-89.6237,16.0158],[-89.6244,16.0161],[-89.6251,16.0163],[-89.6254,16.016],[-89.6258,16.0157],[-89.6264,16.0154],[-89.627,16.0155],[-89.6274,16.0162],[-89.6273,16.0169],[-89.6272,16.0172],[-89.6278,16.018],[-89.6288,16.0181],[-89.6293,16.0174],[-89.6294,16.0169],[-89.63,16.0162],[-89.6302,16.016],[-89.6308,16.0161],[-89.631,16.0163],[-89.6317,16.0168],[-89.6325,16.0167],[-89.6338,16.0164],[-89.6341,16.0158],[-89.6347,16.0151],[-89.6348,16.0148],[-89.6348,16.0146],[-89.6348,16.0142],[-89.6352,16.0138],[-89.6356,16.014],[-89.6357,16.014],[-89.6361,16.0142],[-89.6364,16.0139],[-89.6364,16.0137],[-89.6367,16.0133],[-89.6371,16.0132],[-89.6372,16.0132],[-89.6374,16.0135],[-89.6379,16.0138],[-89.6384,16.0132],[-89.6385,16.0126],[-89.6383,16.0122],[-89.6379,16.0114],[-89.6377,16.0106],[-89.6384,16.0097],[-89.6385,16.0095],[-89.639,16.0089],[-89.6388,16.0081],[-89.6381,16.0076],[-89.6373,16.0067],[-89.6369,16.0064],[-89.6358,16.0058],[-89.6353,16.0048],[-89.6356,16.0039],[-89.6355,16.0022],[-89.6356,16.0015],[-89.6364,16.0005],[-89.6366,16.0003],[-89.6371,15.9997],[-89.6377,15.9994],[-89.6377,15.9993],[-89.6385,15.9994],[-89.6386,15.9994],[-89.6397,16],[-89.6404,16.0004],[-89.6414,16.0007],[-89.6419,16.0005],[-89.642,16.0001],[-89.6418,15.9995],[-89.6411,15.999],[-89.6403,15.9987],[-89.6402,15.998],[-89.6404,15.9973],[-89.6402,15.9967],[-89.6397,15.9962],[-89.6396,15.9961],[-89.6391,15.9954],[-89.6395,15.9948],[-89.6404,15.9945],[-89.6409,15.9947],[-89.6412,15.9948],[-89.6419,15.9941],[-89.6418,15.9936],[-89.6414,15.9932],[-89.641,15.9927],[-89.6409,15.9926],[-89.641,15.9921],[-89.6414,15.9918],[-89.6422,15.9917],[-89.6426,15.9917],[-89.6433,15.9917],[-89.6443,15.9917],[-89.6446,15.9914],[-89.6445,15.9907],[-89.6445,15.9907],[-89.6446,15.9901],[-89.645,15.9897],[-89.6456,15.9899],[-89.6459,15.9901],[-89.6464,15.9904],[-89.6466,15.9912],[-89.647,15.9916],[-89.6474,15.9915],[-89.6478,15.9909],[-89.6481,15.9902],[-89.6482,15.9897],[-89.648,15.9891],[-89.6474,15.9889],[-89.6468,15.9888],[-89.6464,15.9887],[-89.6462,15.9881],[-89.6462,15.987],[-89.6462,15.9862],[-89.6468,15.9854],[-89.6471,15.9854],[-89.6475,15.9853],[-89.6482,15.9857],[-89.6486,15.9856],[-89.6487,15.9849],[-89.6485,15.9842],[-89.6484,15.9821],[-89.6484,15.9818],[-89.6484,15.9813],[-89.6485,15.9805],[-89.6488,15.9802],[-89.6492,15.9797],[-89.6499,15.9798],[-89.6502,15.9796],[-89.6497,15.9788],[-89.6493,15.9782],[-89.6493,15.9782],[-89.6493,15.978],[-89.6494,15.9777],[-89.65,15.9772],[-89.6498,15.9763],[-89.6498,15.9763],[-89.6498,15.9758],[-89.65,15.9756],[-89.6502,15.9754],[-89.6509,15.9749],[-89.6514,15.9739],[-89.6515,15.9735],[-89.6515,15.9734],[-89.6524,15.9734],[-89.6539,15.9745],[-89.654,15.9751],[-89.6542,15.9759],[-89.6546,15.9765],[-89.6559,15.9771],[-89.6566,15.9769],[-89.6569,15.9769],[-89.6574,15.9768],[-89.6576,15.9773],[-89.6576,15.9773],[-89.6572,15.9778],[-89.6573,15.9784],[-89.6578,15.9785],[-89.6585,15.9786],[-89.6592,15.979],[-89.6595,15.979],[-89.6598,15.979],[-89.6604,15.9791],[-89.6609,15.9796],[-89.6609,15.9803],[-89.6609,15.981],[-89.6609,15.981],[-89.6615,15.9816],[-89.6622,15.9815],[-89.6625,15.9814],[-89.6634,15.9811],[-89.6643,15.9809],[-89.6643,15.9809],[-89.6649,15.9804],[-89.6647,15.9797],[-89.6647,15.9797],[-89.6643,15.9792],[-89.6637,15.9786],[-89.6636,15.9781],[-89.664,15.9776],[-89.665,15.9777],[-89.6655,15.9778],[-89.6656,15.9778],[-89.6664,15.9773],[-89.6666,15.9766],[-89.6663,15.976],[-89.6662,15.9758],[-89.6659,15.9752],[-89.6655,15.9742],[-89.6656,15.9735],[-89.666,15.9733],[-89.6662,15.9733],[-89.667,15.9735],[-89.6682,15.9734],[-89.6689,15.9732],[-89.6691,15.9731],[-89.6695,15.9732],[-89.6698,15.9735],[-89.67,15.9738],[-89.6704,15.9746],[-89.672,15.9744],[-89.6722,15.9743],[-89.6726,15.9739],[-89.6732,15.9734],[-89.6735,15.9735],[-89.6739,15.9735],[-89.6747,15.9737],[-89.6756,15.973],[-89.6757,15.9726],[-89.6758,15.9723],[-89.6769,15.9718],[-89.6782,15.9715],[-89.6787,15.972],[-89.6787,15.9727],[-89.6787,15.9728],[-89.679,15.9743],[-89.6795,15.9755],[-89.6799,15.9766],[-89.681,15.9772],[-89.6815,15.9775],[-89.6822,15.9779],[-89.6824,15.9783],[-89.6826,15.9786],[-89.6827,15.9792],[-89.6836,15.9798],[-89.6843,15.9796],[-89.6846,15.9795],[-89.685,15.9785],[-89.6855,15.978],[-89.6865,15.9783],[-89.6866,15.9791],[-89.687,15.9798],[-89.6879,15.9802],[-89.688,15.9802],[-89.6885,15.9802],[-89.6887,15.98],[-89.6893,15.9799],[-89.6897,15.9797],[-89.6899,15.9794],[-89.6897,15.9792],[-89.6893,15.9789],[-89.6892,15.9788],[-89.689,15.9785],[-89.6891,15.9782],[-89.6895,15.978],[-89.6898,15.9779],[-89.6902,15.9777],[-89.6908,15.9776],[-89.6916,15.9772],[-89.6924,15.977],[-89.6929,15.977],[-89.6936,15.9773],[-89.694,15.9772],[-89.6947,15.9766],[-89.6949,15.976],[-89.6949,15.9759],[-89.6953,15.9755],[-89.6957,15.9754],[-89.6966,15.9755],[-89.6972,15.9759],[-89.6973,15.9759],[-89.6979,15.9763],[-89.6982,15.9761],[-89.6986,15.9756],[-89.6988,15.975],[-89.6987,15.9746],[-89.6986,15.9742],[-89.6985,15.9738],[-89.6987,15.9732],[-89.6988,15.9731],[-89.6995,15.9727],[-89.6998,15.9722],[-89.6999,15.9712],[-89.7003,15.9705],[-89.7009,15.9699],[-89.7016,15.9693],[-89.7024,15.9686],[-89.7027,15.9677],[-89.7027,15.9669],[-89.7022,15.9662],[-89.7019,15.966],[-89.7013,15.9651],[-89.701,15.9648],[-89.7008,15.9638],[-89.701,15.9636],[-89.7012,15.9632],[-89.7017,15.9627],[-89.7018,15.9622],[-89.7019,15.9616],[-89.7027,15.9613],[-89.7032,15.9609],[-89.7035,15.9603],[-89.7039,15.96],[-89.7043,15.9597],[-89.7055,15.9597],[-89.7062,15.9599],[-89.7066,15.9601],[-89.7068,15.9608],[-89.7071,15.9617],[-89.7072,15.9623],[-89.7073,15.9627],[-89.7073,15.9629],[-89.7078,15.9634],[-89.7082,15.9636],[-89.709,15.9635],[-89.7093,15.9634],[-89.7095,15.9633],[-89.7104,15.9634],[-89.7112,15.9637],[-89.7116,15.9643],[-89.7118,15.9651],[-89.7117,15.9659],[-89.7117,15.9659],[-89.7117,15.9668],[-89.7122,15.9674],[-89.7128,15.9674],[-89.7135,15.9671],[-89.7138,15.9664],[-89.714,15.9656],[-89.7138,15.9646],[-89.7138,15.9638],[-89.7138,15.9638],[-89.7141,15.9634],[-89.7146,15.9631],[-89.7153,15.9628],[-89.7158,15.9628],[-89.7165,15.9628],[-89.717,15.963],[-89.7173,15.9633],[-89.7175,15.9637],[-89.7172,15.964],[-89.7165,15.9638],[-89.7159,15.9636],[-89.7155,15.9636],[-89.7154,15.9636],[-89.7149,15.9642],[-89.7148,15.965],[-89.7149,15.9652],[-89.7155,15.9654],[-89.717,15.9654],[-89.7174,15.9656],[-89.718,15.9659],[-89.7186,15.966],[-89.7192,15.9659],[-89.7197,15.9658],[-89.7201,15.9658],[-89.7209,15.9665],[-89.7214,15.9665],[-89.7223,15.966],[-89.7229,15.9656],[-89.7231,15.9656],[-89.7239,15.9654],[-89.7241,15.9655],[-89.7244,15.9656],[-89.7249,15.966],[-89.7256,15.9659],[-89.7262,15.9654],[-89.7265,15.9648],[-89.7272,15.9644],[-89.7279,15.9642],[-89.7287,15.9642],[-89.7293,15.9645],[-89.7298,15.9649],[-89.7305,15.9653],[-89.731,15.9649],[-89.7311,15.9645],[-89.7314,15.9642],[-89.7321,15.964],[-89.7322,15.9635],[-89.7322,15.963],[-89.7322,15.9625],[-89.7324,15.962],[-89.7328,15.9616],[-89.7335,15.9618],[-89.7338,15.9622],[-89.7344,15.9623],[-89.7346,15.962],[-89.7347,15.9616],[-89.735,15.961],[-89.7355,15.9608],[-89.7359,15.9606],[-89.7366,15.9602],[-89.7376,15.9602],[-89.738,15.9598],[-89.7382,15.9593],[-89.7384,15.9591],[-89.7391,15.9593],[-89.7399,15.9592],[-89.7404,15.9591],[-89.7408,15.9588],[-89.7409,15.9585],[-89.7414,15.9582],[-89.7418,15.9578],[-89.742,15.9574],[-89.7421,15.9569],[-89.7422,15.9566],[-89.7426,15.9563],[-89.7429,15.9562],[-89.7435,15.956],[-89.7439,15.956],[-89.7444,15.9558],[-89.7448,15.9554],[-89.745,15.9551],[-89.7452,15.9547],[-89.7453,15.9543],[-89.7456,15.9537],[-89.7459,15.9533],[-89.7466,15.9529],[-89.747,15.9523],[-89.7472,15.9518],[-89.7476,15.9515],[-89.748,15.9512],[-89.7481,15.9507],[-89.748,15.9503],[-89.7478,15.9499],[-89.7475,15.9494],[-89.747,15.9491],[-89.7461,15.9489],[-89.7456,15.9486],[-89.7452,15.9483],[-89.7437,15.9472],[-89.7433,15.9468],[-89.743,15.9463],[-89.7429,15.9462],[-89.7427,15.9458],[-89.7424,15.9455],[-89.7424,15.9455],[-89.7421,15.9454],[-89.7417,15.9452],[-89.7414,15.945],[-89.7413,15.9448],[-89.7414,15.9444],[-89.7418,15.9441],[-89.7422,15.9439],[-89.7423,15.9439],[-89.7427,15.9436],[-89.743,15.9431],[-89.7434,15.9426],[-89.7436,15.9422],[-89.7438,15.942],[-89.7442,15.9418],[-89.7443,15.9418],[-89.7446,15.9416],[-89.7451,15.9416],[-89.7455,15.9418],[-89.7459,15.9425],[-89.746,15.9427],[-89.746,15.9428],[-89.7462,15.9429],[-89.7465,15.9428],[-89.7471,15.9426],[-89.7477,15.9424],[-89.7481,15.9421],[-89.7483,15.9419],[-89.7485,15.9416],[-89.7487,15.9412],[-89.7486,15.9409],[-89.7485,15.9405],[-89.7483,15.94],[-89.7482,15.9397],[-89.7479,15.9392],[-89.7477,15.9388],[-89.7478,15.9386],[-89.748,15.9385],[-89.7483,15.9386],[-89.7486,15.9388],[-89.7487,15.9389],[-89.749,15.9389],[-89.7493,15.9388],[-89.7492,15.9383],[-89.7492,15.9381],[-89.749,15.9369],[-89.749,15.9368],[-89.7491,15.9365],[-89.7492,15.9361],[-89.7495,15.9356],[-89.7499,15.935],[-89.75,15.9346],[-89.7502,15.9341],[-89.7504,15.9336],[-89.7509,15.9329],[-89.751,15.9327],[-89.7511,15.9327],[-89.7515,15.9324],[-89.7517,15.9323],[-89.7518,15.9323],[-89.7524,15.9324],[-89.7535,15.9325],[-89.7541,15.9324],[-89.7544,15.9319],[-89.7546,15.9314],[-89.7549,15.9307],[-89.7555,15.9305],[-89.756,15.9307],[-89.7563,15.9314],[-89.7566,15.9317],[-89.7571,15.9317],[-89.7572,15.9315],[-89.7573,15.9308],[-89.7576,15.9302],[-89.758,15.9299],[-89.7582,15.9294],[-89.7581,15.9291],[-89.7574,15.9289],[-89.7573,15.9288],[-89.7569,15.9284],[-89.7567,15.9279],[-89.7567,15.9272],[-89.7569,15.9271],[-89.7573,15.9267],[-89.7581,15.9264],[-89.7584,15.9259],[-89.7585,15.9254],[-89.7591,15.925],[-89.7595,15.9245],[-89.7593,15.9238],[-89.7591,15.9234],[-89.759,15.9229],[-89.759,15.9228],[-89.759,15.9225],[-89.7591,15.9221],[-89.7593,15.9215],[-89.7597,15.921],[-89.7602,15.9208],[-89.7604,15.9208],[-89.7615,15.9209],[-89.7625,15.9211],[-89.7634,15.921],[-89.7643,15.9208],[-89.7649,15.9203],[-89.7656,15.92],[-89.7663,15.9196],[-89.7665,15.9195],[-89.7673,15.9192],[-89.7678,15.9192],[-89.768,15.9197],[-89.768,15.9199],[-89.7679,15.9201],[-89.7675,15.9204],[-89.7673,15.9209],[-89.7673,15.9212],[-89.768,15.9212],[-89.7688,15.9211],[-89.7703,15.921],[-89.7704,15.9212],[-89.7707,15.9216],[-89.7706,15.9221],[-89.7706,15.9221],[-89.7704,15.9225],[-89.7704,15.923],[-89.7706,15.9238],[-89.7717,15.9242],[-89.773,15.9242],[-89.7734,15.9236],[-89.7735,15.9235],[-89.7739,15.9228],[-89.7749,15.9227],[-89.7749,15.9227],[-89.7758,15.9229],[-89.7764,15.9226],[-89.7768,15.9221],[-89.777,15.922],[-89.7772,15.922],[-89.7799,15.9226],[-89.7809,15.9221],[-89.7861,15.919],[-89.7862,15.919],[-89.7862,15.9189],[-89.785,15.9162],[-89.7888,15.9159],[-89.7919,15.9159],[-89.7934,15.9113],[-89.7934,15.9112],[-89.7934,15.9112],[-89.7934,15.9084],[-89.7976,15.9079],[-89.8013,15.9086],[-89.8022,15.9083],[-89.8045,15.9076],[-89.8049,15.9074],[-89.8051,15.9079],[-89.8056,15.9091],[-89.806,15.9089],[-89.8097,15.9074],[-89.8127,15.9086],[-89.8137,15.909],[-89.8161,15.9099],[-89.8169,15.9097],[-89.8178,15.9095],[-89.8194,15.9091],[-89.8201,15.9093],[-89.8235,15.9102],[-89.8252,15.9106],[-89.8241,15.9077],[-89.824,15.9074],[-89.8241,15.9074],[-89.8262,15.9073],[-89.8305,15.9071],[-89.8343,15.9072],[-89.8363,15.9072],[-89.8381,15.9073],[-89.8405,15.9084],[-89.8406,15.9084],[-89.8448,15.9091],[-89.8449,15.9092],[-89.8462,15.9103],[-89.8463,15.9101],[-89.8465,15.9097],[-89.8468,15.9092],[-89.847,15.9092],[-89.8472,15.9092],[-89.8475,15.9096],[-89.8476,15.9097],[-89.8477,15.9097],[-89.8479,15.9097],[-89.8479,15.9096],[-89.8479,15.9093],[-89.8481,15.909],[-89.8484,15.9089],[-89.8486,15.909],[-89.8487,15.9091],[-89.8493,15.9097],[-89.8496,15.9098],[-89.8499,15.9097],[-89.85,15.9093],[-89.8498,15.9089],[-89.8496,15.9085],[-89.8497,15.9083],[-89.85,15.9082],[-89.8504,15.9083],[-89.8511,15.9085],[-89.8517,15.9086],[-89.8519,15.9084],[-89.8518,15.9079],[-89.8516,15.9069],[-89.8509,15.9059],[-89.851,15.9055],[-89.8511,15.9052],[-89.8515,15.905],[-89.852,15.9049],[-89.854,15.9055],[-89.8557,15.9053],[-89.8564,15.9049],[-89.8568,15.9046],[-89.8572,15.9045],[-89.8573,15.9045],[-89.8579,15.9043],[-89.8583,15.9044],[-89.8586,15.9045],[-89.8586,15.9049],[-89.8581,15.9054],[-89.8576,15.9057],[-89.8575,15.9059],[-89.8574,15.9061],[-89.8574,15.9064],[-89.8579,15.9069],[-89.8583,15.9071],[-89.8585,15.9071],[-89.8588,15.9068],[-89.859,15.9065],[-89.859,15.9064],[-89.8593,15.9062],[-89.8595,15.9061],[-89.8607,15.9067],[-89.8613,15.9069],[-89.8615,15.9071],[-89.8614,15.9074],[-89.8611,15.9076],[-89.8608,15.9079],[-89.8607,15.908],[-89.8606,15.9083],[-89.8607,15.9085],[-89.8609,15.9087],[-89.8614,15.9087],[-89.8621,15.9084],[-89.8629,15.9082],[-89.8639,15.9083],[-89.8642,15.9083],[-89.8646,15.908],[-89.8648,15.9079],[-89.8654,15.908],[-89.8655,15.9084],[-89.8653,15.909],[-89.8651,15.9091],[-89.8648,15.9091],[-89.8643,15.9091],[-89.8637,15.9093],[-89.8637,15.9093],[-89.8636,15.9094],[-89.8635,15.9097],[-89.8634,15.9102],[-89.8634,15.9106],[-89.8634,15.9108],[-89.8638,15.9111],[-89.8642,15.9111],[-89.8643,15.911],[-89.8648,15.9109],[-89.8649,15.9109],[-89.8651,15.911],[-89.8653,15.9114],[-89.8652,15.9121],[-89.8648,15.9122],[-89.8645,15.9121],[-89.8644,15.9121],[-89.8638,15.912],[-89.8636,15.9121],[-89.8637,15.9124],[-89.8641,15.9133],[-89.8643,15.9134],[-89.8648,15.9134],[-89.8653,15.9132],[-89.8656,15.9129],[-89.8658,15.9124],[-89.866,15.9122],[-89.8663,15.9119],[-89.8665,15.9118],[-89.867,15.9118],[-89.8676,15.9117],[-89.8684,15.9115],[-89.8687,15.9116],[-89.8691,15.912],[-89.8694,15.9124],[-89.8694,15.9131],[-89.8693,15.9144],[-89.8694,15.9148],[-89.8698,15.9153],[-89.8703,15.9156],[-89.8705,15.9158],[-89.8706,15.9163],[-89.8706,15.917],[-89.8706,15.917],[-89.8708,15.9173],[-89.8709,15.9173],[-89.8717,15.9177],[-89.8725,15.9182],[-89.8728,15.9189],[-89.8727,15.9191],[-89.8726,15.9193],[-89.872,15.9195],[-89.8714,15.9197],[-89.8709,15.9199],[-89.8701,15.9206],[-89.8692,15.921],[-89.8691,15.921],[-89.8684,15.9213],[-89.868,15.9218],[-89.868,15.9223],[-89.8679,15.9233],[-89.8681,15.9255],[-89.869,15.9278],[-89.869,15.9281],[-89.8691,15.9295],[-89.8692,15.9298],[-89.8698,15.9308],[-89.87,15.9317],[-89.8704,15.9337],[-89.8704,15.9338],[-89.8707,15.9341],[-89.8711,15.9343],[-89.8715,15.9342],[-89.8724,15.9335],[-89.873,15.9325],[-89.8732,15.932],[-89.8735,15.9312],[-89.8737,15.9311],[-89.8742,15.9312],[-89.8745,15.9315],[-89.8751,15.932],[-89.8758,15.9325],[-89.8768,15.9337],[-89.8777,15.9346],[-89.8778,15.9351],[-89.8788,15.9377],[-89.8789,15.9379],[-89.8793,15.9382],[-89.8801,15.9384],[-89.8808,15.9385],[-89.8823,15.9382],[-89.8835,15.9376],[-89.8853,15.9372],[-89.8864,15.9372],[-89.8876,15.9372],[-89.888,15.9375],[-89.8881,15.9379],[-89.888,15.9385],[-89.8873,15.9391],[-89.8867,15.9397],[-89.8847,15.9402],[-89.8842,15.9403],[-89.8841,15.9405],[-89.8838,15.9408],[-89.8837,15.9414],[-89.884,15.942],[-89.8844,15.9425],[-89.8852,15.9432],[-89.8859,15.9437],[-89.8867,15.9441],[-89.8877,15.9446],[-89.8902,15.9454],[-89.8915,15.9459],[-89.8917,15.946],[-89.8918,15.9461],[-89.8921,15.9465],[-89.8926,15.9468],[-89.8929,15.9469],[-89.8934,15.9468],[-89.8938,15.9465],[-89.8943,15.9463],[-89.8949,15.9459],[-89.8952,15.9458],[-89.8957,15.9456],[-89.8963,15.9457],[-89.8967,15.9461],[-89.897,15.9467],[-89.8972,15.9471],[-89.8971,15.9476],[-89.8969,15.9479],[-89.8966,15.9484],[-89.8956,15.9492],[-89.8952,15.9496],[-89.8948,15.95],[-89.8944,15.9507],[-89.8937,15.9515],[-89.8932,15.952],[-89.8926,15.9524],[-89.8919,15.9527],[-89.8909,15.953],[-89.89,15.9531],[-89.8887,15.9533],[-89.8882,15.9535],[-89.8878,15.9538],[-89.8875,15.9542],[-89.8873,15.9544],[-89.8872,15.9547],[-89.8872,15.955],[-89.8874,15.9554],[-89.8879,15.9558],[-89.8886,15.9564],[-89.889,15.9567],[-89.8892,15.9568],[-89.8895,15.957],[-89.8897,15.9573],[-89.89,15.9579],[-89.8901,15.9585],[-89.8901,15.9591],[-89.8902,15.9612],[-89.8917,15.9645],[-89.8921,15.9654],[-89.8942,15.9666],[-89.8953,15.9671],[-89.8961,15.9674],[-89.8966,15.9674],[-89.8972,15.9673],[-89.8983,15.967],[-89.8995,15.9665],[-89.9003,15.9659],[-89.9005,15.9656],[-89.9006,15.9651],[-89.9007,15.9645],[-89.9006,15.9625],[-89.9004,15.9618],[-89.9,15.9611],[-89.8995,15.9606],[-89.8988,15.9601],[-89.8988,15.96],[-89.8982,15.9597],[-89.8978,15.9592],[-89.8977,15.9586],[-89.8975,15.958],[-89.8975,15.9579],[-89.8974,15.957],[-89.8975,15.9564],[-89.8976,15.9559],[-89.898,15.9554],[-89.8985,15.9549],[-89.9002,15.9532],[-89.9013,15.953],[-89.9023,15.9531],[-89.9038,15.9534],[-89.9051,15.9534],[-89.9056,15.9534],[-89.9058,15.9535],[-89.9058,15.9541],[-89.9056,15.9552],[-89.9053,15.9564],[-89.9052,15.9572],[-89.905,15.9581],[-89.9046,15.9591],[-89.9046,15.9596],[-89.9046,15.9597],[-89.9049,15.9602],[-89.9053,15.961],[-89.9058,15.9616],[-89.9065,15.962],[-89.9075,15.9622],[-89.9082,15.9623],[-89.9086,15.9621],[-89.9096,15.9615],[-89.9102,15.9611],[-89.9108,15.9608],[-89.9116,15.9602],[-89.912,15.9597],[-89.9122,15.9593],[-89.9125,15.9593],[-89.913,15.9594],[-89.9138,15.9598],[-89.9146,15.9601],[-89.9149,15.9604],[-89.9152,15.9608],[-89.9153,15.9612],[-89.9154,15.9618],[-89.9154,15.9625],[-89.9155,15.9636],[-89.9154,15.9643],[-89.9154,15.9649],[-89.9154,15.9656],[-89.9152,15.966],[-89.9151,15.9666],[-89.9149,15.9671],[-89.9148,15.9675],[-89.9147,15.9679],[-89.9147,15.9682],[-89.9148,15.9684],[-89.9151,15.9686],[-89.9157,15.9689],[-89.9162,15.9691],[-89.9164,15.9693],[-89.9166,15.9692],[-89.9169,15.9692],[-89.9172,15.9691],[-89.9176,15.9689],[-89.9179,15.9686],[-89.9183,15.968],[-89.9188,15.9666],[-89.9191,15.966],[-89.9194,15.9654],[-89.9196,15.9653],[-89.9199,15.9652],[-89.9199,15.9652],[-89.9199,15.9652],[-89.9205,15.9652],[-89.921,15.9651],[-89.9213,15.9651],[-89.9217,15.9651],[-89.9219,15.9651],[-89.9224,15.9652],[-89.9231,15.9654],[-89.9237,15.9657],[-89.9243,15.966],[-89.9248,15.9666],[-89.9255,15.9673],[-89.9259,15.9678],[-89.9261,15.9684],[-89.9264,15.9689],[-89.9267,15.9695],[-89.927,15.9703],[-89.9272,15.971],[-89.9273,15.9713],[-89.9276,15.9724],[-89.928,15.9733],[-89.9284,15.9735],[-89.9289,15.9737],[-89.9294,15.9738],[-89.9301,15.9737],[-89.9306,15.9738],[-89.9309,15.9737],[-89.9315,15.9734],[-89.9318,15.973],[-89.9321,15.9724],[-89.9322,15.9716],[-89.9323,15.9707],[-89.9322,15.97],[-89.932,15.9693],[-89.9316,15.9679],[-89.9314,15.9672],[-89.9313,15.9672],[-89.9312,15.9664],[-89.9312,15.9658],[-89.9314,15.9653],[-89.9315,15.965],[-89.9319,15.9647],[-89.9326,15.9645],[-89.9327,15.9645],[-89.9337,15.9643],[-89.9344,15.9641],[-89.9347,15.9641],[-89.9352,15.964],[-89.9359,15.9639],[-89.9365,15.964],[-89.9372,15.964],[-89.9375,15.9641],[-89.9377,15.9643],[-89.9377,15.9645],[-89.9378,15.9652],[-89.9377,15.9662],[-89.9378,15.9667],[-89.9377,15.9671],[-89.9375,15.9677],[-89.9374,15.9682],[-89.9371,15.969],[-89.9369,15.9692],[-89.9369,15.9697],[-89.9369,15.9701],[-89.9369,15.9702],[-89.9371,15.9706],[-89.9374,15.9712],[-89.9377,15.9716],[-89.9381,15.9718],[-89.9386,15.9719],[-89.9394,15.972],[-89.9397,15.972],[-89.94,15.972],[-89.9406,15.9718],[-89.9415,15.9714],[-89.942,15.971],[-89.9423,15.9707],[-89.943,15.9703],[-89.9437,15.9698],[-89.9443,15.9694],[-89.9447,15.9686],[-89.9451,15.968],[-89.9453,15.9675],[-89.9457,15.9668],[-89.9459,15.9665],[-89.946,15.9663],[-89.9463,15.9661],[-89.9467,15.966],[-89.9472,15.9662],[-89.9477,15.9664],[-89.9483,15.9667],[-89.9485,15.9669],[-89.9486,15.9671],[-89.9485,15.9675],[-89.9483,15.968],[-89.9479,15.9685],[-89.9474,15.9691],[-89.947,15.9698],[-89.9468,15.9703],[-89.9468,15.9704],[-89.9467,15.9708],[-89.9466,15.9718],[-89.9467,15.9723],[-89.9468,15.9728],[-89.9468,15.9734],[-89.9466,15.9738],[-89.9465,15.9746],[-89.9466,15.9752],[-89.9468,15.9756],[-89.947,15.976],[-89.9476,15.9769],[-89.9481,15.9775],[-89.9488,15.9782],[-89.9495,15.9786],[-89.9502,15.979],[-89.9508,15.9792],[-89.9514,15.9792],[-89.9519,15.9792],[-89.9525,15.9791],[-89.9534,15.9789],[-89.9541,15.9787],[-89.9549,15.9783],[-89.9556,15.9782],[-89.9564,15.9781],[-89.9576,15.9781],[-89.9587,15.9783],[-89.9601,15.9786],[-89.9612,15.9789],[-89.9618,15.9791],[-89.9621,15.9794],[-89.9623,15.9795],[-89.9625,15.9798],[-89.9628,15.9804],[-89.9628,15.9807],[-89.9628,15.9814],[-89.9626,15.9822],[-89.9624,15.9825],[-89.9622,15.9828],[-89.962,15.9833],[-89.9617,15.9837],[-89.9614,15.9842],[-89.9608,15.9846],[-89.9603,15.985],[-89.9598,15.9855],[-89.9595,15.986],[-89.9592,15.9866],[-89.9591,15.9872],[-89.959,15.9878],[-89.9589,15.9881],[-89.9586,15.9883],[-89.9581,15.9885],[-89.9574,15.9885],[-89.9562,15.9885],[-89.9557,15.9885],[-89.9553,15.9888],[-89.9549,15.9891],[-89.9546,15.9897],[-89.9541,15.9902],[-89.9539,15.9906],[-89.9539,15.9907],[-89.9538,15.9911],[-89.9538,15.9915],[-89.9539,15.9918],[-89.9542,15.9918],[-89.9548,15.9918],[-89.9562,15.9916],[-89.9574,15.9914],[-89.9583,15.9913],[-89.9587,15.9913],[-89.9593,15.9913],[-89.9597,15.991],[-89.9607,15.9903],[-89.9614,15.9894],[-89.962,15.9883],[-89.9625,15.9878],[-89.9632,15.9874],[-89.9637,15.9871],[-89.9642,15.9867],[-89.9648,15.9866],[-89.9652,15.9866],[-89.9659,15.9867],[-89.9662,15.9868],[-89.9664,15.9868],[-89.9668,15.9872],[-89.9671,15.9876],[-89.9675,15.988],[-89.9677,15.9883],[-89.9676,15.9887],[-89.9674,15.9891],[-89.9672,15.9898],[-89.9668,15.9909],[-89.9665,15.9915],[-89.9663,15.9923],[-89.9661,15.9934],[-89.9661,15.9942],[-89.966,15.9945],[-89.9656,15.9953],[-89.9651,15.9957],[-89.9643,15.9963],[-89.9635,15.9967],[-89.9626,15.9971],[-89.9619,15.9974],[-89.9612,15.9979],[-89.961,15.9983],[-89.9609,15.9986],[-89.9611,15.9996],[-89.9611,16.0002],[-89.9611,16.0003],[-89.9613,16.0014],[-89.9614,16.0021],[-89.9616,16.0028],[-89.962,16.0034],[-89.9626,16.004],[-89.9632,16.0044],[-89.9642,16.0051],[-89.9655,16.0059],[-89.9699,16.0076],[-89.9733,16.008],[-89.9769,16.0073],[-89.978,16.0086],[-89.9783,16.0113],[-89.9776,16.0132],[-89.9787,16.0144],[-89.9824,16.0142],[-89.9836,16.0131],[-89.9844,16.0122],[-89.9876,16.0089],[-89.9876,16.0075],[-89.9875,16.0075],[-89.9819,16.0068],[-89.9807,16.0055],[-89.9807,16.0033],[-89.9823,15.9995],[-89.9826,15.9987],[-89.9823,15.9983],[-89.9811,15.9968],[-89.9811,15.9967],[-89.981,15.9967],[-89.9788,15.9953],[-89.9792,15.9931],[-89.9802,15.99],[-89.9819,15.9898],[-89.9821,15.9901],[-89.9831,15.9915],[-89.9828,15.9948],[-89.985,15.9954],[-89.9872,15.9944],[-89.988,15.9944],[-89.9884,15.9944],[-89.9887,15.9959],[-89.989,15.9969],[-89.9891,15.9984],[-89.9892,15.999],[-89.9892,15.9997],[-89.9895,16.0004],[-89.9898,16.0007],[-89.9904,16.001],[-89.9914,16.0012],[-89.9923,16.0013],[-89.9928,16.0013],[-89.9938,16.0009],[-89.9955,16.0001],[-89.9959,15.9999],[-89.997,15.9992],[-89.9978,15.9986],[-89.9986,15.9984],[-89.9991,15.9983],[-89.9995,15.9983],[-90.0002,15.9986],[-90.001,15.9989],[-90.0018,15.9995],[-90.0024,15.9999],[-90.0031,16.0001],[-90.0039,16.0002],[-90.0047,16.0001],[-90.0053,15.9998],[-90.006,15.9993],[-90.0067,15.9985],[-90.0084,15.996],[-90.0094,15.9947],[-90.0103,15.9937],[-90.011,15.9929],[-90.0117,15.9922],[-90.0123,15.9918],[-90.0128,15.9917],[-90.0133,15.9917],[-90.0144,15.9921],[-90.0152,15.9925],[-90.016,15.9931],[-90.0166,15.9935],[-90.0169,15.994],[-90.017,15.9941],[-90.0171,15.9945],[-90.0172,15.9952],[-90.017,15.9958],[-90.0165,15.9967],[-90.0159,15.9974],[-90.0153,15.9979],[-90.0142,15.9985],[-90.0132,15.9989],[-90.0121,15.9995],[-90.0115,16],[-90.0114,16.0001],[-90.0109,16.0007],[-90.0106,16.0013],[-90.0104,16.0022],[-90.0103,16.003],[-90.0103,16.0038],[-90.0104,16.0045],[-90.011,16.0062],[-90.0118,16.0083],[-90.0122,16.0092],[-90.0126,16.0097],[-90.0132,16.0101],[-90.0138,16.0104],[-90.0146,16.0106],[-90.0154,16.0106],[-90.0164,16.0101],[-90.0174,16.0097],[-90.0183,16.0094],[-90.02,16.0089],[-90.0212,16.0085],[-90.0224,16.0079],[-90.0237,16.0076],[-90.0247,16.0074],[-90.0258,16.0074],[-90.027,16.0076],[-90.0278,16.0079],[-90.0288,16.0084],[-90.0298,16.0091],[-90.0304,16.0099],[-90.0311,16.0108],[-90.0321,16.012],[-90.0327,16.0127],[-90.0332,16.0137],[-90.0343,16.0151],[-90.0347,16.0156],[-90.0351,16.0158],[-90.0356,16.0158],[-90.0362,16.0156],[-90.0366,16.0152],[-90.0372,16.0148],[-90.0375,16.0145],[-90.038,16.0138],[-90.0385,16.0131],[-90.0391,16.0123],[-90.0394,16.0114],[-90.0394,16.0114],[-90.0394,16.0105],[-90.0393,16.0096],[-90.0389,16.0086],[-90.0385,16.0071],[-90.0382,16.006],[-90.0381,16.0049],[-90.038,16.0038],[-90.038,16.0026],[-90.0383,16.0018],[-90.0386,16.0009],[-90.0389,16.0005],[-90.0392,16],[-90.0402,15.9989],[-90.0408,15.9979],[-90.0416,15.997],[-90.042,15.9964],[-90.0424,15.9953],[-90.0426,15.9946],[-90.0428,15.9936],[-90.0431,15.9929],[-90.0436,15.9924],[-90.0441,15.992],[-90.0447,15.9916],[-90.0452,15.9915],[-90.0457,15.9916],[-90.0476,15.9922],[-90.0485,15.9925],[-90.0494,15.9928],[-90.05,15.993],[-90.0694,15.9993],[-90.075,16.0011],[-90.1681,16.031],[-90.2133,16.0449],[-90.2979,16.0559],[-90.365,16.0642],[-90.4391,16.0737],[-90.4422,16.074],[-90.4419,16.0728],[-90.4411,16.0701],[-90.4381,16.0646],[-90.4362,16.0628],[-90.4351,16.0622],[-90.4332,16.0622],[-90.432,16.0626],[-90.4309,16.0636],[-90.4294,16.0662],[-90.428,16.0679],[-90.4266,16.0691],[-90.4243,16.0698],[-90.4232,16.07],[-90.4209,16.0697],[-90.4198,16.0694],[-90.4186,16.0682],[-90.418,16.0669],[-90.4179,16.0654],[-90.4184,16.0643],[-90.4189,16.0636],[-90.4194,16.063],[-90.4225,16.0615],[-90.4263,16.0579],[-90.4279,16.0562],[-90.4285,16.0552],[-90.4287,16.0541],[-90.429,16.0517],[-90.4291,16.05],[-90.4302,16.048],[-90.4321,16.0456],[-90.4337,16.0442],[-90.4342,16.0441],[-90.4351,16.0438],[-90.4367,16.044],[-90.4381,16.0444],[-90.4396,16.0458],[-90.4405,16.0464],[-90.4412,16.0464],[-90.4422,16.0458],[-90.4425,16.0444],[-90.4423,16.0434],[-90.4423,16.0431],[-90.4413,16.0416],[-90.4404,16.041],[-90.4373,16.0418],[-90.4346,16.0416],[-90.4321,16.0411],[-90.4292,16.0401],[-90.4279,16.039],[-90.4265,16.0372],[-90.4251,16.0348],[-90.4244,16.0322],[-90.4237,16.0293],[-90.4236,16.0276],[-90.4236,16.0259],[-90.4239,16.025],[-90.4239,16.0243],[-90.4235,16.0235],[-90.4236,16.0228],[-90.4239,16.0223],[-90.4246,16.022],[-90.4253,16.022],[-90.4253,16.022],[-90.4263,16.0224],[-90.427,16.023],[-90.4275,16.0241],[-90.4284,16.0254],[-90.4297,16.0273],[-90.4314,16.0287],[-90.4331,16.0298],[-90.435,16.0306],[-90.4368,16.0306],[-90.4385,16.0306],[-90.4394,16.0303],[-90.4402,16.03],[-90.4403,16.029],[-90.4405,16.0277],[-90.4403,16.0241],[-90.4403,16.0222],[-90.4417,16.0203],[-90.4421,16.0198],[-90.4433,16.0182],[-90.4438,16.0175],[-90.4444,16.0165],[-90.445,16.0158],[-90.4457,16.0152],[-90.4466,16.0148],[-90.4482,16.0143],[-90.4505,16.0144],[-90.452,16.015],[-90.4521,16.015],[-90.4531,16.0158],[-90.4544,16.0169],[-90.455,16.017],[-90.456,16.0169],[-90.457,16.0164],[-90.4588,16.0147],[-90.4591,16.0135],[-90.4593,16.0129],[-90.4608,16.0102],[-90.4623,16.0084],[-90.4626,16.0081],[-90.4651,16.0057],[-90.4672,16.0043],[-90.47,16.0038],[-90.4713,16.0035],[-90.4722,16.0036],[-90.4731,16.0044],[-90.4741,16.0053],[-90.4743,16.0065],[-90.4745,16.0073],[-90.4745,16.0122],[-90.4746,16.0141],[-90.475,16.0152],[-90.4755,16.0159],[-90.4773,16.0169],[-90.4797,16.018],[-90.4824,16.0179],[-90.4838,16.0176],[-90.4876,16.016],[-90.4896,16.0143],[-90.4907,16.0124],[-90.4909,16.0099],[-90.491,16.0096],[-90.491,16.0068],[-90.4913,16.0058],[-90.4916,16.0052],[-90.4924,16.004],[-90.4951,16.0003],[-90.4964,15.9971],[-90.4976,15.9912],[-90.4981,15.9898],[-90.4987,15.9883],[-90.4993,15.9882],[-90.5006,15.9876],[-90.5015,15.9873],[-90.5023,15.987],[-90.5032,15.9866],[-90.5037,15.9862],[-90.5043,15.9857],[-90.505,15.9851],[-90.5053,15.9846],[-90.5056,15.9842],[-90.5061,15.9839],[-90.5067,15.9838],[-90.5076,15.9838],[-90.5083,15.9838],[-90.509,15.9836],[-90.5104,15.9829],[-90.5112,15.9827],[-90.5117,15.9826],[-90.5122,15.9825],[-90.5126,15.9825],[-90.5131,15.9826],[-90.5131,15.9826],[-90.5137,15.9827],[-90.5138,15.9828],[-90.514,15.9831],[-90.514,15.9834],[-90.5139,15.9838],[-90.5137,15.9842],[-90.513,15.9847],[-90.5117,15.9854],[-90.5108,15.9856],[-90.5099,15.9858],[-90.5092,15.986],[-90.5077,15.9869],[-90.5064,15.9875],[-90.5054,15.9886],[-90.5047,15.9894],[-90.5038,15.9902],[-90.5029,15.9908],[-90.5017,15.9911],[-90.5014,15.991],[-90.5007,15.991],[-90.5002,15.991],[-90.4992,15.9911],[-90.4988,15.9917],[-90.4992,15.9936],[-90.4989,15.9948],[-90.4989,15.9961],[-90.499,15.9972],[-90.4994,15.9983],[-90.4998,15.9992],[-90.5003,16.0001],[-90.5008,16.0008],[-90.5016,16.0011],[-90.503,16.0014],[-90.5041,16.0011],[-90.5051,16.0006],[-90.5057,15.9993],[-90.5061,15.9982],[-90.5063,15.9971],[-90.5061,15.9963],[-90.5062,15.9957],[-90.5063,15.9951],[-90.5067,15.994],[-90.5074,15.9933],[-90.5076,15.9932],[-90.5082,15.993],[-90.5091,15.9927],[-90.5105,15.9929],[-90.5116,15.9932],[-90.5128,15.9937],[-90.5139,15.9942],[-90.515,15.9943],[-90.5162,15.9941],[-90.5175,15.9937],[-90.5185,15.9932],[-90.5192,15.9925],[-90.5199,15.9916],[-90.5207,15.9908],[-90.5213,15.9903],[-90.522,15.99],[-90.5228,15.9899],[-90.5234,15.9902],[-90.5238,15.9904],[-90.5243,15.9914],[-90.524,15.9922],[-90.5237,15.993],[-90.5231,15.9938],[-90.5222,15.9951],[-90.5213,15.9958],[-90.5203,15.9966],[-90.5196,15.9974],[-90.5196,15.9975],[-90.5188,15.998],[-90.5176,15.9993],[-90.5173,16.0008],[-90.5176,16.0014],[-90.5182,16.0019],[-90.519,16.002],[-90.5203,16.0023],[-90.5214,16.0019],[-90.5217,16.0019],[-90.5226,16.0014],[-90.5237,16.0009],[-90.5247,16.0005],[-90.5259,16.0002],[-90.5261,16.0002],[-90.5271,16.0004],[-90.5279,16.0008],[-90.5289,16.0016],[-90.5296,16.0026],[-90.5303,16.0033],[-90.531,16.0037],[-90.5322,16.0042],[-90.5329,16.0044],[-90.534,16.0046],[-90.5352,16.0047],[-90.5363,16.0045],[-90.5379,16.0041],[-90.5388,16.0033],[-90.5397,16.0021],[-90.5401,16.0014],[-90.5402,16.0002],[-90.5398,15.9994],[-90.5397,15.9984],[-90.5397,15.9979],[-90.5397,15.9972],[-90.5402,15.996],[-90.5403,15.9957],[-90.5405,15.9956],[-90.5412,15.9952],[-90.5419,15.9953],[-90.5424,15.9954],[-90.5429,15.9956],[-90.5433,15.9963],[-90.5437,15.9969],[-90.5437,15.997],[-90.5438,15.9975],[-90.5441,15.9985],[-90.5443,15.9994],[-90.5445,16.0003],[-90.5446,16.0005],[-90.5449,16.0012],[-90.5452,16.0021],[-90.5456,16.0028],[-90.5463,16.0033],[-90.5469,16.0034],[-90.5474,16.0035],[-90.5485,16.0035],[-90.5498,16.0034],[-90.5511,16.0031],[-90.5521,16.0029],[-90.5525,16.0027],[-90.5529,16.0026],[-90.5535,16.002],[-90.5539,16.0012],[-90.554,16.0004],[-90.554,15.9998],[-90.5541,15.9991],[-90.5542,15.9982],[-90.5545,15.9975],[-90.5547,15.9968],[-90.5548,15.9963],[-90.5549,15.9961],[-90.5552,15.9954],[-90.5558,15.9946],[-90.5565,15.994],[-90.5573,15.9935],[-90.5582,15.9935],[-90.5583,15.9936],[-90.5589,15.9939],[-90.5592,15.9946],[-90.5594,15.9954],[-90.5595,15.9959],[-90.5593,15.9968],[-90.559,15.9979],[-90.559,15.999],[-90.5592,16],[-90.5595,16.0006],[-90.5597,16.0021],[-90.5606,16.0026],[-90.5618,16.0027],[-90.5629,16.0025],[-90.5637,16.0019],[-90.5645,16.0015],[-90.565,16.0006],[-90.5653,15.9997],[-90.5654,15.9989],[-90.5655,15.9983],[-90.5656,15.998],[-90.5659,15.9974],[-90.5663,15.9968],[-90.5668,15.9962],[-90.5676,15.9958],[-90.5683,15.9956],[-90.5692,15.9953],[-90.5698,15.9952],[-90.5705,15.9954],[-90.5713,15.9956],[-90.5715,15.9956],[-90.5724,15.9957],[-90.5734,15.9956],[-90.5743,15.9956],[-90.575,15.9956],[-90.5756,15.9956],[-90.5759,15.9957],[-90.5764,15.9961],[-90.5767,15.997],[-90.5766,15.9978],[-90.576,15.9988],[-90.5756,15.9998],[-90.5753,16.0006],[-90.575,16.0017],[-90.5749,16.0025],[-90.5749,16.0034],[-90.5752,16.0046],[-90.5755,16.0056],[-90.5759,16.0064],[-90.5764,16.007],[-90.5774,16.0076],[-90.578,16.0078],[-90.5791,16.0081],[-90.5801,16.0083],[-90.5808,16.0085],[-90.5817,16.0092],[-90.5823,16.01],[-90.5829,16.011],[-90.5832,16.0119],[-90.5835,16.0127],[-90.5841,16.0136],[-90.5849,16.014],[-90.5861,16.0143],[-90.5872,16.0144],[-90.5884,16.0146],[-90.5893,16.0148],[-90.5908,16.0149],[-90.5919,16.0147],[-90.5933,16.0142],[-90.5949,16.0136],[-90.5953,16.0134],[-90.5968,16.0128],[-90.5983,16.0124],[-90.5998,16.012],[-90.6019,16.0114],[-90.6038,16.011],[-90.6039,16.011],[-90.6052,16.0108],[-90.6075,16.0108],[-90.6081,16.0108],[-90.6092,16.0113],[-90.6103,16.0119],[-90.6108,16.0126],[-90.6119,16.0136],[-90.612,16.0144],[-90.6121,16.0151],[-90.6122,16.016],[-90.6122,16.0166],[-90.6118,16.0173],[-90.6114,16.0177],[-90.6103,16.0181],[-90.6092,16.0188],[-90.6079,16.0193],[-90.6066,16.0196],[-90.6057,16.0196],[-90.6047,16.0193],[-90.6038,16.0188],[-90.6028,16.0183],[-90.602,16.0179],[-90.6019,16.0178],[-90.6007,16.0175],[-90.5996,16.0173],[-90.5985,16.0173],[-90.5975,16.0175],[-90.5966,16.0179],[-90.5962,16.0184],[-90.5961,16.0185],[-90.5956,16.0194],[-90.5953,16.0202],[-90.5952,16.0213],[-90.5953,16.0221],[-90.5953,16.0236],[-90.5957,16.025],[-90.5963,16.0263],[-90.5971,16.0275],[-90.5976,16.0282],[-90.5979,16.0291],[-90.5978,16.0298],[-90.5973,16.0307],[-90.5969,16.0314],[-90.5965,16.0322],[-90.5963,16.0327],[-90.5962,16.033],[-90.5962,16.0341],[-90.5965,16.0347],[-90.5973,16.0362],[-90.5981,16.0365],[-90.5995,16.0369],[-90.601,16.0368],[-90.6021,16.0365],[-90.6037,16.0355],[-90.6048,16.0343],[-90.6054,16.0336],[-90.6063,16.0329],[-90.6073,16.0322],[-90.6082,16.0315],[-90.6087,16.0309],[-90.6098,16.0295],[-90.6101,16.029],[-90.6116,16.0273],[-90.6123,16.0258],[-90.6129,16.0249],[-90.6133,16.0243],[-90.6144,16.0236],[-90.6153,16.0235],[-90.6165,16.0235],[-90.6165,16.0235],[-90.6181,16.0239],[-90.6192,16.0248],[-90.6201,16.0256],[-90.6208,16.0263],[-90.6211,16.0267],[-90.6217,16.0276],[-90.6222,16.0287],[-90.6233,16.0293],[-90.6249,16.0305],[-90.6265,16.0317],[-90.627,16.0323],[-90.6273,16.0325],[-90.6288,16.0332],[-90.6296,16.0338],[-90.6302,16.0345],[-90.6309,16.0355],[-90.6314,16.0364],[-90.632,16.0373],[-90.6324,16.0381],[-90.6328,16.0386],[-90.633,16.0389],[-90.6335,16.0394],[-90.6341,16.0399],[-90.6353,16.0403],[-90.6369,16.0401],[-90.6386,16.0394],[-90.6398,16.0389],[-90.6413,16.0381],[-90.6422,16.0376],[-90.6436,16.0367],[-90.6448,16.0364],[-90.6462,16.0363],[-90.647,16.0363],[-90.6479,16.0364],[-90.648,16.0364],[-90.6482,16.0365],[-90.6485,16.0366],[-90.6499,16.0373],[-90.6507,16.0377],[-90.6513,16.0384],[-90.6514,16.0388],[-90.6515,16.039],[-90.6518,16.0399],[-90.6518,16.0402],[-90.6518,16.0403],[-90.6519,16.0409],[-90.6522,16.0415],[-90.6528,16.0418],[-90.6534,16.0417],[-90.6543,16.0415],[-90.6549,16.0412],[-90.6555,16.0407],[-90.6561,16.0399],[-90.6564,16.0391],[-90.6568,16.0382],[-90.6569,16.0376],[-90.6569,16.0376],[-90.6572,16.0365],[-90.6575,16.0358],[-90.6582,16.0353],[-90.6588,16.0351],[-90.6602,16.0356],[-90.6603,16.0356],[-90.6611,16.0361],[-90.6616,16.0369],[-90.6622,16.0374],[-90.6629,16.0376],[-90.6639,16.038],[-90.665,16.0385],[-90.6666,16.0391],[-90.6679,16.0395],[-90.6686,16.0394],[-90.6691,16.0393],[-90.6695,16.039],[-90.6698,16.0385],[-90.6702,16.038],[-90.6705,16.0373],[-90.6707,16.0371],[-90.6708,16.0368],[-90.6713,16.0359],[-90.6715,16.0353],[-90.6715,16.0352],[-90.6716,16.0351],[-90.6718,16.0343],[-90.672,16.0333],[-90.6722,16.0323],[-90.6723,16.0322],[-90.6725,16.0313],[-90.6728,16.0303],[-90.6732,16.0296],[-90.6738,16.029],[-90.6748,16.0283],[-90.6751,16.0282],[-90.6755,16.028],[-90.6756,16.0279],[-90.6759,16.0278],[-90.6764,16.0276],[-90.6767,16.0275],[-90.6769,16.0273],[-90.6772,16.027],[-90.6774,16.0266],[-90.6777,16.0263],[-90.6777,16.0263],[-90.678,16.0261],[-90.6783,16.026],[-90.6788,16.0258],[-90.6792,16.0257],[-90.6797,16.0256],[-90.6802,16.0256],[-90.6806,16.0255],[-90.6809,16.0255],[-90.681,16.0254],[-90.681,16.0251],[-90.6809,16.0248],[-90.6809,16.0245],[-90.681,16.0242],[-90.681,16.024],[-90.681,16.0238],[-90.681,16.0234],[-90.6814,16.023],[-90.6817,16.0226],[-90.6819,16.0224],[-90.6824,16.0221],[-90.6836,16.0215],[-90.6842,16.0213],[-90.6852,16.021],[-90.686,16.0207],[-90.688,16.0201],[-90.6892,16.0196],[-90.6902,16.0191],[-90.6911,16.0183],[-90.6912,16.0182],[-90.6921,16.0176],[-90.6925,16.0174],[-90.6939,16.017],[-90.6953,16.017],[-90.6964,16.0173],[-90.6976,16.0177],[-90.6979,16.0179],[-90.6983,16.0183],[-90.699,16.019],[-90.6994,16.0196],[-90.6999,16.0201],[-90.7005,16.0204],[-90.7009,16.0205],[-90.7011,16.0205],[-90.7014,16.0202],[-90.7016,16.0198],[-90.7019,16.0193],[-90.702,16.0187],[-90.702,16.0181],[-90.702,16.0175],[-90.7019,16.0171],[-90.7018,16.0166],[-90.7016,16.0158],[-90.7013,16.0151],[-90.7007,16.0137],[-90.6996,16.0121],[-90.6992,16.0116],[-90.6986,16.0109],[-90.6979,16.0102],[-90.6972,16.0096],[-90.6963,16.0091],[-90.6958,16.0087],[-90.6952,16.0082],[-90.6948,16.0077],[-90.6945,16.0069],[-90.6943,16.0062],[-90.6943,16.0051],[-90.6945,16.004],[-90.6948,16.003],[-90.6951,16.002],[-90.6952,16.0009],[-90.6951,15.9999],[-90.6951,15.9993],[-90.6951,15.9986],[-90.695,15.9978],[-90.695,15.9975],[-90.6951,15.9971],[-90.6953,15.9967],[-90.6957,15.9965],[-90.6966,15.9964],[-90.6972,15.9966],[-90.702,15.9987],[-90.7032,15.9988],[-90.7047,15.9984],[-90.7062,15.9979],[-90.7073,15.9972],[-90.708,15.9962],[-90.7084,15.9954],[-90.7085,15.9954],[-90.7087,15.994],[-90.7087,15.9926],[-90.7083,15.9915],[-90.708,15.9904],[-90.7079,15.9903],[-90.7075,15.9892],[-90.707,15.9883],[-90.7058,15.9867],[-90.7049,15.9859],[-90.704,15.9849],[-90.7031,15.9842],[-90.7023,15.9833],[-90.7017,15.9822],[-90.7017,15.9811],[-90.7016,15.979],[-90.7018,15.9779],[-90.7019,15.9775],[-90.702,15.9767],[-90.7025,15.9753],[-90.7031,15.9745],[-90.704,15.9737],[-90.705,15.9733],[-90.7066,15.9729],[-90.708,15.9728],[-90.7091,15.973],[-90.7096,15.9731],[-90.7103,15.9734],[-90.7109,15.974],[-90.7116,15.9745],[-90.7121,15.9753],[-90.7126,15.9762],[-90.7136,15.9769],[-90.7146,15.9774],[-90.7157,15.9777],[-90.7167,15.9779],[-90.7179,15.9782],[-90.7191,15.9787],[-90.7201,15.9791],[-90.721,15.9797],[-90.7218,15.9803],[-90.7228,15.9809],[-90.7235,15.9813],[-90.7241,15.9819],[-90.725,15.9827],[-90.7262,15.9832],[-90.7273,15.9838],[-90.7283,15.9841],[-90.7293,15.9843],[-90.7304,15.9844],[-90.7318,15.9844],[-90.7332,15.9843],[-90.7341,15.9841],[-90.735,15.9838],[-90.7361,15.9831],[-90.7368,15.9826],[-90.7372,15.9821],[-90.7375,15.9814],[-90.7378,15.9805],[-90.7378,15.9798],[-90.7378,15.979],[-90.7376,15.9782],[-90.7373,15.9774],[-90.7369,15.9765],[-90.7369,15.9765],[-90.7365,15.9756],[-90.7361,15.9748],[-90.7359,15.9737],[-90.7359,15.9736],[-90.7361,15.9727],[-90.7364,15.9713],[-90.7369,15.9702],[-90.7374,15.9692],[-90.7382,15.9686],[-90.7395,15.968],[-90.74,15.9676],[-90.7409,15.9672],[-90.7421,15.9668],[-90.7431,15.9667],[-90.7441,15.9668],[-90.7451,15.9669],[-90.746,15.9672],[-90.7466,15.9675],[-90.7471,15.968],[-90.7474,15.9684],[-90.7477,15.9688],[-90.748,15.969],[-90.7486,15.9691],[-90.749,15.969],[-90.7497,15.9689],[-90.7502,15.9687],[-90.7508,15.9685],[-90.7512,15.9682],[-90.7522,15.9677],[-90.7528,15.9672],[-90.7533,15.9668],[-90.7544,15.9662],[-90.7553,15.9658],[-90.7564,15.9655],[-90.7573,15.9654],[-90.7581,15.9652],[-90.7589,15.965],[-90.7596,15.9644],[-90.7601,15.9639],[-90.7607,15.9633],[-90.7611,15.9627],[-90.7613,15.9619],[-90.7613,15.961],[-90.761,15.9605],[-90.7604,15.9597],[-90.7597,15.959],[-90.7589,15.9584],[-90.7587,15.9583],[-90.7577,15.9579],[-90.7561,15.9574],[-90.7548,15.9568],[-90.7537,15.9559],[-90.7529,15.9552],[-90.7522,15.9542],[-90.7516,15.9528],[-90.7511,15.9517],[-90.7509,15.951],[-90.7507,15.9504],[-90.7502,15.9492],[-90.7497,15.9482],[-90.7493,15.9475],[-90.749,15.9469],[-90.7487,15.9463],[-90.7483,15.9455],[-90.7481,15.9452],[-90.7478,15.9448],[-90.7473,15.9445],[-90.7469,15.9442],[-90.7464,15.9438],[-90.7459,15.9433],[-90.7454,15.9432],[-90.745,15.9432],[-90.7444,15.9434],[-90.7442,15.9434],[-90.7438,15.9437],[-90.7437,15.9438],[-90.7432,15.9446],[-90.7429,15.9452],[-90.7421,15.9457],[-90.7413,15.9462],[-90.7406,15.9465],[-90.74,15.9468],[-90.7393,15.9472],[-90.7388,15.9476],[-90.7386,15.9481],[-90.7383,15.9486],[-90.738,15.9491],[-90.7376,15.9494],[-90.7366,15.9494],[-90.7358,15.9491],[-90.7353,15.9489],[-90.7345,15.9485],[-90.734,15.9481],[-90.7335,15.9476],[-90.7333,15.9471],[-90.733,15.9464],[-90.7333,15.9454],[-90.7336,15.9448],[-90.7339,15.9441],[-90.7345,15.9434],[-90.7349,15.9429],[-90.7352,15.9425],[-90.7358,15.9418],[-90.7365,15.9407],[-90.7371,15.9396],[-90.7373,15.9389],[-90.7376,15.9376],[-90.7378,15.9368],[-90.738,15.9361],[-90.7382,15.9352],[-90.7382,15.9347],[-90.7381,15.9339],[-90.7379,15.9333],[-90.7377,15.9327],[-90.7375,15.9321],[-90.7376,15.9313],[-90.7379,15.9305],[-90.7382,15.9296],[-90.739,15.9287],[-90.7401,15.928],[-90.7409,15.9273],[-90.7418,15.9266],[-90.7426,15.9261],[-90.7436,15.9256],[-90.7444,15.9253],[-90.7453,15.925],[-90.746,15.9248],[-90.7468,15.9242],[-90.7476,15.9235],[-90.7485,15.9228],[-90.7495,15.9221],[-90.7502,15.9215],[-90.7505,15.9209],[-90.7507,15.9203],[-90.7511,15.9197],[-90.7517,15.9189],[-90.7524,15.918],[-90.7528,15.9173],[-90.7531,15.9168],[-90.7531,15.9162],[-90.7528,15.9145],[-90.7526,15.9138],[-90.7524,15.9133],[-90.7521,15.9124],[-90.7518,15.9111],[-90.7517,15.9091],[-90.7517,15.9081],[-90.7517,15.9079],[-90.7518,15.9065],[-90.7521,15.9055],[-90.7524,15.9045],[-90.7529,15.9032],[-90.7542,15.9008],[-90.7549,15.899],[-90.7553,15.8984],[-90.7556,15.8977],[-90.7561,15.8964],[-90.7564,15.8958],[-90.7575,15.8935],[-90.7581,15.8927],[-90.7585,15.8924],[-90.7588,15.8919],[-90.7592,15.8909],[-90.7597,15.8894],[-90.7599,15.8883],[-90.7599,15.8873],[-90.7597,15.8863],[-90.7592,15.8851],[-90.7585,15.8842],[-90.7584,15.8841],[-90.7573,15.8835],[-90.756,15.8831],[-90.7549,15.8829],[-90.754,15.8829],[-90.7529,15.8832],[-90.7518,15.8834],[-90.7508,15.8838],[-90.7493,15.8846],[-90.7482,15.8851],[-90.7473,15.8855],[-90.7464,15.8859],[-90.7448,15.8861],[-90.7436,15.8858],[-90.7423,15.8854],[-90.7408,15.8847],[-90.7399,15.8842],[-90.7387,15.8831],[-90.7375,15.8819],[-90.7372,15.881],[-90.7372,15.8807],[-90.7371,15.8798],[-90.7368,15.879],[-90.7365,15.8785],[-90.7365,15.8785],[-90.7363,15.878],[-90.7361,15.8776],[-90.7358,15.8771],[-90.7355,15.8768],[-90.7353,15.8763],[-90.735,15.8755],[-90.735,15.8748],[-90.7351,15.874],[-90.7354,15.873],[-90.7356,15.8725],[-90.7359,15.8722],[-90.7365,15.8721],[-90.7369,15.8721],[-90.7372,15.8721],[-90.7376,15.8723],[-90.7379,15.8724],[-90.7381,15.8724],[-90.7383,15.8722],[-90.7384,15.8721],[-90.7385,15.8717],[-90.7385,15.8713],[-90.7386,15.8709],[-90.7388,15.8704],[-90.7389,15.8699],[-90.739,15.8694],[-90.739,15.8689],[-90.7389,15.8687],[-90.7388,15.8685],[-90.7385,15.8684],[-90.7382,15.8684],[-90.7378,15.8683],[-90.7376,15.8682],[-90.7373,15.868],[-90.7371,15.8678],[-90.7368,15.8677],[-90.7366,15.8675],[-90.7363,15.8674],[-90.7361,15.8673],[-90.7359,15.867],[-90.7358,15.8666],[-90.7356,15.8665],[-90.7352,15.8664],[-90.7347,15.8664],[-90.7345,15.8665],[-90.734,15.8666],[-90.7333,15.8666],[-90.7329,15.8665],[-90.7325,15.8662],[-90.7322,15.866],[-90.7318,15.8658],[-90.7314,15.8654],[-90.731,15.865],[-90.7308,15.8645],[-90.7306,15.8642],[-90.7304,15.8638],[-90.7303,15.8634],[-90.7302,15.863],[-90.7302,15.8629],[-90.7302,15.8625],[-90.7302,15.8618],[-90.7302,15.8614],[-90.7304,15.8607],[-90.7308,15.86],[-90.7313,15.8591],[-90.7319,15.8585],[-90.7321,15.8582],[-90.7322,15.858],[-90.7325,15.8579],[-90.7331,15.8577],[-90.7334,15.8575],[-90.7335,15.8573],[-90.7336,15.8571],[-90.7339,15.8564],[-90.7341,15.8561],[-90.7344,15.8556],[-90.7349,15.8551],[-90.7355,15.8545],[-90.7358,15.854],[-90.736,15.8534],[-90.7362,15.8528],[-90.7363,15.8525],[-90.7364,15.852],[-90.7365,15.8517],[-90.7367,15.8512],[-90.7369,15.8507],[-90.7371,15.8503],[-90.7373,15.85],[-90.7376,15.8497],[-90.7379,15.8497],[-90.7383,15.8496],[-90.7387,15.8494],[-90.7392,15.8492],[-90.7396,15.849],[-90.7399,15.8488],[-90.7404,15.8486],[-90.7407,15.8483],[-90.7408,15.8479],[-90.7408,15.8474],[-90.7407,15.8471],[-90.7406,15.8467],[-90.7406,15.8462],[-90.7407,15.8457],[-90.7407,15.8452],[-90.7409,15.8447],[-90.7414,15.8437],[-90.7416,15.8432],[-90.7419,15.8427],[-90.7421,15.8423],[-90.7425,15.8421],[-90.7429,15.842],[-90.7433,15.842],[-90.7437,15.8421],[-90.7441,15.8424],[-90.7445,15.8425],[-90.7456,15.8425],[-90.746,15.8425],[-90.7463,15.8424],[-90.7467,15.8422],[-90.7469,15.8419],[-90.7473,15.8415],[-90.7476,15.8411],[-90.748,15.8409],[-90.7487,15.8406],[-90.7493,15.8402],[-90.7496,15.8398],[-90.7499,15.8392],[-90.7501,15.8383],[-90.7501,15.8376],[-90.7503,15.8366],[-90.7504,15.8362],[-90.7507,15.8356],[-90.7512,15.8351],[-90.7518,15.8347],[-90.7526,15.8346],[-90.7535,15.8348],[-90.754,15.8349],[-90.7543,15.8351],[-90.7543,15.8352],[-90.7546,15.8355],[-90.7549,15.8358],[-90.7552,15.8361],[-90.7557,15.8365],[-90.7563,15.8369],[-90.7569,15.8372],[-90.7579,15.8375],[-90.7584,15.8376],[-90.759,15.8376],[-90.7595,15.8376],[-90.7601,15.8376],[-90.7606,15.8375],[-90.7609,15.837],[-90.7612,15.8366],[-90.7616,15.8362],[-90.7628,15.8354],[-90.7645,15.8343],[-90.7663,15.8333],[-90.7668,15.8328],[-90.767,15.8324],[-90.7673,15.8319],[-90.7677,15.8315],[-90.7684,15.8311],[-90.7687,15.8306],[-90.769,15.8299],[-90.7693,15.8289],[-90.7697,15.8279],[-90.7704,15.8268],[-90.771,15.8256],[-90.7712,15.8251],[-90.7719,15.8243],[-90.7726,15.8227],[-90.7733,15.8216],[-90.7735,15.8206],[-90.7736,15.8199],[-90.7736,15.819],[-90.7734,15.818],[-90.7733,15.8175],[-90.7736,15.817],[-90.7742,15.8165],[-90.7747,15.8164],[-90.7757,15.8162],[-90.7765,15.8162],[-90.777,15.8164],[-90.7778,15.8166],[-90.7783,15.8165],[-90.7788,15.8162],[-90.7791,15.8157],[-90.7796,15.815],[-90.7797,15.8139],[-90.7795,15.8125],[-90.7795,15.8114],[-90.7797,15.8105],[-90.7802,15.8095],[-90.7807,15.8086],[-90.7815,15.8077],[-90.782,15.8067],[-90.7823,15.8056],[-90.7822,15.8048],[-90.782,15.804],[-90.7818,15.8036],[-90.7812,15.803],[-90.7805,15.8025],[-90.7783,15.8012],[-90.7779,15.801],[-90.7774,15.8006],[-90.7772,15.8003],[-90.777,15.7999],[-90.7769,15.799],[-90.7771,15.7986],[-90.7772,15.7984],[-90.7775,15.7979],[-90.7779,15.7972],[-90.7783,15.7969],[-90.7793,15.7965],[-90.7806,15.7961],[-90.7818,15.7959],[-90.7826,15.7954],[-90.7833,15.7946],[-90.7837,15.7938],[-90.7838,15.7932],[-90.7836,15.7922],[-90.7834,15.7915],[-90.7834,15.7914],[-90.7833,15.7909],[-90.7833,15.7903],[-90.7834,15.79],[-90.7836,15.7896],[-90.7839,15.7893],[-90.7846,15.7889],[-90.7853,15.7888],[-90.7866,15.7888],[-90.7876,15.7885],[-90.7884,15.7881],[-90.7894,15.7873],[-90.7898,15.787],[-90.7899,15.7866],[-90.7902,15.786],[-90.7908,15.785],[-90.7911,15.7845],[-90.7917,15.7843],[-90.7924,15.7841],[-90.7934,15.7837],[-90.7942,15.7833],[-90.7949,15.7827],[-90.7954,15.7817],[-90.7954,15.7808],[-90.7952,15.78],[-90.795,15.7792],[-90.7949,15.7783],[-90.7948,15.7775],[-90.7948,15.7773],[-90.7948,15.7769],[-90.7949,15.7758],[-90.795,15.775],[-90.7954,15.7744],[-90.796,15.774],[-90.7968,15.7736],[-90.7976,15.7734],[-90.7987,15.7733],[-90.7996,15.7732],[-90.8017,15.773],[-90.8035,15.7726],[-90.8047,15.7726],[-90.806,15.7723],[-90.8069,15.7718],[-90.808,15.7713],[-90.8092,15.7699],[-90.8095,15.7687],[-90.8097,15.7675],[-90.8097,15.7664],[-90.8098,15.7652],[-90.81,15.7638],[-90.8102,15.7624],[-90.8104,15.7614],[-90.8108,15.7601],[-90.8108,15.7591],[-90.8109,15.758],[-90.8109,15.7569],[-90.811,15.7562],[-90.8113,15.7554],[-90.8116,15.755],[-90.8122,15.7546],[-90.813,15.7543],[-90.8138,15.754],[-90.8148,15.7537],[-90.8156,15.7535],[-90.8166,15.7529],[-90.8182,15.7521],[-90.8197,15.7511],[-90.8204,15.7502],[-90.8206,15.7495],[-90.8207,15.7489],[-90.8201,15.7481],[-90.8201,15.748],[-90.8197,15.7475],[-90.819,15.747],[-90.818,15.7465],[-90.8173,15.7463],[-90.8159,15.7458],[-90.8151,15.7457],[-90.8145,15.7455],[-90.8142,15.7452],[-90.8138,15.7444],[-90.8135,15.7441],[-90.8132,15.7436],[-90.8127,15.7433],[-90.8116,15.7429],[-90.8108,15.7426],[-90.8097,15.7423],[-90.8086,15.7419],[-90.8077,15.7417],[-90.8065,15.7414],[-90.8057,15.7414],[-90.8046,15.7414],[-90.8038,15.7417],[-90.803,15.7422],[-90.8023,15.7426],[-90.8016,15.7434],[-90.8013,15.7439],[-90.8008,15.7445],[-90.8003,15.7452],[-90.7998,15.7458],[-90.7993,15.7465],[-90.7986,15.7474],[-90.7977,15.7479],[-90.7967,15.7483],[-90.7955,15.7487],[-90.7947,15.7486],[-90.7937,15.7483],[-90.793,15.7479],[-90.7922,15.7475],[-90.7912,15.7469],[-90.7905,15.7464],[-90.79,15.7459],[-90.7892,15.7451],[-90.7884,15.7446],[-90.7874,15.7441],[-90.7868,15.7441],[-90.786,15.7441],[-90.7851,15.7441],[-90.7846,15.744],[-90.7843,15.7437],[-90.7841,15.7431],[-90.7839,15.7424],[-90.7837,15.7416],[-90.7836,15.7412],[-90.7836,15.741],[-90.7836,15.7401],[-90.7835,15.7394],[-90.7833,15.7385],[-90.7831,15.7376],[-90.7831,15.7374],[-90.7828,15.7367],[-90.7824,15.7362],[-90.7817,15.7352],[-90.7813,15.7348],[-90.781,15.734],[-90.7804,15.7329],[-90.7796,15.7318],[-90.7793,15.7314],[-90.7789,15.7307],[-90.7786,15.73],[-90.7786,15.7294],[-90.7785,15.7278],[-90.7785,15.7267],[-90.7786,15.7263],[-90.7786,15.7262],[-90.7789,15.7257],[-90.7793,15.7254],[-90.78,15.7251],[-90.7805,15.725],[-90.7811,15.725],[-90.7818,15.7249],[-90.7825,15.7247],[-90.7828,15.7245],[-90.7832,15.7242],[-90.7837,15.7238],[-90.784,15.7232],[-90.7844,15.723],[-90.7852,15.7226],[-90.7856,15.7224],[-90.7861,15.7222],[-90.7867,15.7222],[-90.7873,15.7222],[-90.7879,15.7224],[-90.7883,15.7228],[-90.7887,15.7234],[-90.7892,15.7239],[-90.7898,15.7242],[-90.7904,15.7243],[-90.791,15.7245],[-90.7917,15.7243],[-90.793,15.724],[-90.7943,15.7235],[-90.7952,15.7228],[-90.7964,15.7218],[-90.7973,15.7205],[-90.7976,15.72],[-90.7976,15.7193],[-90.7975,15.7189],[-90.7969,15.7185],[-90.7964,15.7182],[-90.7957,15.7179],[-90.7949,15.7176],[-90.7939,15.7174],[-90.793,15.7175],[-90.792,15.7181],[-90.7908,15.7188],[-90.7895,15.7197],[-90.7884,15.7204],[-90.7872,15.7208],[-90.7869,15.7209],[-90.7861,15.7211],[-90.7853,15.721],[-90.7843,15.7207],[-90.7837,15.7201],[-90.7826,15.7186],[-90.7814,15.7167],[-90.781,15.7159],[-90.7808,15.715],[-90.7804,15.7143],[-90.7801,15.7135],[-90.7794,15.7128],[-90.779,15.7124],[-90.7785,15.7119],[-90.7781,15.7115],[-90.7775,15.7108],[-90.7773,15.7107],[-90.7766,15.7104],[-90.7759,15.7101],[-90.7753,15.7097],[-90.7746,15.7093],[-90.774,15.7089],[-90.7735,15.7081],[-90.7726,15.7073],[-90.7722,15.7071],[-90.7717,15.7067],[-90.7714,15.7062],[-90.7711,15.7055],[-90.7709,15.7045],[-90.7709,15.7039],[-90.771,15.7037],[-90.771,15.7036],[-90.7711,15.7034],[-90.7714,15.7032],[-90.7717,15.7031],[-90.7723,15.7031],[-90.7727,15.7032],[-90.7731,15.7034],[-90.7737,15.7038],[-90.7742,15.7041],[-90.7746,15.7044],[-90.7749,15.7044],[-90.7753,15.7042],[-90.7759,15.7039],[-90.7766,15.7037],[-90.7771,15.7035],[-90.7776,15.7035],[-90.778,15.7036],[-90.7783,15.7037],[-90.7786,15.7036],[-90.7787,15.7035],[-90.7789,15.7032],[-90.7794,15.7028],[-90.7797,15.7023],[-90.78,15.7019],[-90.7806,15.7014],[-90.7812,15.7009],[-90.7817,15.7001],[-90.7824,15.6995],[-90.7829,15.699],[-90.7834,15.6986],[-90.784,15.698],[-90.7845,15.6976],[-90.785,15.6971],[-90.7854,15.6966],[-90.7855,15.6964],[-90.7859,15.6961],[-90.7863,15.6957],[-90.7866,15.6954],[-90.7869,15.695],[-90.787,15.6945],[-90.7872,15.6942],[-90.7877,15.6939],[-90.788,15.6937],[-90.7884,15.6935],[-90.7891,15.6931],[-90.7895,15.6928],[-90.7899,15.6925],[-90.7903,15.6922],[-90.7905,15.6919],[-90.7906,15.6916],[-90.7907,15.6914],[-90.7911,15.691],[-90.7913,15.6909],[-90.7916,15.6907],[-90.7918,15.6903],[-90.7921,15.6898],[-90.7924,15.6893],[-90.7927,15.6889],[-90.7928,15.6885],[-90.7929,15.6881],[-90.7932,15.6878],[-90.7935,15.6875],[-90.7936,15.6871],[-90.7937,15.6867],[-90.794,15.6862],[-90.7942,15.6856],[-90.7945,15.6851],[-90.7946,15.6843],[-90.7945,15.6837],[-90.7944,15.6829],[-90.7944,15.6822],[-90.7943,15.6817],[-90.7943,15.6814],[-90.7942,15.6811],[-90.7941,15.6806],[-90.794,15.6805],[-90.7939,15.6801],[-90.794,15.6797],[-90.794,15.6795],[-90.7938,15.6791],[-90.7936,15.6788],[-90.7931,15.6788],[-90.7926,15.6789],[-90.792,15.6788],[-90.7915,15.6786],[-90.791,15.6783],[-90.7906,15.6782],[-90.7902,15.678],[-90.7896,15.678],[-90.789,15.6778],[-90.7886,15.6777],[-90.788,15.6777],[-90.7873,15.6779],[-90.7868,15.6779],[-90.7858,15.6782],[-90.7843,15.6786],[-90.7837,15.6788],[-90.7833,15.679],[-90.7826,15.6791],[-90.7822,15.679],[-90.7816,15.6786],[-90.7807,15.6783],[-90.7802,15.6782],[-90.7795,15.678],[-90.7788,15.6778],[-90.7782,15.6776],[-90.7776,15.6775],[-90.7769,15.6775],[-90.7764,15.6775],[-90.7752,15.6774],[-90.7745,15.6773],[-90.7739,15.677],[-90.7732,15.6768],[-90.7727,15.6766],[-90.772,15.6764],[-90.7715,15.676],[-90.7707,15.6755],[-90.7697,15.675],[-90.769,15.6748],[-90.7682,15.6743],[-90.7675,15.6741],[-90.7664,15.6737],[-90.7656,15.6734],[-90.765,15.6731],[-90.7639,15.6727],[-90.7632,15.6725],[-90.7628,15.6725],[-90.7619,15.6722],[-90.7609,15.6716],[-90.7601,15.6711],[-90.7585,15.6704],[-90.7575,15.67],[-90.7573,15.6699],[-90.7568,15.6697],[-90.7563,15.6694],[-90.7559,15.6692],[-90.7547,15.6688],[-90.7532,15.6686],[-90.7525,15.6685],[-90.7516,15.6685],[-90.7504,15.6682],[-90.7473,15.6673],[-90.7462,15.6671],[-90.7445,15.6662],[-90.7424,15.6651],[-90.7408,15.6645],[-90.74,15.6643],[-90.7391,15.6644],[-90.7386,15.6643],[-90.738,15.6641],[-90.7367,15.6634],[-90.735,15.6628],[-90.7339,15.6624],[-90.7326,15.6622],[-90.7307,15.6616],[-90.7289,15.6611],[-90.726,15.6605],[-90.724,15.66],[-90.7224,15.6596],[-90.7213,15.6592],[-90.7204,15.6592],[-90.7189,15.6595],[-90.7178,15.6596],[-90.7168,15.6595],[-90.716,15.6593],[-90.7148,15.6588],[-90.7143,15.6585],[-90.7139,15.6581],[-90.7135,15.658],[-90.7123,15.658],[-90.7106,15.6575],[-90.7097,15.6575],[-90.7085,15.6574],[-90.7075,15.657],[-90.7069,15.6565],[-90.7063,15.6562],[-90.7045,15.6558],[-90.7035,15.6556],[-90.7028,15.6554],[-90.7021,15.6549],[-90.7006,15.6539],[-90.6997,15.6534],[-90.6988,15.6534],[-90.6972,15.6544],[-90.6961,15.6546],[-90.6954,15.6542],[-90.6952,15.6537],[-90.6951,15.6525],[-90.6948,15.6516],[-90.6936,15.6508],[-90.6919,15.6501],[-90.6911,15.6497],[-90.6891,15.6499],[-90.6885,15.6495],[-90.6878,15.6492],[-90.6867,15.6493],[-90.6844,15.6506],[-90.681,15.6504],[-90.6744,15.6507],[-90.6725,15.6507],[-90.6685,15.6516],[-90.6661,15.6509],[-90.6631,15.6506],[-90.6605,15.65],[-90.6569,15.6499],[-90.6557,15.6493],[-90.6553,15.6481],[-90.6553,15.6473],[-90.6552,15.6464],[-90.6565,15.645],[-90.6582,15.6446],[-90.6599,15.6439],[-90.6607,15.6432],[-90.6603,15.6422],[-90.6598,15.6417],[-90.6587,15.6404],[-90.6574,15.6391],[-90.6559,15.6387],[-90.6524,15.6385],[-90.6497,15.6373],[-90.6466,15.635],[-90.6454,15.6336],[-90.6453,15.6328],[-90.6454,15.6327],[-90.6465,15.6304],[-90.646,15.6288],[-90.6456,15.6237],[-90.6453,15.623],[-90.6448,15.6216],[-90.6444,15.6199],[-90.643,15.6189],[-90.6411,15.6184],[-90.64,15.6182],[-90.6391,15.6173],[-90.6384,15.6157],[-90.6381,15.6151],[-90.6383,15.6146],[-90.6386,15.614],[-90.6391,15.6132],[-90.6384,15.6125],[-90.6379,15.6123],[-90.6363,15.6115],[-90.634,15.6114],[-90.6334,15.6114],[-90.632,15.6119],[-90.6308,15.612],[-90.6302,15.6116],[-90.6306,15.6099],[-90.6307,15.6096],[-90.6309,15.6078],[-90.6321,15.6058],[-90.631,15.6052],[-90.6298,15.6045],[-90.6303,15.6035],[-90.6307,15.6027],[-90.6319,15.6017],[-90.6319,15.6],[-90.6322,15.5987],[-90.6319,15.5962],[-90.6327,15.5951],[-90.6338,15.5929],[-90.6372,15.5908],[-90.6418,15.5888],[-90.6424,15.587],[-90.642,15.5828],[-90.6417,15.5823],[-90.64,15.5794],[-90.6369,15.5784],[-90.6351,15.5766],[-90.6321,15.5757],[-90.6276,15.5764],[-90.6242,15.5752],[-90.6226,15.5739],[-90.6194,15.5699],[-90.6183,15.566],[-90.6183,15.5643],[-90.6166,15.5623],[-90.6155,15.5597],[-90.6149,15.5582],[-90.6147,15.5579],[-90.614,15.5558],[-90.6139,15.5556],[-90.6149,15.5546],[-90.6136,15.5536],[-90.6133,15.5534],[-90.613,15.5505],[-90.613,15.5504],[-90.6139,15.5484],[-90.6134,15.5473],[-90.6121,15.5441],[-90.6085,15.5405],[-90.6075,15.5374],[-90.607,15.5337],[-90.6072,15.5314],[-90.6075,15.5273],[-90.6072,15.5265],[-90.6053,15.522],[-90.6042,15.5182],[-90.6044,15.5172],[-90.6048,15.5154],[-90.6056,15.5121],[-90.6052,15.511],[-90.6046,15.5094],[-90.6046,15.5081],[-90.6046,15.5073],[-90.606,15.5046],[-90.6109,15.5031],[-90.6123,15.5018],[-90.613,15.4988],[-90.6169,15.4993],[-90.6183,15.5011],[-90.6197,15.5011],[-90.6218,15.499],[-90.624,15.4957],[-90.6257,15.4952],[-90.6269,15.4932],[-90.6285,15.4902],[-90.6309,15.4882],[-90.635,15.4872],[-90.6369,15.4859],[-90.6374,15.4857],[-90.6384,15.4834],[-90.6415,15.4765],[-90.6416,15.4763],[-90.645,15.4726],[-90.6459,15.4713],[-90.6506,15.4643],[-90.65,15.4613],[-90.65,15.4599],[-90.6499,15.4585],[-90.6495,15.4575],[-90.6488,15.4557],[-90.6486,15.4548],[-90.6486,15.4541],[-90.6486,15.4526],[-90.6487,15.451],[-90.6489,15.4502],[-90.6491,15.4494],[-90.6492,15.4491],[-90.6498,15.4482],[-90.6506,15.4469],[-90.6547,15.4418],[-90.6569,15.4392],[-90.6629,15.4314],[-90.6653,15.4335],[-90.6674,15.4353],[-90.6699,15.4357],[-90.6719,15.4366],[-90.672,15.4367],[-90.6915,15.4392],[-90.6992,15.4405],[-90.6993,15.4376],[-90.7019,15.4337],[-90.704,15.429],[-90.7116,15.4204],[-90.7127,15.4141],[-90.7094,15.4119],[-90.7108,15.4053],[-90.7115,15.4008],[-90.7105,15.3978],[-90.7093,15.3926],[-90.7094,15.3898],[-90.708,15.3838],[-90.7029,15.3805],[-90.7021,15.3773],[-90.6978,15.3741],[-90.6942,15.3719],[-90.6935,15.3684],[-90.692,15.3648],[-90.6913,15.3632],[-90.6872,15.3619],[-90.6798,15.359],[-90.6747,15.3593],[-90.6745,15.3593],[-90.6743,15.3592],[-90.6661,15.3542],[-90.6591,15.3551],[-90.6591,15.3551],[-90.6559,15.3548],[-90.6531,15.3524],[-90.6491,15.3502],[-90.6486,15.3499],[-90.6455,15.3469],[-90.6394,15.3465],[-90.6337,15.3467],[-90.629,15.3463],[-90.6244,15.3459],[-90.6234,15.3453],[-90.622,15.3444],[-90.6197,15.3441],[-90.6183,15.344],[-90.6148,15.343],[-90.6128,15.3425],[-90.6084,15.3399],[-90.6018,15.3408],[-90.6004,15.3405],[-90.5984,15.34],[-90.5955,15.3394],[-90.5933,15.3421],[-90.5922,15.3419],[-90.5908,15.3417],[-90.5864,15.3409],[-90.582,15.3426],[-90.5764,15.3401],[-90.5679,15.3395],[-90.5652,15.3405],[-90.5633,15.3412],[-90.5593,15.3389],[-90.5561,15.3372],[-90.552,15.3389],[-90.5449,15.3378],[-90.5365,15.3396],[-90.5291,15.3394],[-90.5242,15.3383],[-90.5209,15.3376],[-90.5177,15.337],[-90.5107,15.3355],[-90.5077,15.3327],[-90.5053,15.3306],[-90.5001,15.3324],[-90.4994,15.3326],[-90.4802,15.3221],[-90.4803,15.3201],[-90.4778,15.3109],[-90.4759,15.3019],[-90.4785,15.2963],[-90.4838,15.2898],[-90.4848,15.284],[-90.4849,15.2832],[-90.4755,15.2843],[-90.4636,15.2827],[-90.455,15.2811],[-90.4463,15.2823],[-90.4423,15.2826],[-90.4352,15.2819],[-90.4274,15.2815],[-90.4239,15.2814],[-90.4202,15.2798],[-90.4168,15.2828],[-90.4119,15.2812],[-90.407,15.2793],[-90.4061,15.2794],[-90.4031,15.2796],[-90.4003,15.2759],[-90.4027,15.2733],[-90.4035,15.2724],[-90.4029,15.2693],[-90.3788,15.2595],[-90.3684,15.2557],[-90.3615,15.2504],[-90.3487,15.2407],[-90.3448,15.2366],[-90.335,15.2262],[-90.3336,15.2261],[-90.331,15.226],[-90.3284,15.23],[-90.3283,15.2318],[-90.3279,15.2413],[-90.3208,15.2417],[-90.3137,15.243],[-90.3087,15.2443],[-90.3054,15.2468],[-90.304,15.252],[-90.3026,15.2564],[-90.3011,15.2588],[-90.3,15.2632],[-90.2995,15.2652],[-90.2965,15.2707],[-90.2937,15.2799],[-90.2956,15.2824],[-90.2931,15.2908],[-90.2904,15.2941],[-90.2848,15.2928],[-90.2814,15.292],[-90.2774,15.2897],[-90.25,15.2735],[-90.2169,15.272],[-90.2013,15.2649],[-90.2012,15.2649],[-90.1886,15.264],[-90.1572,15.2641],[-90.1322,15.2651],[-90.1308,15.2655],[-90.1173,15.2655],[-90.1122,15.2651],[-90.0996,15.265],[-90.0895,15.264],[-90.0848,15.2638],[-90.0771,15.2621],[-90.0627,15.2618],[-90.0545,15.2629],[-90.0484,15.265],[-90.0442,15.2657],[-90.0406,15.2675],[-90.031,15.2691],[-90.026,15.2706],[-90.0213,15.2715],[-90.0155,15.2715],[-90,15.2698],[-89.9886,15.2716],[-89.981,15.272],[-89.9737,15.2736],[-89.9631,15.2742],[-89.9571,15.2738],[-89.9542,15.2744],[-89.9493,15.274],[-89.9476,15.2725],[-89.9346,15.279],[-89.9203,15.294],[-89.9176,15.3012],[-89.9173,15.3021],[-89.9175,15.3012],[-89.9177,15.3003],[-89.9347,15.2312],[-89.9424,15.2111],[-89.9883,15.1464],[-89.992,15.1419],[-89.9717,15.1493],[-89.9713,15.1494],[-89.9582,15.1542],[-89.9484,15.1456],[-89.935,15.1423],[-89.9199,15.1402],[-89.8961,15.1403],[-89.893,15.1403],[-89.8903,15.1441],[-89.8907,15.148],[-89.8909,15.1499],[-89.8874,15.1521],[-89.8841,15.1481],[-89.8692,15.1475],[-89.8662,15.1474],[-89.8616,15.1599],[-89.8613,15.1605],[-89.8548,15.1618],[-89.844,15.1639],[-89.8435,15.1638],[-89.8351,15.1619],[-89.8246,15.1675],[-89.8224,15.1694],[-89.8192,15.1722],[-89.8113,15.1719],[-89.8049,15.167],[-89.8033,15.1658],[-89.7974,15.1685],[-89.7938,15.1702],[-89.7843,15.1714],[-89.7825,15.171],[-89.7775,15.1699],[-89.7712,15.1564],[-89.7665,15.1493],[-89.7521,15.1479],[-89.7462,15.1446],[-89.735,15.1465],[-89.7331,15.1468],[-89.7277,15.1492],[-89.7223,15.1517],[-89.7145,15.1479],[-89.7066,15.1404],[-89.7041,15.1382],[-89.6894,15.1391],[-89.6869,15.1377],[-89.6809,15.1262],[-89.6776,15.1223],[-89.6689,15.1203],[-89.6661,15.1197],[-89.6626,15.1225],[-89.6648,15.1301],[-89.6643,15.1385],[-89.6676,15.1449],[-89.6661,15.1485],[-89.6509,15.1553],[-89.6414,15.1618],[-89.6338,15.1614],[-89.6327,15.1614],[-89.6313,15.1614],[-89.6269,15.1615],[-89.6244,15.1643],[-89.6215,15.1709],[-89.62,15.1732],[-89.6131,15.1866],[-89.5902,15.2204],[-89.5868,15.2246],[-89.5864,15.2259],[-89.5815,15.2324],[-89.5798,15.2361],[-89.576,15.2419],[-89.5743,15.2469],[-89.5736,15.2506],[-89.5718,15.2536],[-89.5673,15.2663],[-89.5671,15.2743],[-89.5671,15.2752],[-89.5677,15.276],[-89.5677,15.276],[-89.5677,15.2825],[-89.5679,15.283],[-89.5682,15.2835],[-89.5685,15.284],[-89.5688,15.2843],[-89.569,15.2844],[-89.5693,15.2845],[-89.5696,15.2847],[-89.5698,15.2847],[-89.5699,15.2848],[-89.57,15.285],[-89.5699,15.2851],[-89.5698,15.2853],[-89.5696,15.2856],[-89.5693,15.2858],[-89.5691,15.2859],[-89.5689,15.2862],[-89.5688,15.2865],[-89.5687,15.2868],[-89.5687,15.287],[-89.5687,15.2872],[-89.5688,15.2872],[-89.5691,15.2874],[-89.5693,15.2876],[-89.5695,15.2877],[-89.5696,15.288],[-89.5697,15.2883],[-89.5698,15.2885],[-89.5699,15.2889],[-89.5699,15.2892],[-89.5698,15.2893],[-89.5697,15.2894],[-89.5693,15.2895],[-89.569,15.2896],[-89.5687,15.2897],[-89.5684,15.2898],[-89.5683,15.29],[-89.5682,15.2904],[-89.5681,15.2906],[-89.5682,15.2908],[-89.5683,15.2909],[-89.5685,15.291],[-89.5686,15.2909],[-89.5688,15.2909],[-89.5691,15.291],[-89.5696,15.2912],[-89.5698,15.2913],[-89.5699,15.2914],[-89.5699,15.2915],[-89.5698,15.2916],[-89.5697,15.2918],[-89.5697,15.292],[-89.5697,15.2922],[-89.5695,15.2924],[-89.5693,15.2927],[-89.569,15.293],[-89.5686,15.2933],[-89.5682,15.2935],[-89.5676,15.2937],[-89.5672,15.2937],[-89.5668,15.2938],[-89.5667,15.2938],[-89.5664,15.2939],[-89.5663,15.294],[-89.5663,15.2941],[-89.5665,15.2943],[-89.5665,15.2943],[-89.5666,15.2944],[-89.5666,15.2946],[-89.5666,15.2946],[-89.5664,15.2948],[-89.5662,15.2951],[-89.566,15.2954],[-89.5659,15.2957],[-89.5658,15.296],[-89.5659,15.2963],[-89.5659,15.2965],[-89.566,15.2968],[-89.566,15.297],[-89.5658,15.2973],[-89.5657,15.2976],[-89.5654,15.2978],[-89.5652,15.2982],[-89.5652,15.2984],[-89.5651,15.2987],[-89.5649,15.299],[-89.5646,15.2993],[-89.5643,15.2996],[-89.564,15.2996],[-89.5637,15.2997],[-89.5635,15.2996],[-89.5633,15.2997],[-89.5632,15.2998],[-89.5632,15.2999],[-89.5633,15.3],[-89.5634,15.3003],[-89.5633,15.3005],[-89.5632,15.3007],[-89.5632,15.3009],[-89.563,15.3013],[-89.5629,15.3017],[-89.5629,15.3018],[-89.563,15.302],[-89.563,15.3022],[-89.5632,15.3022],[-89.5633,15.3021],[-89.5637,15.3019],[-89.5637,15.3018],[-89.564,15.3017],[-89.5642,15.3017],[-89.5644,15.3018],[-89.5645,15.3021],[-89.5645,15.3024],[-89.5645,15.303],[-89.5645,15.3034],[-89.5645,15.3035],[-89.5645,15.3041],[-89.5647,15.3048],[-89.565,15.3058],[-89.5652,15.3063],[-89.5654,15.3066],[-89.5657,15.307],[-89.566,15.3072],[-89.5662,15.3074],[-89.5664,15.3074],[-89.5665,15.3075],[-89.5669,15.3075],[-89.5671,15.3076],[-89.5674,15.3075],[-89.5676,15.3076],[-89.5677,15.3077],[-89.568,15.308],[-89.5682,15.3081],[-89.5684,15.3081],[-89.5686,15.3083],[-89.5686,15.3085],[-89.5687,15.3088],[-89.5687,15.3091],[-89.5687,15.3095],[-89.5686,15.3096],[-89.5685,15.3097],[-89.5683,15.3097],[-89.568,15.3096],[-89.5677,15.3095],[-89.5674,15.3094],[-89.5671,15.3093],[-89.5667,15.3092],[-89.5664,15.3091],[-89.5662,15.3091],[-89.566,15.3092],[-89.5659,15.3094],[-89.5657,15.3097],[-89.5656,15.3098],[-89.5655,15.3101],[-89.5654,15.3103],[-89.5654,15.3105],[-89.5655,15.3107],[-89.5656,15.3112],[-89.5578,15.3125],[-89.5536,15.3124],[-89.5466,15.3108],[-89.5434,15.3112],[-89.5396,15.3103],[-89.5379,15.3113],[-89.5364,15.313],[-89.5349,15.3164],[-89.5348,15.3166],[-89.5353,15.3197],[-89.54,15.3267],[-89.5414,15.3281],[-89.5415,15.3289],[-89.5435,15.3303],[-89.5443,15.3332],[-89.5467,15.3358],[-89.5472,15.337],[-89.5472,15.3396],[-89.5473,15.3412],[-89.5473,15.3421],[-89.5466,15.344],[-89.5445,15.3471],[-89.5412,15.3499],[-89.5374,15.3512],[-89.5357,15.3524],[-89.5275,15.3544],[-89.5249,15.3558],[-89.5222,15.3563],[-89.5196,15.3578],[-89.5177,15.3582],[-89.5135,15.3613],[-89.512,15.3634],[-89.5121,15.3649],[-89.5121,15.3658],[-89.5133,15.368],[-89.5173,15.3723],[-89.5183,15.3741],[-89.5227,15.3774],[-89.5241,15.3792],[-89.5244,15.3801],[-89.5245,15.3804],[-89.5235,15.3866],[-89.5225,15.3889],[-89.5221,15.3908],[-89.5208,15.3933],[-89.5198,15.3974],[-89.5187,15.4001],[-89.5181,15.4041],[-89.5171,15.4078],[-89.5151,15.4104],[-89.5143,15.4151],[-89.5142,15.4155],[-89.5144,15.4161],[-89.5155,15.4176],[-89.516,15.4184],[-89.5165,15.419],[-89.5175,15.4195],[-89.5184,15.4199],[-89.5193,15.4201],[-89.5201,15.4201],[-89.5211,15.4199],[-89.5225,15.4194],[-89.5245,15.419],[-89.5251,15.419],[-89.5258,15.419],[-89.526,15.419],[-89.526,15.419],[-89.5269,15.4193],[-89.5277,15.4197],[-89.5284,15.4201],[-89.5288,15.4205],[-89.5294,15.4209],[-89.53,15.4216],[-89.5308,15.4221],[-89.5317,15.4227],[-89.5326,15.4229],[-89.5329,15.4239],[-89.533,15.4243],[-89.5327,15.4291],[-89.5312,15.431],[-89.5304,15.4339],[-89.5299,15.4355],[-89.5296,15.4366],[-89.5268,15.4397],[-89.5224,15.4461],[-89.52,15.4477],[-89.5171,15.4507],[-89.5166,15.4523],[-89.5164,15.453],[-89.5189,15.4556],[-89.5218,15.4562],[-89.5235,15.4577],[-89.5265,15.4613],[-89.5281,15.4638],[-89.5298,15.4657],[-89.5322,15.4658],[-89.5326,15.4643],[-89.5352,15.461],[-89.5387,15.4586],[-89.5424,15.4561],[-89.5451,15.456],[-89.5488,15.4598],[-89.5486,15.4599],[-89.5483,15.4602],[-89.5481,15.4606],[-89.548,15.4611],[-89.5482,15.4616],[-89.5484,15.462],[-89.5486,15.4622],[-89.5492,15.4623],[-89.5498,15.4626],[-89.5502,15.4627],[-89.5508,15.463],[-89.5511,15.4634],[-89.5516,15.464],[-89.5519,15.4644],[-89.5522,15.4649],[-89.5525,15.4655],[-89.5533,15.466],[-89.5541,15.4665],[-89.5544,15.4665],[-89.5549,15.4663],[-89.5555,15.466],[-89.5563,15.4656],[-89.5565,15.4655],[-89.557,15.4654],[-89.5571,15.4654],[-89.5582,15.4655],[-89.559,15.4659],[-89.5601,15.4666],[-89.5607,15.4672],[-89.5609,15.4675],[-89.5613,15.4679],[-89.562,15.4683],[-89.5626,15.4688],[-89.5634,15.4694],[-89.5641,15.4699],[-89.5647,15.4703],[-89.5655,15.4707],[-89.566,15.4709],[-89.5665,15.4711],[-89.5672,15.4714],[-89.5684,15.4718],[-89.5689,15.4721],[-89.5706,15.4726],[-89.5707,15.4726],[-89.5712,15.4727],[-89.5716,15.4729],[-89.5719,15.473],[-89.5725,15.4735],[-89.573,15.4739],[-89.5736,15.4741],[-89.5745,15.4741],[-89.5796,15.4742],[-89.581,15.4743],[-89.5816,15.4745],[-89.5823,15.4749],[-89.5834,15.4753],[-89.5845,15.4758],[-89.5854,15.4762],[-89.586,15.4765],[-89.5867,15.4768],[-89.5875,15.4772],[-89.588,15.4775],[-89.5886,15.4778],[-89.5892,15.478],[-89.5893,15.478],[-89.59,15.4784],[-89.5903,15.4789],[-89.5906,15.4797],[-89.5907,15.4808],[-89.5908,15.4814],[-89.5909,15.4821],[-89.5908,15.4828],[-89.5907,15.4832],[-89.5906,15.4835],[-89.5903,15.484],[-89.59,15.4844],[-89.5896,15.4848],[-89.5886,15.4854],[-89.5873,15.4867],[-89.5806,15.4905],[-89.5742,15.4934],[-89.5687,15.4973],[-89.5669,15.499],[-89.567,15.5018],[-89.567,15.5026],[-89.5693,15.5054],[-89.5697,15.5065],[-89.5726,15.5091],[-89.5729,15.5101],[-89.5763,15.5114],[-89.5816,15.5154],[-89.5828,15.5182],[-89.5829,15.5214],[-89.5829,15.522],[-89.5823,15.5232],[-89.5813,15.5257],[-89.5742,15.5426],[-89.5365,15.6353],[-89.5362,15.6361],[-89.5044,15.6905],[-89.4933,15.7095],[-89.4933,15.7096],[-89.4784,15.7386],[-89.4781,15.7392],[-89.4743,15.7465],[-89.4729,15.7492],[-89.4709,15.7533],[-89.467,15.7608],[-89.4655,15.7636],[-89.4388,15.8157],[-89.4378,15.8159],[-89.4377,15.816],[-89.4374,15.8165],[-89.4372,15.8167],[-89.4371,15.8174],[-89.4373,15.8177],[-89.4371,15.8179],[-89.4366,15.818],[-89.4361,15.818],[-89.4356,15.8182],[-89.4354,15.8186],[-89.4353,15.8191],[-89.435,15.8193],[-89.4348,15.8196],[-89.4342,15.8202],[-89.4339,15.8205],[-89.4338,15.8211],[-89.4338,15.8213],[-89.4337,15.8215],[-89.4334,15.8222],[-89.4331,15.8224],[-89.4328,15.8224],[-89.4323,15.8222],[-89.4321,15.8219],[-89.4315,15.8216],[-89.4311,15.8211],[-89.4306,15.8207],[-89.4301,15.8206],[-89.4296,15.8209],[-89.4293,15.8213],[-89.429,15.8214],[-89.4285,15.8212],[-89.4279,15.8209],[-89.4273,15.8209],[-89.427,15.8214],[-89.4269,15.8217],[-89.4266,15.822],[-89.4264,15.8219],[-89.4258,15.8217],[-89.4254,15.8215],[-89.4254,15.8215],[-89.425,15.8216],[-89.4246,15.822],[-89.4244,15.8225],[-89.4244,15.8231],[-89.4246,15.8235],[-89.4249,15.8236],[-89.4255,15.8237],[-89.4262,15.823],[-89.4265,15.823],[-89.4267,15.823],[-89.4272,15.8233],[-89.4278,15.8237],[-89.4279,15.8247],[-89.4276,15.8257],[-89.4274,15.826],[-89.4271,15.8269],[-89.4267,15.8273],[-89.4261,15.8274],[-89.4256,15.8272],[-89.4249,15.8271],[-89.4242,15.8273],[-89.4237,15.8274],[-89.4228,15.8274],[-89.4226,15.8274],[-89.4224,15.8279],[-89.4225,15.8283],[-89.4224,15.8285],[-89.4222,15.8287],[-89.4218,15.829],[-89.4211,15.8291],[-89.4208,15.8291],[-89.4204,15.8292],[-89.4201,15.8294],[-89.42,15.8296],[-89.4195,15.8298],[-89.4193,15.8301],[-89.4192,15.8301],[-89.419,15.8302],[-89.4187,15.83],[-89.4182,15.8299],[-89.4179,15.8299],[-89.4178,15.8304],[-89.4179,15.8309],[-89.4182,15.8311],[-89.4185,15.8314],[-89.4187,15.8318],[-89.4193,15.832],[-89.4193,15.8324],[-89.4196,15.8326],[-89.42,15.8324],[-89.4201,15.832],[-89.4203,15.8318],[-89.4206,15.8317],[-89.4208,15.832],[-89.4209,15.8322],[-89.4209,15.8329],[-89.4209,15.8335],[-89.4206,15.8339],[-89.4202,15.8342],[-89.4198,15.8343],[-89.4195,15.8347],[-89.4194,15.835],[-89.4188,15.8352],[-89.4184,15.8353],[-89.4182,15.8357],[-89.4182,15.836],[-89.4182,15.8365],[-89.4181,15.837],[-89.4178,15.8375],[-89.4176,15.8376],[-89.4173,15.8379],[-89.4173,15.8382],[-89.417,15.8383],[-89.4169,15.8385],[-89.4168,15.8387],[-89.4171,15.8389],[-89.4173,15.8391],[-89.4177,15.8393],[-89.418,15.8395],[-89.4178,15.8397],[-89.4174,15.8398],[-89.4171,15.8399],[-89.417,15.8401],[-89.4169,15.8407],[-89.417,15.841],[-89.4168,15.8412],[-89.4164,15.8416],[-89.4159,15.8418],[-89.4156,15.8421],[-89.4154,15.8426],[-89.4155,15.843],[-89.416,15.8433],[-89.4164,15.8435],[-89.4168,15.844],[-89.417,15.8444],[-89.417,15.8446],[-89.417,15.8449],[-89.4168,15.8454],[-89.4167,15.8458],[-89.4166,15.8461],[-89.4162,15.8461],[-89.4157,15.8461],[-89.4153,15.8459],[-89.4151,15.8457],[-89.4148,15.8456],[-89.4144,15.8455],[-89.4141,15.8454],[-89.4135,15.8457],[-89.4135,15.8457],[-89.4134,15.8461],[-89.4132,15.8465],[-89.4132,15.8466],[-89.4125,15.8467],[-89.4121,15.8466],[-89.4117,15.8465],[-89.4113,15.8466],[-89.411,15.8465],[-89.4108,15.8465],[-89.4102,15.8468],[-89.4099,15.8467],[-89.4099,15.8463],[-89.4101,15.846],[-89.4105,15.8458],[-89.4108,15.8454],[-89.4109,15.8452],[-89.411,15.845],[-89.4111,15.8447],[-89.4112,15.8442],[-89.4109,15.8439],[-89.4105,15.8438],[-89.4101,15.8438],[-89.4096,15.8439],[-89.4094,15.8445],[-89.4094,15.845],[-89.4093,15.8455],[-89.4093,15.8457],[-89.4091,15.8462],[-89.4088,15.8466],[-89.4085,15.8468],[-89.4081,15.847],[-89.4078,15.8473],[-89.4077,15.8474],[-89.4076,15.8478],[-89.408,15.8482],[-89.4085,15.8486],[-89.4091,15.8488],[-89.4095,15.8489],[-89.4099,15.8493],[-89.4104,15.8494],[-89.4109,15.8488],[-89.4111,15.8486],[-89.4113,15.8483],[-89.4118,15.8484],[-89.4118,15.8485],[-89.412,15.8488],[-89.4119,15.8491],[-89.4117,15.8495],[-89.4114,15.8498],[-89.4111,15.85],[-89.4106,15.8507],[-89.4106,15.851],[-89.4104,15.8515],[-89.4103,15.8519],[-89.4104,15.8522],[-89.4109,15.8525],[-89.4114,15.8524],[-89.4118,15.8521],[-89.4121,15.852],[-89.4123,15.8519],[-89.4126,15.852],[-89.4126,15.8521],[-89.4126,15.8521],[-89.4126,15.8524],[-89.4126,15.8526],[-89.4122,15.853],[-89.4119,15.8532],[-89.4119,15.8534],[-89.4119,15.8538],[-89.4121,15.8541],[-89.4124,15.8542],[-89.413,15.854],[-89.4133,15.8538],[-89.4137,15.8537],[-89.4139,15.854],[-89.4139,15.854],[-89.4138,15.8544],[-89.4136,15.8549],[-89.4135,15.8551],[-89.4128,15.8555],[-89.4125,15.8556],[-89.4124,15.8557],[-89.412,15.8559],[-89.4114,15.8561],[-89.4109,15.8563]]]}},{"type":"Feature","properties":{"name":"Suchitepéquez","id":"GT-SU"},"geometry":{"type":"Polygon","coordinates":[[[-91.1187,14.5153],[-91.1241,14.5175],[-91.1245,14.5208],[-91.1248,14.5231],[-91.1253,14.5235],[-91.1283,14.5254],[-91.1286,14.5316],[-91.1294,14.5345],[-91.1296,14.5347],[-91.1317,14.5394],[-91.1355,14.5454],[-91.1377,14.5461],[-91.1387,14.5472],[-91.1398,14.5483],[-91.1436,14.5513],[-91.1471,14.5524],[-91.1494,14.5533],[-91.16,14.5582],[-91.1595,14.554],[-91.1679,14.5561],[-91.1722,14.5572],[-91.1764,14.5571],[-91.1789,14.561],[-91.1886,14.5624],[-91.1942,14.5627],[-91.1958,14.5628],[-91.2012,14.5619],[-91.2086,14.5602],[-91.2138,14.5578],[-91.2186,14.5558],[-91.2236,14.5563],[-91.2268,14.5548],[-91.2308,14.552],[-91.2341,14.5494],[-91.2368,14.5477],[-91.2395,14.5454],[-91.2435,14.542],[-91.2474,14.5397],[-91.2505,14.5382],[-91.251,14.5379],[-91.253,14.535],[-91.2528,14.5312],[-91.2526,14.5281],[-91.2526,14.5272],[-91.2538,14.5256],[-91.2553,14.5261],[-91.2549,14.5282],[-91.2546,14.5308],[-91.2557,14.532],[-91.2557,14.5334],[-91.2586,14.5331],[-91.2616,14.5313],[-91.2632,14.5311],[-91.264,14.5309],[-91.266,14.5309],[-91.2686,14.5326],[-91.2691,14.5336],[-91.2697,14.5347],[-91.271,14.5394],[-91.2715,14.5415],[-91.275,14.5436],[-91.276,14.5513],[-91.2779,14.5658],[-91.2822,14.5972],[-91.2854,14.6066],[-91.2877,14.607],[-91.2998,14.6091],[-91.3008,14.6105],[-91.3022,14.6121],[-91.303,14.6129],[-91.3129,14.6147],[-91.3117,14.6209],[-91.31,14.6224],[-91.3057,14.6258],[-91.3102,14.6313],[-91.3134,14.6334],[-91.3178,14.6361],[-91.321,14.6382],[-91.3285,14.6338],[-91.3299,14.6404],[-91.3306,14.6435],[-91.3531,14.6428],[-91.354,14.6428],[-91.3558,14.6425],[-91.3589,14.6393],[-91.3614,14.638],[-91.3634,14.6388],[-91.3643,14.6392],[-91.3666,14.6401],[-91.3694,14.6376],[-91.3699,14.6371],[-91.3724,14.6374],[-91.3745,14.6352],[-91.3755,14.6347],[-91.3811,14.6349],[-91.3905,14.6354],[-91.3914,14.6378],[-91.394,14.6398],[-91.398,14.6426],[-91.4,14.6411],[-91.4004,14.641],[-91.4021,14.6403],[-91.4046,14.6402],[-91.406,14.6405],[-91.408,14.6416],[-91.408,14.6416],[-91.4106,14.641],[-91.4146,14.6363],[-91.4163,14.6357],[-91.4213,14.635],[-91.4219,14.6349],[-91.4313,14.6253],[-91.4315,14.6251],[-91.4472,14.6074],[-91.447,14.6041],[-91.4462,14.6007],[-91.4465,14.5971],[-91.4474,14.5969],[-91.4502,14.5995],[-91.4516,14.6008],[-91.4647,14.5999],[-91.4815,14.6026],[-91.482,14.6006],[-91.4834,14.5949],[-91.4907,14.597],[-91.5056,14.6012],[-91.5066,14.6015],[-91.4908,14.6261],[-91.488,14.6291],[-91.4824,14.635],[-91.4802,14.6374],[-91.4819,14.6604],[-91.4829,14.6642],[-91.4845,14.672],[-91.4886,14.6844],[-91.4887,14.6848],[-91.4886,14.6851],[-91.4872,14.695],[-91.4875,14.7107],[-91.4875,14.7109],[-91.4984,14.6996],[-91.5037,14.6941],[-91.5074,14.6904],[-91.5112,14.6874],[-91.5144,14.686],[-91.515,14.6859],[-91.5152,14.6858],[-91.5209,14.6848],[-91.5213,14.6843],[-91.5225,14.6824],[-91.5207,14.68],[-91.5174,14.6755],[-91.52,14.6714],[-91.5229,14.6687],[-91.5276,14.6659],[-91.5336,14.6632],[-91.5414,14.6568],[-91.5442,14.6565],[-91.5453,14.656],[-91.5464,14.6556],[-91.5472,14.6545],[-91.5505,14.6501],[-91.5536,14.6443],[-91.5563,14.6398],[-91.5567,14.639],[-91.561,14.634],[-91.5613,14.6335],[-91.563,14.6302],[-91.5646,14.6225],[-91.566,14.6105],[-91.5683,14.6075],[-91.5706,14.6041],[-91.5721,14.5971],[-91.5722,14.5895],[-91.573,14.5859],[-91.573,14.5818],[-91.5732,14.5775],[-91.5733,14.5772],[-91.5733,14.5764],[-91.5733,14.5759],[-91.5734,14.5756],[-91.5736,14.5755],[-91.5736,14.5755],[-91.5737,14.5755],[-91.5742,14.5756],[-91.5743,14.5755],[-91.5744,14.5753],[-91.5744,14.5751],[-91.5743,14.575],[-91.5738,14.5745],[-91.5738,14.5744],[-91.5738,14.5744],[-91.5738,14.5742],[-91.5738,14.5741],[-91.5744,14.5739],[-91.5745,14.5739],[-91.5746,14.5738],[-91.5746,14.5735],[-91.5745,14.5733],[-91.5743,14.5731],[-91.5742,14.573],[-91.5742,14.573],[-91.5743,14.5729],[-91.5744,14.5729],[-91.5748,14.5728],[-91.5751,14.5727],[-91.5752,14.5727],[-91.5752,14.5727],[-91.5752,14.5724],[-91.5751,14.5721],[-91.5751,14.5718],[-91.5752,14.5715],[-91.5755,14.5713],[-91.5756,14.5712],[-91.5757,14.5711],[-91.5757,14.571],[-91.5756,14.5709],[-91.5754,14.5706],[-91.5753,14.5706],[-91.5752,14.5703],[-91.5752,14.5702],[-91.5753,14.5702],[-91.5753,14.5701],[-91.5759,14.5701],[-91.576,14.5701],[-91.5762,14.57],[-91.5763,14.57],[-91.5763,14.5698],[-91.5763,14.5697],[-91.5762,14.5689],[-91.5761,14.5686],[-91.5762,14.5684],[-91.5765,14.5682],[-91.5766,14.5681],[-91.5767,14.5675],[-91.5767,14.5666],[-91.5767,14.5663],[-91.5769,14.566],[-91.577,14.5658],[-91.5772,14.5657],[-91.5772,14.5656],[-91.5772,14.5652],[-91.5772,14.565],[-91.5773,14.5647],[-91.5772,14.5646],[-91.577,14.5646],[-91.5769,14.5645],[-91.5769,14.5643],[-91.5769,14.5641],[-91.5769,14.5636],[-91.5771,14.5632],[-91.5772,14.5629],[-91.5775,14.5619],[-91.5776,14.5612],[-91.5776,14.5612],[-91.5778,14.5609],[-91.5779,14.5602],[-91.5778,14.5591],[-91.5778,14.5589],[-91.5779,14.5588],[-91.578,14.5588],[-91.5788,14.5586],[-91.5789,14.5583],[-91.5789,14.5581],[-91.5788,14.5579],[-91.5787,14.5577],[-91.5788,14.5576],[-91.5789,14.5574],[-91.5794,14.5572],[-91.5801,14.5563],[-91.5802,14.5562],[-91.5807,14.556],[-91.5807,14.5559],[-91.5805,14.5555],[-91.5804,14.5554],[-91.5805,14.5554],[-91.5809,14.5553],[-91.5814,14.555],[-91.5814,14.5549],[-91.5813,14.5547],[-91.5813,14.5547],[-91.5811,14.5546],[-91.581,14.5545],[-91.5809,14.5544],[-91.5809,14.5542],[-91.5811,14.5538],[-91.5812,14.5537],[-91.5813,14.5537],[-91.5816,14.5537],[-91.5819,14.5535],[-91.5819,14.5534],[-91.582,14.5532],[-91.582,14.553],[-91.5818,14.5526],[-91.5815,14.552],[-91.5814,14.5519],[-91.5814,14.5518],[-91.5813,14.5516],[-91.5814,14.5515],[-91.5815,14.5515],[-91.5817,14.5513],[-91.5818,14.5512],[-91.5818,14.5511],[-91.5818,14.5511],[-91.5819,14.551],[-91.5822,14.5508],[-91.5823,14.5507],[-91.5826,14.55],[-91.5827,14.549],[-91.5829,14.5488],[-91.5836,14.5478],[-91.5837,14.5474],[-91.5839,14.5469],[-91.5839,14.5462],[-91.5848,14.5438],[-91.5852,14.5428],[-91.5858,14.5418],[-91.5862,14.5412],[-91.5866,14.5409],[-91.5875,14.5405],[-91.5876,14.5404],[-91.5879,14.5393],[-91.5881,14.5389],[-91.5888,14.538],[-91.589,14.5376],[-91.5892,14.5365],[-91.5892,14.5359],[-91.5891,14.5351],[-91.5889,14.5347],[-91.5886,14.5345],[-91.5885,14.5343],[-91.5884,14.5342],[-91.5884,14.5338],[-91.5885,14.5336],[-91.5891,14.5326],[-91.5891,14.5324],[-91.5891,14.5319],[-91.5891,14.5315],[-91.5889,14.531],[-91.5888,14.5308],[-91.5887,14.5308],[-91.5883,14.531],[-91.5882,14.531],[-91.5881,14.5309],[-91.5875,14.5302],[-91.5868,14.5297],[-91.5867,14.5295],[-91.5867,14.5294],[-91.5868,14.5293],[-91.5871,14.5291],[-91.5872,14.5289],[-91.5868,14.5285],[-91.5867,14.5283],[-91.5867,14.5279],[-91.5867,14.5278],[-91.5868,14.5277],[-91.5869,14.5276],[-91.5869,14.5276],[-91.587,14.5276],[-91.5873,14.5278],[-91.5876,14.5278],[-91.5879,14.5276],[-91.5879,14.5276],[-91.588,14.5274],[-91.588,14.5273],[-91.5879,14.527],[-91.5873,14.5258],[-91.5872,14.5255],[-91.5872,14.5249],[-91.5871,14.5234],[-91.5868,14.5228],[-91.5851,14.5202],[-91.5847,14.5197],[-91.5846,14.5196],[-91.584,14.5191],[-91.584,14.519],[-91.584,14.5189],[-91.5841,14.5184],[-91.5841,14.5183],[-91.5842,14.5165],[-91.5844,14.515],[-91.5843,14.5148],[-91.5842,14.5148],[-91.5841,14.5148],[-91.5837,14.5151],[-91.5835,14.5151],[-91.5834,14.515],[-91.5834,14.5149],[-91.5833,14.5142],[-91.5829,14.5136],[-91.5828,14.5135],[-91.5828,14.5134],[-91.5827,14.5125],[-91.5827,14.5119],[-91.5827,14.5118],[-91.5829,14.5112],[-91.583,14.5104],[-91.5829,14.5102],[-91.5829,14.509],[-91.5828,14.5081],[-91.5829,14.5078],[-91.5824,14.5068],[-91.5823,14.5065],[-91.5823,14.5064],[-91.5825,14.5062],[-91.5831,14.5058],[-91.5831,14.5056],[-91.5825,14.5043],[-91.5824,14.504],[-91.5825,14.5039],[-91.5833,14.5038],[-91.5836,14.5036],[-91.5837,14.5035],[-91.5838,14.5033],[-91.5838,14.5031],[-91.5838,14.5029],[-91.5837,14.5028],[-91.5836,14.5027],[-91.5834,14.5027],[-91.5829,14.5028],[-91.5825,14.5029],[-91.5821,14.5026],[-91.5819,14.5024],[-91.5816,14.502],[-91.5814,14.5017],[-91.5813,14.5014],[-91.5813,14.5012],[-91.5813,14.501],[-91.5813,14.5009],[-91.5814,14.5007],[-91.5817,14.5002],[-91.5822,14.4995],[-91.5824,14.4993],[-91.5824,14.4992],[-91.5823,14.4991],[-91.5823,14.499],[-91.5822,14.4985],[-91.5822,14.4983],[-91.5823,14.4983],[-91.5824,14.4982],[-91.5825,14.4982],[-91.5827,14.4982],[-91.5828,14.4982],[-91.5833,14.498],[-91.5836,14.4978],[-91.5836,14.4977],[-91.5837,14.4976],[-91.5837,14.4971],[-91.5835,14.4965],[-91.5835,14.4962],[-91.5836,14.4961],[-91.5837,14.4958],[-91.5842,14.495],[-91.5843,14.4947],[-91.5847,14.4942],[-91.5847,14.494],[-91.5846,14.4933],[-91.5845,14.4932],[-91.5842,14.4929],[-91.5837,14.4927],[-91.5834,14.4926],[-91.5829,14.4922],[-91.5827,14.4918],[-91.5826,14.4915],[-91.5826,14.4915],[-91.5826,14.4913],[-91.5825,14.4912],[-91.5822,14.491],[-91.5822,14.4909],[-91.5822,14.4907],[-91.5823,14.4904],[-91.5824,14.4902],[-91.583,14.4895],[-91.583,14.4893],[-91.583,14.4891],[-91.583,14.4889],[-91.5829,14.4887],[-91.5828,14.4886],[-91.5827,14.4885],[-91.5824,14.4885],[-91.5824,14.4885],[-91.5822,14.4885],[-91.5822,14.4886],[-91.5821,14.4889],[-91.582,14.4892],[-91.5819,14.4893],[-91.5817,14.4893],[-91.5817,14.4893],[-91.5812,14.4893],[-91.5807,14.4891],[-91.5807,14.4891],[-91.5806,14.489],[-91.5804,14.4884],[-91.5804,14.4883],[-91.5804,14.4881],[-91.5803,14.4878],[-91.5802,14.4877],[-91.5802,14.4875],[-91.5803,14.4873],[-91.5803,14.4872],[-91.5807,14.4871],[-91.5808,14.4869],[-91.5808,14.4869],[-91.5808,14.4867],[-91.5806,14.4864],[-91.5806,14.4861],[-91.5806,14.486],[-91.5804,14.4858],[-91.5804,14.4856],[-91.5805,14.4854],[-91.5804,14.485],[-91.5804,14.4849],[-91.5804,14.4848],[-91.5805,14.4845],[-91.5806,14.4843],[-91.581,14.4841],[-91.5811,14.484],[-91.5812,14.4839],[-91.5813,14.4837],[-91.5812,14.4835],[-91.5812,14.4835],[-91.581,14.4835],[-91.5806,14.4836],[-91.5804,14.4836],[-91.5803,14.4836],[-91.5802,14.4835],[-91.5801,14.4835],[-91.5801,14.4833],[-91.5801,14.4833],[-91.5802,14.4832],[-91.5803,14.4831],[-91.5804,14.4829],[-91.5806,14.4827],[-91.5806,14.4826],[-91.5806,14.4824],[-91.5805,14.4821],[-91.5804,14.4819],[-91.5806,14.4815],[-91.5807,14.4812],[-91.5809,14.481],[-91.581,14.481],[-91.581,14.481],[-91.5812,14.4812],[-91.5813,14.4813],[-91.5815,14.4814],[-91.5816,14.4814],[-91.5817,14.4813],[-91.5818,14.4812],[-91.5819,14.4808],[-91.582,14.4807],[-91.5826,14.4803],[-91.5832,14.4794],[-91.5833,14.4793],[-91.5833,14.479],[-91.5833,14.479],[-91.5832,14.4784],[-91.5831,14.4781],[-91.5829,14.4776],[-91.5828,14.4774],[-91.5828,14.4773],[-91.5828,14.4771],[-91.5833,14.476],[-91.5835,14.4752],[-91.5835,14.475],[-91.5834,14.4748],[-91.5833,14.4748],[-91.5832,14.4748],[-91.583,14.4749],[-91.5828,14.4749],[-91.5826,14.4748],[-91.5823,14.4745],[-91.5821,14.4742],[-91.582,14.4741],[-91.5815,14.4733],[-91.5814,14.4732],[-91.5814,14.4731],[-91.5814,14.4729],[-91.5813,14.4726],[-91.5813,14.4713],[-91.581,14.4703],[-91.581,14.4697],[-91.5812,14.4693],[-91.5812,14.4691],[-91.5811,14.4686],[-91.5812,14.4682],[-91.5814,14.4678],[-91.5814,14.4676],[-91.5813,14.4674],[-91.5814,14.4669],[-91.5819,14.4662],[-91.5823,14.466],[-91.5832,14.4658],[-91.5834,14.4656],[-91.5833,14.4654],[-91.583,14.4651],[-91.5829,14.4647],[-91.583,14.4644],[-91.5836,14.4641],[-91.5838,14.4639],[-91.5836,14.4637],[-91.5829,14.4632],[-91.5828,14.463],[-91.583,14.4627],[-91.5834,14.4623],[-91.5834,14.4621],[-91.5832,14.4619],[-91.5826,14.4615],[-91.5821,14.4613],[-91.5817,14.4611],[-91.5815,14.461],[-91.5813,14.4604],[-91.5812,14.4601],[-91.5813,14.4597],[-91.5814,14.4595],[-91.5814,14.4595],[-91.5818,14.4593],[-91.5819,14.4591],[-91.5819,14.4589],[-91.5817,14.4585],[-91.5818,14.4583],[-91.5823,14.4581],[-91.5824,14.4579],[-91.5824,14.4577],[-91.5816,14.4573],[-91.5816,14.4572],[-91.5813,14.4569],[-91.5813,14.4566],[-91.5814,14.4564],[-91.5814,14.4563],[-91.5819,14.4561],[-91.582,14.4558],[-91.5819,14.4555],[-91.5818,14.4554],[-91.5813,14.4552],[-91.5811,14.4551],[-91.581,14.4549],[-91.581,14.4546],[-91.581,14.4545],[-91.5811,14.4539],[-91.581,14.4534],[-91.5809,14.4528],[-91.5806,14.4522],[-91.5807,14.4518],[-91.581,14.4513],[-91.5813,14.451],[-91.5813,14.4508],[-91.5813,14.4505],[-91.5811,14.4503],[-91.5808,14.4501],[-91.5807,14.4498],[-91.5808,14.4495],[-91.5818,14.4484],[-91.5819,14.4481],[-91.5819,14.4479],[-91.5817,14.4478],[-91.5812,14.4477],[-91.581,14.4475],[-91.581,14.4473],[-91.5814,14.4468],[-91.5815,14.4465],[-91.5815,14.4457],[-91.5813,14.4453],[-91.5814,14.445],[-91.5815,14.4446],[-91.5815,14.4444],[-91.5813,14.444],[-91.5811,14.4439],[-91.5809,14.4437],[-91.5809,14.4435],[-91.5809,14.4433],[-91.5813,14.4431],[-91.5816,14.4431],[-91.5818,14.443],[-91.5818,14.4428],[-91.5818,14.4421],[-91.5819,14.4419],[-91.5824,14.4416],[-91.5824,14.4414],[-91.5824,14.441],[-91.5824,14.4404],[-91.5825,14.44],[-91.5828,14.4397],[-91.5829,14.4392],[-91.583,14.4385],[-91.5832,14.438],[-91.5834,14.4379],[-91.5835,14.4377],[-91.5834,14.4375],[-91.5831,14.4373],[-91.5831,14.437],[-91.5832,14.4368],[-91.5835,14.4368],[-91.584,14.4367],[-91.5843,14.4366],[-91.5845,14.4364],[-91.5845,14.4359],[-91.5842,14.4353],[-91.584,14.4346],[-91.584,14.4338],[-91.5841,14.4328],[-91.584,14.4325],[-91.5837,14.4322],[-91.5834,14.4318],[-91.5835,14.4313],[-91.5839,14.4306],[-91.5842,14.4303],[-91.5843,14.43],[-91.5843,14.4296],[-91.5841,14.4294],[-91.5838,14.4294],[-91.5836,14.4292],[-91.5836,14.4289],[-91.5839,14.4282],[-91.5846,14.4274],[-91.5851,14.4267],[-91.5856,14.4258],[-91.5859,14.425],[-91.5861,14.4244],[-91.586,14.4239],[-91.5858,14.4236],[-91.5855,14.4235],[-91.5846,14.4234],[-91.5846,14.4234],[-91.5843,14.4232],[-91.584,14.4228],[-91.584,14.4225],[-91.584,14.4221],[-91.5841,14.4218],[-91.584,14.4215],[-91.5838,14.4214],[-91.5837,14.4214],[-91.5836,14.4214],[-91.5833,14.4215],[-91.5829,14.4215],[-91.5826,14.4214],[-91.5825,14.4213],[-91.5827,14.4211],[-91.5834,14.4209],[-91.5836,14.4206],[-91.5836,14.4206],[-91.584,14.4197],[-91.584,14.4194],[-91.5838,14.4193],[-91.5835,14.4192],[-91.5835,14.4192],[-91.5832,14.4187],[-91.5832,14.4183],[-91.5832,14.4175],[-91.5833,14.4172],[-91.5833,14.4172],[-91.5836,14.417],[-91.5839,14.417],[-91.5846,14.4171],[-91.5848,14.417],[-91.5849,14.4168],[-91.5847,14.4166],[-91.5845,14.4163],[-91.5845,14.416],[-91.5842,14.4154],[-91.5838,14.415],[-91.5836,14.4147],[-91.5836,14.4145],[-91.5836,14.4145],[-91.5838,14.4144],[-91.5847,14.4143],[-91.5849,14.414],[-91.585,14.4137],[-91.5854,14.4126],[-91.5853,14.4123],[-91.5851,14.4122],[-91.5847,14.4121],[-91.5843,14.4119],[-91.5842,14.4116],[-91.5842,14.4116],[-91.5842,14.4116],[-91.5843,14.4114],[-91.585,14.411],[-91.5851,14.4108],[-91.585,14.4104],[-91.5846,14.4099],[-91.5843,14.4094],[-91.5843,14.409],[-91.5842,14.4086],[-91.5839,14.4084],[-91.5838,14.4083],[-91.5835,14.4082],[-91.5834,14.4079],[-91.5835,14.4077],[-91.5836,14.4076],[-91.5839,14.4075],[-91.584,14.4073],[-91.584,14.4071],[-91.5836,14.4069],[-91.5835,14.4068],[-91.5835,14.4067],[-91.5835,14.4066],[-91.5836,14.4065],[-91.5842,14.406],[-91.5845,14.4057],[-91.5847,14.4054],[-91.5849,14.4054],[-91.585,14.4053],[-91.5851,14.4047],[-91.5854,14.4043],[-91.5861,14.404],[-91.587,14.4033],[-91.5875,14.4031],[-91.5876,14.4029],[-91.5878,14.4021],[-91.588,14.4019],[-91.5883,14.4019],[-91.5887,14.4014],[-91.5892,14.401],[-91.5896,14.4007],[-91.5898,14.4004],[-91.5898,14.3999],[-91.5897,14.3996],[-91.5895,14.3993],[-91.5891,14.399],[-91.5888,14.3989],[-91.5883,14.3986],[-91.5881,14.3984],[-91.5882,14.3983],[-91.5882,14.3982],[-91.589,14.3973],[-91.5894,14.3965],[-91.5898,14.3962],[-91.59,14.3959],[-91.5898,14.3955],[-91.5898,14.395],[-91.5898,14.3942],[-91.5898,14.3934],[-91.5897,14.3931],[-91.5895,14.3928],[-91.5895,14.3925],[-91.5897,14.3924],[-91.5901,14.3923],[-91.5909,14.392],[-91.5918,14.3914],[-91.5931,14.3904],[-91.5933,14.3904],[-91.5935,14.3905],[-91.5936,14.391],[-91.5938,14.391],[-91.594,14.3909],[-91.5946,14.39],[-91.5952,14.3892],[-91.5959,14.3889],[-91.5963,14.3889],[-91.5966,14.3888],[-91.597,14.3886],[-91.5972,14.3884],[-91.5973,14.3883],[-91.597,14.3878],[-91.5964,14.3876],[-91.5958,14.3873],[-91.5957,14.3872],[-91.5953,14.3868],[-91.5951,14.3866],[-91.5951,14.3864],[-91.595,14.3864],[-91.595,14.386],[-91.5951,14.3856],[-91.5949,14.3847],[-91.5947,14.384],[-91.5947,14.3837],[-91.5948,14.3835],[-91.595,14.3834],[-91.5952,14.3835],[-91.5955,14.3836],[-91.5958,14.3836],[-91.5961,14.3834],[-91.5962,14.3831],[-91.5955,14.382],[-91.5946,14.3812],[-91.5943,14.381],[-91.5935,14.3804],[-91.5928,14.3802],[-91.5927,14.3799],[-91.5926,14.3795],[-91.5925,14.3789],[-91.592,14.3779],[-91.5919,14.3772],[-91.592,14.3768],[-91.5923,14.3765],[-91.5934,14.3761],[-91.5937,14.3759],[-91.5942,14.375],[-91.5944,14.3744],[-91.595,14.3733],[-91.5957,14.3727],[-91.5956,14.3724],[-91.5955,14.372],[-91.595,14.3719],[-91.5945,14.3717],[-91.5943,14.3717],[-91.5942,14.3715],[-91.5941,14.3706],[-91.5941,14.3702],[-91.5941,14.3696],[-91.5945,14.3688],[-91.5951,14.3679],[-91.5954,14.3669],[-91.5957,14.3661],[-91.5958,14.3653],[-91.5958,14.3649],[-91.5959,14.3646],[-91.5961,14.3645],[-91.5964,14.3646],[-91.5972,14.3648],[-91.5975,14.3648],[-91.5978,14.3648],[-91.598,14.3646],[-91.598,14.3642],[-91.5978,14.3636],[-91.5975,14.3626],[-91.597,14.3615],[-91.5961,14.3602],[-91.5961,14.3602],[-91.5961,14.3602],[-91.5959,14.3599],[-91.5957,14.3594],[-91.5957,14.3591],[-91.5959,14.359],[-91.596,14.359],[-91.5973,14.3582],[-91.598,14.3578],[-91.5986,14.3577],[-91.6,14.3579],[-91.6005,14.3578],[-91.6007,14.3575],[-91.6008,14.3571],[-91.6008,14.3566],[-91.6006,14.3562],[-91.5998,14.3553],[-91.5997,14.3553],[-91.599,14.355],[-91.5984,14.3549],[-91.5982,14.3548],[-91.5982,14.3546],[-91.5982,14.3539],[-91.5982,14.3535],[-91.5982,14.3533],[-91.5985,14.353],[-91.5987,14.3524],[-91.5986,14.3519],[-91.5982,14.3517],[-91.5976,14.3516],[-91.5971,14.3515],[-91.596,14.3516],[-91.5957,14.3514],[-91.5955,14.3511],[-91.5956,14.3507],[-91.5956,14.3506],[-91.5961,14.35],[-91.5966,14.3499],[-91.5971,14.35],[-91.5974,14.3502],[-91.5977,14.3507],[-91.5981,14.351],[-91.5983,14.351],[-91.5987,14.3508],[-91.599,14.3502],[-91.5992,14.3497],[-91.5992,14.3492],[-91.5988,14.3487],[-91.5982,14.348],[-91.5979,14.3476],[-91.5976,14.3476],[-91.597,14.3472],[-91.5971,14.3469],[-91.5972,14.3468],[-91.5975,14.3465],[-91.5994,14.3452],[-91.6002,14.3445],[-91.6004,14.3443],[-91.6004,14.344],[-91.5996,14.3436],[-91.5994,14.3436],[-91.5973,14.3426],[-91.597,14.3426],[-91.5955,14.3421],[-91.5952,14.3419],[-91.5951,14.3416],[-91.5951,14.341],[-91.5951,14.341],[-91.5952,14.3404],[-91.595,14.3396],[-91.5946,14.3394],[-91.594,14.3392],[-91.5938,14.3393],[-91.5936,14.3393],[-91.5931,14.3396],[-91.5929,14.34],[-91.5929,14.3404],[-91.5929,14.341],[-91.5927,14.3415],[-91.5924,14.3418],[-91.592,14.3418],[-91.5913,14.3414],[-91.5905,14.3411],[-91.5899,14.3411],[-91.5892,14.3408],[-91.5888,14.3404],[-91.5887,14.3402],[-91.5886,14.3399],[-91.5884,14.3393],[-91.5885,14.339],[-91.5893,14.3383],[-91.5907,14.3381],[-91.5915,14.3382],[-91.5921,14.3386],[-91.5926,14.3388],[-91.5928,14.3386],[-91.593,14.3382],[-91.5936,14.3376],[-91.5938,14.3372],[-91.5939,14.3366],[-91.5937,14.3362],[-91.5932,14.3358],[-91.5931,14.3354],[-91.5932,14.3349],[-91.5935,14.3345],[-91.594,14.3343],[-91.5944,14.3343],[-91.5946,14.3342],[-91.5947,14.3336],[-91.5945,14.3332],[-91.5942,14.3328],[-91.5942,14.3324],[-91.5944,14.3322],[-91.5948,14.3319],[-91.5954,14.3317],[-91.5956,14.3316],[-91.5955,14.3313],[-91.595,14.3307],[-91.5948,14.3303],[-91.5945,14.3302],[-91.5944,14.3302],[-91.5936,14.3301],[-91.5931,14.3301],[-91.5929,14.33],[-91.5929,14.3297],[-91.593,14.3291],[-91.593,14.3291],[-91.5935,14.3289],[-91.5944,14.3287],[-91.595,14.329],[-91.5956,14.3289],[-91.5961,14.329],[-91.5966,14.3292],[-91.597,14.3291],[-91.5972,14.329],[-91.5974,14.3283],[-91.5978,14.3274],[-91.5977,14.3271],[-91.5971,14.3267],[-91.5963,14.3263],[-91.5963,14.326],[-91.5961,14.3257],[-91.5958,14.3257],[-91.595,14.3258],[-91.5946,14.3257],[-91.5945,14.3256],[-91.5944,14.325],[-91.5945,14.3245],[-91.5946,14.324],[-91.5947,14.3233],[-91.5949,14.3226],[-91.5951,14.3224],[-91.5955,14.3223],[-91.5961,14.3225],[-91.5965,14.3224],[-91.5969,14.3222],[-91.5971,14.3219],[-91.5972,14.3216],[-91.5971,14.3212],[-91.5964,14.3204],[-91.5964,14.3201],[-91.5968,14.3198],[-91.5971,14.3195],[-91.5974,14.3195],[-91.5978,14.3197],[-91.5983,14.3201],[-91.5987,14.3202],[-91.5989,14.3202],[-91.5991,14.3198],[-91.5991,14.3195],[-91.5989,14.3191],[-91.5986,14.3187],[-91.5985,14.3182],[-91.5987,14.318],[-91.599,14.3177],[-91.5997,14.3175],[-91.6001,14.3176],[-91.6004,14.3179],[-91.6008,14.3185],[-91.6011,14.3187],[-91.6016,14.3188],[-91.6022,14.3185],[-91.6026,14.3183],[-91.6031,14.3181],[-91.6037,14.3179],[-91.6041,14.3177],[-91.6045,14.3172],[-91.6045,14.3169],[-91.6045,14.3166],[-91.6042,14.3161],[-91.6037,14.3155],[-91.6036,14.3151],[-91.6038,14.3148],[-91.6046,14.3136],[-91.6051,14.3128],[-91.6054,14.3126],[-91.6058,14.3127],[-91.6061,14.313],[-91.6062,14.3135],[-91.6063,14.3139],[-91.6066,14.3139],[-91.6069,14.3137],[-91.607,14.3134],[-91.6074,14.3114],[-91.6077,14.3103],[-91.6076,14.31],[-91.6074,14.3099],[-91.607,14.31],[-91.6066,14.3102],[-91.606,14.3103],[-91.6055,14.31],[-91.6052,14.3093],[-91.6052,14.3089],[-91.6056,14.3081],[-91.6058,14.3081],[-91.6061,14.3083],[-91.6064,14.3083],[-91.6071,14.3081],[-91.6073,14.3078],[-91.6079,14.3071],[-91.6079,14.3068],[-91.6077,14.3064],[-91.6074,14.3061],[-91.6074,14.3057],[-91.6075,14.3053],[-91.6073,14.3044],[-91.6072,14.3038],[-91.6064,14.303],[-91.6055,14.3021],[-91.6054,14.3016],[-91.6054,14.3011],[-91.6056,14.3005],[-91.6059,14.2999],[-91.6064,14.2997],[-91.6068,14.2997],[-91.6096,14.3],[-91.6098,14.3],[-91.6102,14.2996],[-91.6107,14.2975],[-91.6106,14.297],[-91.6103,14.2964],[-91.61,14.2962],[-91.6089,14.2957],[-91.6087,14.2954],[-91.609,14.295],[-91.6094,14.2947],[-91.6096,14.2943],[-91.6096,14.2939],[-91.6097,14.2935],[-91.6102,14.2931],[-91.6103,14.2928],[-91.6103,14.2925],[-91.6099,14.2917],[-91.6099,14.2914],[-91.6101,14.291],[-91.6106,14.2906],[-91.6107,14.2904],[-91.6107,14.2902],[-91.6106,14.2898],[-91.6106,14.2895],[-91.6108,14.2893],[-91.6112,14.2892],[-91.6118,14.2893],[-91.6121,14.2895],[-91.6123,14.2899],[-91.6123,14.2907],[-91.6125,14.2917],[-91.6129,14.2922],[-91.6136,14.2927],[-91.614,14.2928],[-91.6148,14.2927],[-91.6156,14.2928],[-91.6158,14.2927],[-91.6159,14.2925],[-91.6155,14.2915],[-91.6152,14.2908],[-91.6146,14.2904],[-91.6144,14.2902],[-91.6144,14.2898],[-91.6145,14.2893],[-91.6145,14.2891],[-91.6143,14.2888],[-91.6138,14.2886],[-91.6133,14.2884],[-91.6132,14.2883],[-91.6131,14.288],[-91.6131,14.2872],[-91.6129,14.2868],[-91.6127,14.2866],[-91.6126,14.2864],[-91.6128,14.286],[-91.6135,14.2857],[-91.6139,14.2857],[-91.6143,14.2859],[-91.6151,14.2862],[-91.6157,14.2868],[-91.616,14.2869],[-91.6163,14.2869],[-91.6168,14.2866],[-91.6171,14.2864],[-91.6172,14.2859],[-91.6176,14.2851],[-91.6178,14.2849],[-91.618,14.285],[-91.6183,14.2851],[-91.6187,14.2855],[-91.619,14.2856],[-91.6192,14.2855],[-91.6193,14.2854],[-91.6193,14.2851],[-91.6191,14.2848],[-91.6187,14.2846],[-91.6185,14.2842],[-91.6187,14.2839],[-91.619,14.2835],[-91.6192,14.2834],[-91.6193,14.2831],[-91.6193,14.282],[-91.6195,14.2816],[-91.6195,14.2813],[-91.6194,14.2811],[-91.6191,14.2809],[-91.6181,14.2805],[-91.6177,14.2806],[-91.6171,14.2809],[-91.617,14.2809],[-91.6169,14.2807],[-91.6169,14.2805],[-91.6173,14.2801],[-91.6174,14.2796],[-91.6179,14.2791],[-91.6181,14.2787],[-91.6188,14.2781],[-91.6192,14.2776],[-91.6195,14.2775],[-91.62,14.2774],[-91.6202,14.2772],[-91.6202,14.277],[-91.6202,14.2769],[-91.62,14.2767],[-91.6196,14.2764],[-91.6195,14.2758],[-91.6191,14.275],[-91.6187,14.2742],[-91.6183,14.2738],[-91.6182,14.2733],[-91.6179,14.2726],[-91.6178,14.2724],[-91.6179,14.2721],[-91.6181,14.2721],[-91.6182,14.2722],[-91.6187,14.2729],[-91.619,14.273],[-91.6196,14.2732],[-91.62,14.2735],[-91.6205,14.274],[-91.6207,14.2741],[-91.6209,14.2741],[-91.6211,14.274],[-91.6213,14.2738],[-91.6213,14.2736],[-91.6212,14.2734],[-91.621,14.2733],[-91.621,14.2731],[-91.6211,14.2726],[-91.6209,14.2723],[-91.6209,14.2717],[-91.6206,14.2714],[-91.6204,14.271],[-91.6204,14.2708],[-91.6205,14.2705],[-91.621,14.2697],[-91.6212,14.2695],[-91.6215,14.2696],[-91.6217,14.2698],[-91.6222,14.2702],[-91.6224,14.2702],[-91.6224,14.2701],[-91.6224,14.2698],[-91.6223,14.2694],[-91.6223,14.2691],[-91.6224,14.269],[-91.6226,14.2688],[-91.6228,14.2687],[-91.6229,14.2683],[-91.6231,14.2682],[-91.6233,14.2682],[-91.6236,14.2684],[-91.6239,14.2684],[-91.6241,14.2682],[-91.6246,14.2675],[-91.6247,14.2672],[-91.6247,14.267],[-91.6242,14.2664],[-91.6242,14.2661],[-91.6242,14.2659],[-91.6241,14.2657],[-91.624,14.2654],[-91.624,14.2652],[-91.6242,14.2649],[-91.6243,14.2647],[-91.6239,14.2643],[-91.6236,14.2642],[-91.6233,14.2641],[-91.6232,14.264],[-91.6229,14.2636],[-91.6225,14.2634],[-91.6224,14.2633],[-91.6224,14.2631],[-91.6226,14.2628],[-91.6229,14.2626],[-91.6238,14.2623],[-91.6242,14.2623],[-91.6245,14.2625],[-91.6254,14.2635],[-91.6255,14.2635],[-91.6256,14.2634],[-91.6257,14.2633],[-91.6256,14.2628],[-91.6253,14.2624],[-91.6252,14.2621],[-91.6254,14.2618],[-91.6255,14.2614],[-91.6258,14.2612],[-91.6258,14.2611],[-91.6257,14.2609],[-91.6246,14.2605],[-91.6243,14.2603],[-91.6243,14.2601],[-91.6246,14.2598],[-91.6247,14.2595],[-91.6245,14.2592],[-91.624,14.2588],[-91.6241,14.2585],[-91.6243,14.2585],[-91.6246,14.258],[-91.6248,14.2579],[-91.6248,14.2577],[-91.6247,14.2576],[-91.6244,14.2574],[-91.6241,14.2574],[-91.6236,14.2575],[-91.6233,14.2574],[-91.6228,14.2572],[-91.6226,14.2569],[-91.6226,14.2568],[-91.6227,14.2566],[-91.6231,14.2565],[-91.6232,14.2563],[-91.6232,14.256],[-91.6232,14.2558],[-91.6233,14.2556],[-91.6242,14.2551],[-91.6242,14.255],[-91.6241,14.2547],[-91.6236,14.2542],[-91.6233,14.2536],[-91.6233,14.2531],[-91.6236,14.2524],[-91.6238,14.2518],[-91.6237,14.2515],[-91.6234,14.2511],[-91.6227,14.2501],[-91.6225,14.2499],[-91.6225,14.2497],[-91.6227,14.2494],[-91.624,14.2483],[-91.6245,14.2476],[-91.6248,14.2471],[-91.6248,14.2468],[-91.6248,14.2465],[-91.6246,14.2464],[-91.6243,14.2463],[-91.6242,14.2461],[-91.6243,14.246],[-91.6248,14.2457],[-91.6258,14.2453],[-91.6259,14.2451],[-91.626,14.245],[-91.6259,14.2448],[-91.6257,14.2449],[-91.6255,14.2448],[-91.6252,14.2446],[-91.6251,14.2443],[-91.6251,14.244],[-91.625,14.2439],[-91.6245,14.2437],[-91.6241,14.2437],[-91.6238,14.2439],[-91.6229,14.2445],[-91.6222,14.2452],[-91.6217,14.2453],[-91.6215,14.2452],[-91.6214,14.2451],[-91.6211,14.2435],[-91.621,14.2429],[-91.621,14.2425],[-91.6215,14.242],[-91.6221,14.2413],[-91.6229,14.2399],[-91.623,14.2395],[-91.6231,14.2388],[-91.6231,14.2382],[-91.6229,14.2375],[-91.6228,14.2368],[-91.623,14.2359],[-91.6229,14.2356],[-91.6229,14.2353],[-91.6227,14.2353],[-91.6225,14.2352],[-91.6221,14.2354],[-91.6218,14.2354],[-91.6215,14.2353],[-91.6212,14.2351],[-91.6211,14.2347],[-91.6211,14.2344],[-91.621,14.234],[-91.6208,14.2337],[-91.6208,14.2336],[-91.6209,14.2334],[-91.6213,14.2333],[-91.6219,14.2329],[-91.6221,14.2327],[-91.6221,14.2325],[-91.622,14.2323],[-91.6213,14.232],[-91.6212,14.2319],[-91.6212,14.2317],[-91.6215,14.2315],[-91.6219,14.2315],[-91.6226,14.2314],[-91.6226,14.2313],[-91.6224,14.231],[-91.6221,14.2306],[-91.6216,14.23],[-91.6214,14.2296],[-91.6209,14.229],[-91.6207,14.2287],[-91.6204,14.228],[-91.6204,14.2277],[-91.6205,14.2274],[-91.6208,14.227],[-91.6212,14.2266],[-91.6218,14.2261],[-91.6221,14.2256],[-91.6221,14.2252],[-91.622,14.2249],[-91.6215,14.2242],[-91.6215,14.2238],[-91.6217,14.2237],[-91.622,14.2236],[-91.6229,14.2237],[-91.623,14.2236],[-91.6231,14.2234],[-91.623,14.2228],[-91.623,14.2223],[-91.6228,14.222],[-91.6224,14.2218],[-91.6222,14.2214],[-91.622,14.2213],[-91.6214,14.2213],[-91.6206,14.2212],[-91.6205,14.2209],[-91.6206,14.2202],[-91.6208,14.2201],[-91.621,14.2201],[-91.6211,14.2202],[-91.6214,14.2204],[-91.6216,14.2205],[-91.6219,14.2205],[-91.622,14.2204],[-91.622,14.2192],[-91.6218,14.2188],[-91.6218,14.2185],[-91.6219,14.2183],[-91.6219,14.218],[-91.6212,14.2175],[-91.6211,14.2173],[-91.6211,14.217],[-91.6212,14.2168],[-91.6212,14.2165],[-91.621,14.2161],[-91.621,14.2159],[-91.6212,14.2157],[-91.6214,14.2155],[-91.622,14.2145],[-91.6222,14.2145],[-91.6228,14.2146],[-91.623,14.2145],[-91.6231,14.2143],[-91.623,14.2141],[-91.6226,14.2139],[-91.6224,14.2137],[-91.6224,14.2134],[-91.6225,14.2132],[-91.6226,14.213],[-91.6224,14.2127],[-91.6218,14.2123],[-91.6218,14.212],[-91.6218,14.2118],[-91.622,14.2116],[-91.6225,14.2114],[-91.623,14.2114],[-91.6233,14.2114],[-91.624,14.2116],[-91.6245,14.2116],[-91.6247,14.2116],[-91.6249,14.2115],[-91.6249,14.2113],[-91.6246,14.211],[-91.6245,14.2106],[-91.6241,14.2102],[-91.6241,14.21],[-91.6242,14.2099],[-91.6247,14.2099],[-91.6247,14.2098],[-91.6247,14.2094],[-91.6245,14.2091],[-91.6243,14.2089],[-91.624,14.2089],[-91.6238,14.2089],[-91.6236,14.2088],[-91.6235,14.2087],[-91.6235,14.2083],[-91.6233,14.208],[-91.6233,14.2078],[-91.6235,14.2074],[-91.6236,14.207],[-91.6237,14.2068],[-91.624,14.2066],[-91.6241,14.2064],[-91.6241,14.2062],[-91.6242,14.206],[-91.6243,14.206],[-91.6245,14.2061],[-91.6247,14.2061],[-91.6247,14.2059],[-91.6246,14.2055],[-91.6246,14.2052],[-91.6248,14.205],[-91.6252,14.2048],[-91.6262,14.2046],[-91.6266,14.2044],[-91.6267,14.2042],[-91.6266,14.204],[-91.6266,14.2038],[-91.6262,14.2035],[-91.6256,14.2031],[-91.6254,14.203],[-91.6255,14.2028],[-91.6257,14.2027],[-91.6259,14.2026],[-91.6265,14.2026],[-91.6266,14.2026],[-91.6267,14.2024],[-91.6265,14.202],[-91.6261,14.2016],[-91.6261,14.2014],[-91.6261,14.2012],[-91.6263,14.2011],[-91.6269,14.2012],[-91.6271,14.2011],[-91.6272,14.2012],[-91.6272,14.2013],[-91.6271,14.2015],[-91.6271,14.2017],[-91.6271,14.2017],[-91.6273,14.2017],[-91.6274,14.2016],[-91.6277,14.2012],[-91.6278,14.201],[-91.6279,14.2006],[-91.6281,14.2],[-91.6283,14.1997],[-91.6284,14.1992],[-91.6286,14.199],[-91.6289,14.199],[-91.6296,14.199],[-91.6299,14.1992],[-91.6302,14.1992],[-91.6304,14.1991],[-91.6309,14.199],[-91.6313,14.199],[-91.6321,14.199],[-91.6323,14.199],[-91.6324,14.1988],[-91.6327,14.1982],[-91.6328,14.1978],[-91.6328,14.1974],[-91.6328,14.197],[-91.6329,14.1967],[-91.633,14.1966],[-91.633,14.1963],[-91.6326,14.1961],[-91.6323,14.1958],[-91.6319,14.1957],[-91.6316,14.1952],[-91.6317,14.1951],[-91.6318,14.1949],[-91.6321,14.1948],[-91.6323,14.1949],[-91.6328,14.1953],[-91.6331,14.1954],[-91.6334,14.1957],[-91.6335,14.1958],[-91.634,14.1957],[-91.6343,14.1956],[-91.6347,14.1952],[-91.6353,14.1945],[-91.6356,14.1944],[-91.636,14.1943],[-91.6362,14.1942],[-91.6363,14.1939],[-91.6366,14.1927],[-91.6368,14.1925],[-91.637,14.1925],[-91.6372,14.1926],[-91.6373,14.1929],[-91.6378,14.1935],[-91.638,14.1936],[-91.6382,14.1936],[-91.6385,14.1934],[-91.6386,14.1931],[-91.6388,14.1925],[-91.6391,14.1923],[-91.6396,14.1922],[-91.6399,14.1922],[-91.6404,14.1924],[-91.6407,14.1923],[-91.6416,14.1922],[-91.6417,14.1921],[-91.6418,14.1919],[-91.6418,14.1918],[-91.6416,14.1917],[-91.6412,14.1916],[-91.6404,14.1915],[-91.6403,14.1914],[-91.6403,14.1913],[-91.6407,14.1907],[-91.6414,14.1899],[-91.6419,14.1891],[-91.6422,14.188],[-91.6423,14.1873],[-91.6422,14.187],[-91.642,14.1866],[-91.6419,14.1858],[-91.6417,14.1854],[-91.6413,14.1847],[-91.6411,14.1845],[-91.6409,14.1844],[-91.6407,14.1846],[-91.6407,14.1848],[-91.6404,14.185],[-91.6402,14.185],[-91.64,14.1849],[-91.64,14.1847],[-91.6404,14.1839],[-91.641,14.1834],[-91.6416,14.1829],[-91.6419,14.1826],[-91.6423,14.1826],[-91.6426,14.1827],[-91.6426,14.1829],[-91.6425,14.1831],[-91.6426,14.1833],[-91.6428,14.1835],[-91.6431,14.1835],[-91.6435,14.1833],[-91.6436,14.1831],[-91.6434,14.1828],[-91.6434,14.1825],[-91.6435,14.182],[-91.6436,14.1819],[-91.6442,14.1819],[-91.6444,14.1818],[-91.6444,14.1816],[-91.6445,14.1813],[-91.6447,14.1807],[-91.6447,14.1805],[-91.6446,14.18],[-91.6446,14.1795],[-91.6448,14.1792],[-91.6449,14.1789],[-91.6447,14.1787],[-91.6444,14.1786],[-91.6434,14.1784],[-91.6431,14.1784],[-91.6428,14.1786],[-91.6424,14.1788],[-91.6421,14.1788],[-91.6419,14.1787],[-91.6417,14.1786],[-91.6416,14.1783],[-91.6415,14.178],[-91.6415,14.1777],[-91.6417,14.1773],[-91.6418,14.1768],[-91.6418,14.1765],[-91.642,14.1763],[-91.6424,14.1761],[-91.643,14.176],[-91.6432,14.1761],[-91.6435,14.1763],[-91.6438,14.1765],[-91.6442,14.1765],[-91.6446,14.1764],[-91.6447,14.1763],[-91.6448,14.1761],[-91.6447,14.1754],[-91.6444,14.1748],[-91.6441,14.1746],[-91.6434,14.1742],[-91.6427,14.174],[-91.6424,14.1741],[-91.6421,14.1742],[-91.6417,14.1744],[-91.6414,14.1744],[-91.6412,14.1744],[-91.641,14.1742],[-91.6408,14.1738],[-91.6407,14.1729],[-91.6405,14.1724],[-91.6405,14.1721],[-91.6407,14.1719],[-91.6411,14.1717],[-91.6412,14.1715],[-91.6415,14.171],[-91.6416,14.171],[-91.6418,14.1711],[-91.642,14.1713],[-91.6421,14.1719],[-91.6423,14.1723],[-91.6425,14.1724],[-91.6428,14.1725],[-91.6431,14.1725],[-91.6432,14.1723],[-91.6438,14.1719],[-91.6445,14.1712],[-91.6448,14.1706],[-91.6449,14.1704],[-91.6448,14.1698],[-91.6449,14.1697],[-91.6452,14.1696],[-91.6455,14.1695],[-91.6457,14.1696],[-91.6457,14.1698],[-91.6456,14.1704],[-91.6458,14.1705],[-91.6459,14.1706],[-91.6461,14.1705],[-91.6462,14.1702],[-91.6464,14.1696],[-91.6469,14.1691],[-91.6476,14.1689],[-91.6478,14.1688],[-91.6478,14.1687],[-91.6478,14.1685],[-91.6474,14.1683],[-91.6472,14.1682],[-91.6471,14.168],[-91.6473,14.1677],[-91.6479,14.1674],[-91.6487,14.1672],[-91.6489,14.167],[-91.6489,14.1668],[-91.6488,14.1666],[-91.6485,14.1664],[-91.6483,14.1664],[-91.6478,14.1666],[-91.6476,14.1665],[-91.6476,14.1664],[-91.6478,14.1661],[-91.6479,14.1658],[-91.648,14.1658],[-91.6482,14.1658],[-91.6484,14.1659],[-91.6488,14.1661],[-91.649,14.1661],[-91.6491,14.166],[-91.6491,14.1659],[-91.6491,14.1657],[-91.6489,14.1651],[-91.649,14.1649],[-91.6491,14.1649],[-91.6493,14.1649],[-91.6496,14.165],[-91.6499,14.165],[-91.6502,14.1649],[-91.6505,14.1648],[-91.6506,14.1647],[-91.6505,14.1645],[-91.6504,14.1643],[-91.6501,14.1642],[-91.6495,14.1643],[-91.6492,14.1644],[-91.649,14.1642],[-91.6486,14.1638],[-91.6484,14.1634],[-91.6483,14.1632],[-91.6483,14.163],[-91.6484,14.1628],[-91.6486,14.1625],[-91.6486,14.162],[-91.6488,14.1619],[-91.649,14.162],[-91.6495,14.162],[-91.6503,14.1619],[-91.6508,14.1617],[-91.6515,14.1616],[-91.6517,14.1615],[-91.6517,14.1614],[-91.6517,14.1612],[-91.6511,14.1607],[-91.6509,14.1605],[-91.651,14.16],[-91.6513,14.1599],[-91.6516,14.1598],[-91.6519,14.1599],[-91.652,14.1601],[-91.6522,14.1602],[-91.6524,14.1601],[-91.6526,14.16],[-91.6528,14.1596],[-91.653,14.1595],[-91.6532,14.1595],[-91.6534,14.1595],[-91.6534,14.1594],[-91.6533,14.1592],[-91.6531,14.1591],[-91.653,14.159],[-91.6528,14.1588],[-91.6525,14.1587],[-91.6519,14.1587],[-91.6515,14.1585],[-91.6513,14.1583],[-91.6508,14.1576],[-91.6508,14.1574],[-91.651,14.1569],[-91.6514,14.1563],[-91.6519,14.156],[-91.6519,14.1558],[-91.6518,14.1556],[-91.6515,14.1554],[-91.6511,14.1553],[-91.6509,14.1551],[-91.6506,14.1546],[-91.6506,14.1544],[-91.6508,14.1543],[-91.6521,14.1543],[-91.6525,14.1541],[-91.6539,14.1524],[-91.6542,14.152],[-91.6543,14.1516],[-91.6543,14.1513],[-91.6543,14.1506],[-91.6545,14.1503],[-91.6547,14.1503],[-91.6549,14.1504],[-91.655,14.1506],[-91.6551,14.151],[-91.6553,14.1512],[-91.6554,14.1512],[-91.6557,14.1511],[-91.656,14.1509],[-91.6563,14.1505],[-91.6565,14.1501],[-91.6566,14.1497],[-91.6567,14.1494],[-91.6582,14.1488],[-91.66,14.1471],[-91.6613,14.1453],[-91.6619,14.1432],[-91.6625,14.1413],[-91.6634,14.1402],[-91.6655,14.1379],[-91.6658,14.1367],[-91.6659,14.1356],[-91.6655,14.1344],[-91.6646,14.1337],[-91.6623,14.1325],[-91.6623,14.1325],[-91.6622,14.1324],[-91.6598,14.1307],[-91.6592,14.1299],[-91.6592,14.1292],[-91.6594,14.1284],[-91.6604,14.1272],[-91.6614,14.1267],[-91.6627,14.1255],[-91.6638,14.1243],[-91.6642,14.1241],[-91.6645,14.1238],[-91.6652,14.1238],[-91.6653,14.1238],[-91.668,14.125],[-91.6684,14.125],[-91.669,14.1247],[-91.6688,14.1246],[-91.6681,14.1242],[-91.6675,14.1239],[-91.6668,14.1235],[-91.6663,14.1233],[-91.6657,14.1229],[-91.665,14.1225],[-91.6645,14.1221],[-91.6637,14.1213],[-91.6633,14.121],[-91.6625,14.1204],[-91.6611,14.1199],[-91.6606,14.1196],[-91.6599,14.1194],[-91.659,14.1189],[-91.6577,14.1181],[-91.6556,14.1167],[-91.6521,14.1145],[-91.6489,14.1123],[-91.6455,14.1101],[-91.6436,14.1087],[-91.6409,14.1074],[-91.6371,14.1048],[-91.6334,14.1019],[-91.6304,14.1],[-91.6268,14.0978],[-91.6257,14.0969],[-91.6189,14.0917],[-91.6142,14.0885],[-91.6089,14.0852],[-91.6063,14.0837],[-91.6039,14.0822],[-91.6027,14.0814],[-91.5957,14.0768],[-91.5874,14.0721],[-91.5831,14.0696],[-91.5793,14.0671],[-91.5761,14.065],[-91.5738,14.0639],[-91.5692,14.0615],[-91.5682,14.0609],[-91.5658,14.0594],[-91.5604,14.0562],[-91.5571,14.0542],[-91.5527,14.0518],[-91.5507,14.0506],[-91.5493,14.0494],[-91.548,14.0485],[-91.5458,14.0474],[-91.5439,14.0466],[-91.542,14.046],[-91.5414,14.0461],[-91.5406,14.0458],[-91.5398,14.0456],[-91.5393,14.0457],[-91.5389,14.0455],[-91.5379,14.0459],[-91.5372,14.0458],[-91.5365,14.0452],[-91.5357,14.0445],[-91.5334,14.046],[-91.5314,14.048],[-91.5306,14.0497],[-91.5307,14.0519],[-91.531,14.0527],[-91.5319,14.0553],[-91.5336,14.0577],[-91.5344,14.0588],[-91.5351,14.0599],[-91.5351,14.061],[-91.5341,14.0626],[-91.5335,14.0637],[-91.5333,14.0653],[-91.533,14.0673],[-91.5318,14.069],[-91.5318,14.0695],[-91.5318,14.0696],[-91.5312,14.0711],[-91.5311,14.0737],[-91.5311,14.0755],[-91.5313,14.0778],[-91.5315,14.0783],[-91.5328,14.081],[-91.5326,14.0823],[-91.5316,14.0834],[-91.5303,14.0848],[-91.527,14.0868],[-91.5236,14.0895],[-91.5199,14.0919],[-91.5189,14.0929],[-91.5163,14.0952],[-91.5149,14.0977],[-91.5137,14.099],[-91.5087,14.104],[-91.5063,14.1091],[-91.5059,14.1098],[-91.5059,14.1098],[-91.5051,14.1145],[-91.5043,14.1175],[-91.5031,14.1205],[-91.5006,14.1227],[-91.5004,14.123],[-91.4996,14.1236],[-91.4953,14.1266],[-91.4909,14.1304],[-91.488,14.133],[-91.4871,14.1357],[-91.4865,14.1394],[-91.4865,14.1396],[-91.4859,14.1446],[-91.486,14.1465],[-91.486,14.1472],[-91.4862,14.1489],[-91.4862,14.1498],[-91.486,14.151],[-91.4858,14.1517],[-91.4854,14.1522],[-91.4844,14.1527],[-91.4836,14.1535],[-91.4814,14.1554],[-91.48,14.1571],[-91.4757,14.1619],[-91.4735,14.1642],[-91.47,14.1679],[-91.4677,14.1709],[-91.4643,14.1736],[-91.4603,14.1786],[-91.4592,14.1808],[-91.4576,14.1828],[-91.4571,14.1834],[-91.4567,14.1859],[-91.4566,14.1866],[-91.4559,14.1899],[-91.4558,14.1904],[-91.4549,14.1926],[-91.4532,14.1946],[-91.4505,14.1962],[-91.4489,14.1971],[-91.4482,14.1982],[-91.4479,14.2001],[-91.4478,14.2025],[-91.4485,14.2038],[-91.4486,14.2039],[-91.4487,14.204],[-91.4503,14.2049],[-91.4516,14.2056],[-91.4524,14.2061],[-91.4528,14.2064],[-91.4533,14.2074],[-91.4532,14.2085],[-91.4527,14.2092],[-91.4521,14.2096],[-91.4502,14.2105],[-91.4472,14.2113],[-91.4461,14.2124],[-91.4456,14.2133],[-91.4453,14.2137],[-91.4452,14.2152],[-91.4454,14.2177],[-91.4462,14.2199],[-91.4498,14.225],[-91.4499,14.2252],[-91.4505,14.2267],[-91.4506,14.2286],[-91.45,14.2309],[-91.4489,14.2346],[-91.4485,14.2393],[-91.4486,14.2419],[-91.4486,14.2421],[-91.4497,14.2443],[-91.4509,14.246],[-91.451,14.2461],[-91.4516,14.2479],[-91.4517,14.2496],[-91.4512,14.2512],[-91.4505,14.2528],[-91.4502,14.2534],[-91.4491,14.2541],[-91.4487,14.2546],[-91.4486,14.2548],[-91.4486,14.2552],[-91.449,14.2566],[-91.4492,14.257],[-91.4493,14.2571],[-91.4503,14.2586],[-91.4512,14.2604],[-91.452,14.262],[-91.4526,14.2634],[-91.4533,14.2653],[-91.4534,14.2658],[-91.4538,14.2674],[-91.4541,14.2683],[-91.4544,14.2687],[-91.4551,14.2688],[-91.4559,14.2686],[-91.4564,14.2684],[-91.4582,14.2682],[-91.4592,14.2682],[-91.4602,14.2687],[-91.4611,14.2688],[-91.4615,14.269],[-91.462,14.2692],[-91.4628,14.2697],[-91.4629,14.27],[-91.4629,14.2706],[-91.4627,14.2713],[-91.4623,14.272],[-91.4617,14.2728],[-91.4608,14.2736],[-91.4594,14.2751],[-91.4579,14.2765],[-91.4561,14.278],[-91.4551,14.2789],[-91.4544,14.2797],[-91.454,14.2807],[-91.4539,14.2816],[-91.4539,14.2824],[-91.4539,14.2829],[-91.4543,14.2842],[-91.4547,14.2854],[-91.4548,14.2858],[-91.4549,14.287],[-91.4545,14.2887],[-91.4544,14.2893],[-91.4544,14.2903],[-91.4545,14.2911],[-91.4546,14.2914],[-91.4547,14.2922],[-91.4551,14.2929],[-91.4555,14.293],[-91.4566,14.293],[-91.4591,14.2934],[-91.4602,14.2937],[-91.4606,14.2939],[-91.4611,14.2944],[-91.4612,14.295],[-91.461,14.2959],[-91.4605,14.2966],[-91.4595,14.2982],[-91.4588,14.2987],[-91.4584,14.2994],[-91.4583,14.3002],[-91.4583,14.301],[-91.4589,14.3019],[-91.4597,14.3028],[-91.46,14.3033],[-91.4603,14.3039],[-91.4603,14.304],[-91.4604,14.3046],[-91.46,14.3055],[-91.4594,14.3061],[-91.4593,14.3061],[-91.4582,14.3067],[-91.4566,14.3071],[-91.4553,14.3074],[-91.4549,14.3079],[-91.4546,14.3084],[-91.4538,14.3092],[-91.4526,14.3104],[-91.4521,14.3109],[-91.4513,14.3116],[-91.45,14.3123],[-91.4492,14.3132],[-91.4489,14.3142],[-91.4488,14.315],[-91.4484,14.3161],[-91.4478,14.3169],[-91.4467,14.3176],[-91.4449,14.3189],[-91.4441,14.3191],[-91.4431,14.3197],[-91.4426,14.3205],[-91.4422,14.3208],[-91.4413,14.3211],[-91.4393,14.3216],[-91.4382,14.3217],[-91.4363,14.3226],[-91.4344,14.323],[-91.4302,14.2876],[-91.4296,14.2846],[-91.428,14.2828],[-91.4273,14.2826],[-91.4206,14.2844],[-91.4113,14.2899],[-91.4111,14.2901],[-91.3946,14.3366],[-91.3885,14.3362],[-91.3869,14.3388],[-91.3867,14.3405],[-91.3862,14.3448],[-91.3855,14.3462],[-91.3846,14.3479],[-91.3846,14.3553],[-91.3832,14.3576],[-91.3763,14.3596],[-91.376,14.3628],[-91.3758,14.3654],[-91.3755,14.3658],[-91.3739,14.3677],[-91.3743,14.3718],[-91.3734,14.3745],[-91.3645,14.3773],[-91.3604,14.3804],[-91.3517,14.3811],[-91.3483,14.3814],[-91.3438,14.3851],[-91.338,14.3898],[-91.3312,14.3954],[-91.3271,14.3981],[-91.3235,14.3985],[-91.3233,14.3963],[-91.3328,14.3841],[-91.3348,14.3791],[-91.3314,14.3763],[-91.3344,14.3724],[-91.335,14.366],[-91.3397,14.357],[-91.3403,14.3523],[-91.3385,14.3466],[-91.3372,14.34],[-91.3409,14.3327],[-91.3452,14.3266],[-91.3442,14.3237],[-91.3423,14.3176],[-91.332,14.3224],[-91.32,14.3179],[-91.2817,14.3089],[-91.2798,14.3144],[-91.2801,14.3217],[-91.276,14.3278],[-91.268,14.329],[-91.2678,14.3363],[-91.2662,14.3362],[-91.2565,14.3356],[-91.256,14.333],[-91.2578,14.3306],[-91.2612,14.3222],[-91.263,14.3189],[-91.262,14.3124],[-91.2639,14.3081],[-91.2647,14.3043],[-91.2648,14.3039],[-91.2502,14.301],[-91.2381,14.299],[-91.1996,14.2926],[-91.174,14.2884],[-91.1576,14.2851],[-91.1536,14.2877],[-91.1529,14.287],[-91.1485,14.2827],[-91.1468,14.2859],[-91.1463,14.2867],[-91.1453,14.2945],[-91.1475,14.2983],[-91.147,14.2995],[-91.1465,14.3006],[-91.1458,14.3022],[-91.1458,14.3026],[-91.1455,14.3054],[-91.1451,14.3058],[-91.1404,14.3108],[-91.1409,14.3117],[-91.1425,14.3144],[-91.1415,14.3145],[-91.1385,14.3146],[-91.1375,14.317],[-91.1379,14.3211],[-91.1372,14.321],[-91.1351,14.3206],[-91.1349,14.3206],[-91.1338,14.3204],[-91.1312,14.3212],[-91.1308,14.3213],[-91.1307,14.3216],[-91.1296,14.3244],[-91.1291,14.3256],[-91.1291,14.3261],[-91.1291,14.3272],[-91.1291,14.3292],[-91.1275,14.3316],[-91.1283,14.3364],[-91.1284,14.3373],[-91.129,14.3403],[-91.1293,14.342],[-91.1288,14.3446],[-91.1286,14.3458],[-91.1284,14.3466],[-91.1276,14.3502],[-91.127,14.3533],[-91.1255,14.3567],[-91.1254,14.357],[-91.1256,14.357],[-91.1275,14.3577],[-91.1287,14.359],[-91.1312,14.3616],[-91.1317,14.3622],[-91.1317,14.3625],[-91.1319,14.365],[-91.1319,14.3682],[-91.1319,14.3696],[-91.134,14.3715],[-91.1361,14.3735],[-91.1373,14.3746],[-91.1365,14.3756],[-91.1346,14.3778],[-91.1313,14.3798],[-91.1275,14.3826],[-91.1252,14.3865],[-91.1213,14.3892],[-91.1191,14.3958],[-91.1177,14.3982],[-91.113,14.4043],[-91.1073,14.4099],[-91.1011,14.4123],[-91.1007,14.4124],[-91.0972,14.4179],[-91.0984,14.4217],[-91.099,14.4236],[-91.1002,14.4277],[-91.0979,14.4304],[-91.096,14.4327],[-91.0956,14.4351],[-91.0955,14.4357],[-91.095,14.4398],[-91.0943,14.4435],[-91.0958,14.4489],[-91.1026,14.4489],[-91.1068,14.4521],[-91.1305,14.4572],[-91.1259,14.4683],[-91.1264,14.4733],[-91.1246,14.4756],[-91.1232,14.4773],[-91.1231,14.479],[-91.123,14.4833],[-91.1204,14.4899],[-91.1213,14.4914],[-91.1244,14.4969],[-91.1257,14.5106],[-91.1228,14.5125],[-91.1187,14.5153]]]}},{"type":"Feature","properties":{"name":"El Progreso","id":"GT-PR"},"geometry":{"type":"Polygon","coordinates":[[[-89.9199,15.1402],[-89.9193,15.1378],[-89.9135,15.1161],[-89.9039,15.0969],[-89.902,15.0883],[-89.9066,15.0845],[-89.9172,15.0835],[-89.9326,15.0847],[-89.9463,15.0829],[-89.9647,15.0761],[-89.9788,15.076],[-90.0023,15.0755],[-90.0087,15.0763],[-90.013,15.0697],[-90.0169,15.066],[-90.0275,15.0627],[-90.0348,15.0568],[-90.045,15.0519],[-90.0501,15.0455],[-90.0618,15.0416],[-90.0685,15.0413],[-90.0734,15.0427],[-90.0853,15.0461],[-90.1203,15.0369],[-90.116,15.0266],[-90.1206,15.0271],[-90.1935,15.0001],[-90.2134,14.9869],[-90.2301,14.9757],[-90.2305,14.9755],[-90.3113,14.9199],[-90.3114,14.9197],[-90.3114,14.9196],[-90.3115,14.9194],[-90.3117,14.9192],[-90.3118,14.919],[-90.3121,14.9187],[-90.3123,14.9186],[-90.3126,14.9186],[-90.313,14.9184],[-90.3132,14.9183],[-90.3136,14.9181],[-90.3141,14.9178],[-90.3144,14.9174],[-90.3152,14.9167],[-90.3155,14.9163],[-90.3157,14.9162],[-90.3158,14.916],[-90.316,14.9159],[-90.316,14.9157],[-90.3161,14.9155],[-90.3163,14.9153],[-90.3164,14.915],[-90.3164,14.9147],[-90.3163,14.9145],[-90.3163,14.9142],[-90.3163,14.9139],[-90.3165,14.9135],[-90.3166,14.9134],[-90.3168,14.9132],[-90.3169,14.913],[-90.3169,14.9128],[-90.3171,14.9125],[-90.3172,14.9123],[-90.3174,14.9121],[-90.3176,14.9121],[-90.3177,14.912],[-90.3179,14.912],[-90.3181,14.9119],[-90.3183,14.9117],[-90.3185,14.9115],[-90.3187,14.9113],[-90.319,14.911],[-90.3191,14.9109],[-90.3193,14.9107],[-90.3194,14.9104],[-90.3194,14.9103],[-90.3194,14.9101],[-90.3193,14.91],[-90.3192,14.9097],[-90.3192,14.9095],[-90.3192,14.9093],[-90.3192,14.909],[-90.3193,14.9087],[-90.3194,14.9084],[-90.3195,14.9083],[-90.3197,14.9081],[-90.3201,14.9078],[-90.3202,14.9077],[-90.3203,14.9077],[-90.3205,14.9076],[-90.3207,14.9073],[-90.3209,14.907],[-90.3212,14.9067],[-90.3214,14.9063],[-90.3214,14.9061],[-90.3214,14.9058],[-90.3212,14.9056],[-90.321,14.9055],[-90.3209,14.9055],[-90.3207,14.9053],[-90.3206,14.9052],[-90.3205,14.905],[-90.3206,14.9048],[-90.3207,14.9045],[-90.3206,14.9043],[-90.3205,14.9041],[-90.3204,14.9039],[-90.32,14.9036],[-90.3198,14.9033],[-90.3197,14.9032],[-90.3193,14.9031],[-90.3191,14.9029],[-90.3189,14.9027],[-90.3185,14.9023],[-90.3183,14.9022],[-90.3181,14.9019],[-90.3181,14.9016],[-90.3182,14.9014],[-90.3184,14.9012],[-90.3185,14.9011],[-90.3187,14.9009],[-90.3189,14.9007],[-90.3191,14.9006],[-90.3191,14.9006],[-90.3193,14.9003],[-90.3195,14.9001],[-90.3197,14.9],[-90.32,14.8998],[-90.3201,14.8995],[-90.3201,14.8993],[-90.3201,14.8991],[-90.32,14.8988],[-90.3199,14.8985],[-90.3197,14.8984],[-90.3196,14.8984],[-90.3194,14.8983],[-90.3191,14.8981],[-90.3189,14.898],[-90.3186,14.898],[-90.3184,14.8979],[-90.318,14.8978],[-90.3177,14.8979],[-90.3174,14.898],[-90.3171,14.8981],[-90.3169,14.8983],[-90.3167,14.8983],[-90.3164,14.8983],[-90.3162,14.8982],[-90.3162,14.898],[-90.3162,14.8979],[-90.316,14.8977],[-90.3158,14.8975],[-90.3156,14.8975],[-90.3154,14.8975],[-90.3151,14.8973],[-90.3146,14.8971],[-90.3144,14.897],[-90.3141,14.8968],[-90.3138,14.8965],[-90.3136,14.8961],[-90.3133,14.8959],[-90.3132,14.8957],[-90.313,14.8954],[-90.3128,14.8953],[-90.3126,14.8952],[-90.3124,14.8952],[-90.3122,14.8953],[-90.3119,14.8954],[-90.3117,14.8955],[-90.3114,14.8955],[-90.3112,14.8955],[-90.3109,14.8954],[-90.3107,14.8953],[-90.3105,14.8953],[-90.3102,14.8953],[-90.31,14.8953],[-90.3098,14.8952],[-90.3096,14.8952],[-90.3093,14.8951],[-90.3089,14.8949],[-90.3088,14.8948],[-90.3087,14.8945],[-90.3085,14.8942],[-90.3084,14.894],[-90.3083,14.8937],[-90.3083,14.8935],[-90.3081,14.8934],[-90.3079,14.8934],[-90.3077,14.8934],[-90.3075,14.8933],[-90.3073,14.8932],[-90.3072,14.893],[-90.307,14.8928],[-90.3068,14.8927],[-90.3067,14.8924],[-90.3064,14.892],[-90.3059,14.8917],[-90.3058,14.8915],[-90.3057,14.8914],[-90.3056,14.8912],[-90.3055,14.8909],[-90.3054,14.8907],[-90.3052,14.8905],[-90.305,14.8903],[-90.3047,14.8902],[-90.3044,14.8901],[-90.3042,14.89],[-90.3038,14.8899],[-90.3033,14.8895],[-90.3032,14.8893],[-90.3032,14.8891],[-90.3032,14.8889],[-90.3033,14.8887],[-90.3033,14.8884],[-90.3034,14.8882],[-90.3035,14.8881],[-90.3035,14.8879],[-90.3037,14.8876],[-90.3038,14.8873],[-90.3041,14.887],[-90.3042,14.8867],[-90.3041,14.8864],[-90.3039,14.8861],[-90.3036,14.886],[-90.3036,14.886],[-90.3031,14.8858],[-90.3038,14.8851],[-90.3038,14.8851],[-90.3043,14.8845],[-90.3049,14.8839],[-90.305,14.8838],[-90.3056,14.8829],[-90.3056,14.8829],[-90.3063,14.8819],[-90.3069,14.8807],[-90.3073,14.8799],[-90.3078,14.8792],[-90.3084,14.8787],[-90.3091,14.8785],[-90.3099,14.8788],[-90.311,14.8791],[-90.3117,14.879],[-90.3122,14.8785],[-90.3128,14.8778],[-90.3131,14.8772],[-90.3134,14.8766],[-90.3139,14.8763],[-90.3147,14.876],[-90.3159,14.8761],[-90.317,14.8763],[-90.3184,14.8766],[-90.3196,14.8766],[-90.3207,14.8767],[-90.3216,14.8769],[-90.3229,14.877],[-90.3237,14.8768],[-90.3244,14.8766],[-90.3251,14.8764],[-90.3257,14.8767],[-90.3262,14.8772],[-90.3269,14.8779],[-90.3277,14.8785],[-90.3299,14.8791],[-90.3309,14.8793],[-90.3319,14.8794],[-90.3324,14.8794],[-90.333,14.8792],[-90.3335,14.8789],[-90.3343,14.8788],[-90.3351,14.8788],[-90.3356,14.8786],[-90.3359,14.8783],[-90.3363,14.8781],[-90.3367,14.8778],[-90.3369,14.8776],[-90.3369,14.8773],[-90.3367,14.8769],[-90.3369,14.8765],[-90.3372,14.8763],[-90.3377,14.8762],[-90.3384,14.8761],[-90.3388,14.8759],[-90.3391,14.8754],[-90.3394,14.875],[-90.34,14.8746],[-90.3407,14.8744],[-90.3411,14.8743],[-90.3416,14.8747],[-90.342,14.8751],[-90.3426,14.8753],[-90.3434,14.8754],[-90.3442,14.8753],[-90.3448,14.8751],[-90.3453,14.8748],[-90.3459,14.8743],[-90.3463,14.8739],[-90.347,14.8735],[-90.3478,14.8731],[-90.3487,14.8729],[-90.35,14.873],[-90.3509,14.8733],[-90.3523,14.8738],[-90.3534,14.874],[-90.3548,14.8738],[-90.3556,14.8736],[-90.3564,14.8732],[-90.3572,14.8729],[-90.3582,14.8729],[-90.3589,14.8727],[-90.3594,14.8725],[-90.36,14.8722],[-90.3606,14.8719],[-90.3612,14.872],[-90.3621,14.8723],[-90.3625,14.8727],[-90.3628,14.8732],[-90.363,14.8736],[-90.3632,14.8739],[-90.3634,14.8743],[-90.3637,14.8746],[-90.3642,14.8746],[-90.3646,14.8744],[-90.3649,14.8741],[-90.365,14.8737],[-90.3653,14.8735],[-90.3657,14.8735],[-90.3665,14.8735],[-90.3672,14.8736],[-90.3678,14.8736],[-90.3684,14.8735],[-90.3689,14.8733],[-90.3695,14.8731],[-90.3699,14.8728],[-90.37,14.8725],[-90.3701,14.8722],[-90.3701,14.872],[-90.3702,14.8717],[-90.3706,14.8715],[-90.3711,14.8716],[-90.3716,14.8718],[-90.3724,14.8721],[-90.373,14.8723],[-90.3738,14.8723],[-90.3745,14.8723],[-90.3754,14.8724],[-90.3763,14.8725],[-90.3766,14.8728],[-90.3767,14.8732],[-90.3769,14.8736],[-90.3772,14.8739],[-90.3778,14.8744],[-90.3786,14.8745],[-90.38,14.8741],[-90.3805,14.8738],[-90.3817,14.8734],[-90.3826,14.8733],[-90.3832,14.8732],[-90.3841,14.8732],[-90.3851,14.8732],[-90.3856,14.873],[-90.3862,14.8729],[-90.3869,14.8729],[-90.3876,14.8732],[-90.3881,14.8734],[-90.3887,14.8737],[-90.3892,14.8739],[-90.3897,14.8739],[-90.3902,14.8737],[-90.3907,14.8734],[-90.3914,14.8734],[-90.3919,14.8736],[-90.3926,14.8738],[-90.3933,14.874],[-90.3942,14.8744],[-90.3948,14.8738],[-90.3948,14.8738],[-90.3952,14.8732],[-90.3953,14.873],[-90.3956,14.8728],[-90.3958,14.8726],[-90.396,14.8724],[-90.3964,14.872],[-90.3967,14.8719],[-90.397,14.8717],[-90.3974,14.8714],[-90.3979,14.8712],[-90.3984,14.8711],[-90.3988,14.871],[-90.3993,14.8709],[-90.3997,14.8708],[-90.3999,14.8704],[-90.4002,14.8701],[-90.4006,14.8698],[-90.4012,14.8694],[-90.4016,14.8692],[-90.402,14.869],[-90.4022,14.8687],[-90.4024,14.8685],[-90.4028,14.8682],[-90.4033,14.868],[-90.4035,14.8678],[-90.4039,14.8676],[-90.4042,14.8671],[-90.4044,14.8668],[-90.4045,14.8667],[-90.4045,14.8665],[-90.4045,14.8662],[-90.4046,14.8658],[-90.4046,14.8654],[-90.4047,14.8651],[-90.4048,14.8648],[-90.4048,14.8644],[-90.4047,14.8641],[-90.4048,14.8636],[-90.4052,14.8629],[-90.4051,14.8627],[-90.4049,14.8624],[-90.4047,14.8622],[-90.4044,14.862],[-90.404,14.8619],[-90.4037,14.8619],[-90.4034,14.8618],[-90.4032,14.8615],[-90.4033,14.8612],[-90.4033,14.861],[-90.4035,14.8607],[-90.4036,14.8603],[-90.4037,14.86],[-90.4036,14.8597],[-90.4035,14.8594],[-90.4032,14.8593],[-90.4027,14.8592],[-90.4024,14.8592],[-90.402,14.8591],[-90.4016,14.8589],[-90.4014,14.8587],[-90.4013,14.8584],[-90.4014,14.858],[-90.4016,14.8576],[-90.402,14.8573],[-90.4021,14.8572],[-90.4022,14.8571],[-90.4025,14.857],[-90.4026,14.8569],[-90.4028,14.8567],[-90.4031,14.8564],[-90.4032,14.8561],[-90.4033,14.8557],[-90.4033,14.8553],[-90.4035,14.8551],[-90.4038,14.855],[-90.4041,14.8549],[-90.4042,14.8548],[-90.4041,14.8546],[-90.404,14.8544],[-90.4039,14.8543],[-90.4038,14.8541],[-90.4037,14.8541],[-90.4037,14.8539],[-90.4038,14.8536],[-90.404,14.8535],[-90.404,14.8535],[-90.4042,14.8533],[-90.4042,14.8531],[-90.4042,14.8528],[-90.4042,14.8528],[-90.404,14.8526],[-90.4038,14.8525],[-90.4036,14.8523],[-90.4033,14.852],[-90.4031,14.8518],[-90.4029,14.8517],[-90.4026,14.8513],[-90.4024,14.8509],[-90.4024,14.8505],[-90.4023,14.8502],[-90.4024,14.85],[-90.4025,14.8498],[-90.4025,14.8496],[-90.4023,14.8493],[-90.4021,14.8489],[-90.4021,14.8487],[-90.4022,14.8482],[-90.4025,14.8477],[-90.4028,14.8473],[-90.4031,14.8468],[-90.4031,14.8468],[-90.4033,14.8462],[-90.4033,14.8459],[-90.4032,14.8459],[-90.3829,14.8439],[-90.3779,14.8444],[-90.374,14.8463],[-90.3705,14.8472],[-90.3656,14.8469],[-90.3632,14.8453],[-90.3596,14.8448],[-90.3573,14.8464],[-90.3551,14.8468],[-90.3519,14.8459],[-90.3476,14.846],[-90.3469,14.8442],[-90.3414,14.843],[-90.339,14.8417],[-90.3353,14.8386],[-90.3324,14.8351],[-90.3314,14.8333],[-90.3281,14.8322],[-90.3272,14.8293],[-90.3238,14.8299],[-90.3246,14.825],[-90.3238,14.823],[-90.3236,14.8207],[-90.3273,14.8183],[-90.3273,14.8183],[-90.3286,14.8174],[-90.3353,14.8139],[-90.3366,14.8111],[-90.3364,14.8094],[-90.3363,14.809],[-90.3386,14.8057],[-90.3386,14.8029],[-90.3364,14.8003],[-90.3326,14.7977],[-90.3316,14.7952],[-90.3335,14.7916],[-90.3341,14.7912],[-90.3348,14.7891],[-90.3339,14.7877],[-90.3373,14.7839],[-90.3376,14.7819],[-90.3368,14.7795],[-90.3374,14.7793],[-90.3388,14.7787],[-90.3388,14.7765],[-90.3377,14.7739],[-90.3354,14.7701],[-90.3344,14.7662],[-90.3342,14.7639],[-90.3303,14.7607],[-90.3278,14.7542],[-90.3273,14.7532],[-90.3257,14.75],[-90.3231,14.7449],[-90.3229,14.7432],[-90.3221,14.7382],[-90.3218,14.7361],[-90.3216,14.735],[-90.3185,14.7325],[-90.3174,14.7316],[-90.3169,14.7312],[-90.3116,14.7271],[-90.3056,14.7236],[-90.3016,14.7235],[-90.2964,14.7233],[-90.2919,14.7183],[-90.2879,14.713],[-90.2698,14.7077],[-90.2657,14.7064],[-90.2653,14.7063],[-90.2645,14.7061],[-90.2643,14.706],[-90.2641,14.7059],[-90.2606,14.7049],[-90.2561,14.7042],[-90.2516,14.7036],[-90.2406,14.702],[-90.2384,14.7016],[-90.2267,14.696],[-90.221,14.6931],[-90.2106,14.6863],[-90.2042,14.6822],[-90.2041,14.6821],[-90.2035,14.6758],[-90.2003,14.6682],[-90.1922,14.6485],[-90.1904,14.6523],[-90.1906,14.6585],[-90.1908,14.6625],[-90.1899,14.667],[-90.189,14.6703],[-90.1887,14.6716],[-90.1872,14.6762],[-90.1841,14.6795],[-90.1828,14.6867],[-90.1821,14.6924],[-90.181,14.7052],[-90.1743,14.7063],[-90.1091,14.7171],[-90.0893,14.7101],[-90.0723,14.7118],[-90.0621,14.7296],[-90.049,14.7521],[-90.0408,14.7546],[-89.9858,14.7713],[-89.9684,14.7965],[-89.9672,14.7982],[-89.9555,14.8158],[-89.9364,14.8215],[-89.9328,14.826],[-89.9249,14.836],[-89.9213,14.8396],[-89.9114,14.849],[-89.8747,14.8714],[-89.874,14.8719],[-89.8622,14.8716],[-89.852,14.8797],[-89.8236,14.9023],[-89.8194,14.9056],[-89.8187,14.9071],[-89.8181,14.9082],[-89.8177,14.9089],[-89.8174,14.9095],[-89.8171,14.91],[-89.8171,14.9101],[-89.8169,14.9104],[-89.817,14.9108],[-89.817,14.9112],[-89.8171,14.9116],[-89.8171,14.9116],[-89.8171,14.9118],[-89.8171,14.912],[-89.817,14.9123],[-89.817,14.9127],[-89.8171,14.913],[-89.817,14.9135],[-89.817,14.9138],[-89.8167,14.9142],[-89.8164,14.9146],[-89.8161,14.9149],[-89.8157,14.9153],[-89.8155,14.9158],[-89.8153,14.9163],[-89.8153,14.9169],[-89.8155,14.9172],[-89.8158,14.9176],[-89.8163,14.9177],[-89.8168,14.9178],[-89.817,14.9179],[-89.8174,14.9179],[-89.818,14.9185],[-89.8182,14.9188],[-89.8185,14.9196],[-89.8187,14.9198],[-89.819,14.9201],[-89.8192,14.9204],[-89.8194,14.9209],[-89.8196,14.9214],[-89.8195,14.9219],[-89.8194,14.9223],[-89.8193,14.9227],[-89.8195,14.923],[-89.8196,14.9235],[-89.8195,14.924],[-89.8193,14.9243],[-89.8191,14.9247],[-89.819,14.9252],[-89.8191,14.9257],[-89.8193,14.926],[-89.8195,14.9264],[-89.8196,14.9268],[-89.8195,14.9271],[-89.819,14.9273],[-89.8187,14.9276],[-89.8186,14.928],[-89.8185,14.9286],[-89.8184,14.9293],[-89.8186,14.9298],[-89.8186,14.9299],[-89.8186,14.9306],[-89.8186,14.9307],[-89.8186,14.9313],[-89.8185,14.9318],[-89.8184,14.9324],[-89.8185,14.9326],[-89.8186,14.9329],[-89.8195,14.9327],[-89.8206,14.9331],[-89.8212,14.9332],[-89.8218,14.9339],[-89.8221,14.9348],[-89.8223,14.9358],[-89.8226,14.9367],[-89.8233,14.9374],[-89.8241,14.9382],[-89.8246,14.9389],[-89.8254,14.9399],[-89.826,14.9406],[-89.827,14.9411],[-89.8281,14.9412],[-89.8288,14.9411],[-89.8292,14.9409],[-89.8325,14.9482],[-89.847,14.9799],[-89.8516,14.9897],[-89.8657,15.0206],[-89.8652,15.0216],[-89.8536,15.0188],[-89.8352,15.0144],[-89.8267,15.0124],[-89.7806,15.0122],[-89.8097,15.0488],[-89.8289,15.0656],[-89.8313,15.0684],[-89.893,15.1403],[-89.8961,15.1403],[-89.9199,15.1402]]]}},{"type":"Feature","properties":{"name":"Zacapa","id":"GT-ZA"},"geometry":{"type":"Polygon","coordinates":[[[-89.893,15.1403],[-89.8313,15.0684],[-89.8289,15.0656],[-89.8097,15.0488],[-89.7806,15.0122],[-89.8267,15.0124],[-89.8352,15.0144],[-89.8536,15.0188],[-89.8652,15.0216],[-89.8657,15.0206],[-89.8516,14.9897],[-89.847,14.9799],[-89.8325,14.9482],[-89.8292,14.9409],[-89.8288,14.9411],[-89.8281,14.9412],[-89.827,14.9411],[-89.826,14.9406],[-89.8254,14.9399],[-89.8246,14.9389],[-89.8241,14.9382],[-89.8233,14.9374],[-89.8226,14.9367],[-89.8223,14.9358],[-89.8221,14.9348],[-89.8218,14.9339],[-89.8212,14.9332],[-89.8206,14.9331],[-89.8195,14.9327],[-89.8186,14.9329],[-89.8185,14.9326],[-89.8184,14.9324],[-89.8185,14.9318],[-89.8186,14.9313],[-89.8186,14.9307],[-89.8186,14.9306],[-89.8186,14.9299],[-89.8186,14.9298],[-89.8184,14.9293],[-89.8185,14.9286],[-89.8186,14.928],[-89.8187,14.9276],[-89.819,14.9273],[-89.8195,14.9271],[-89.8196,14.9268],[-89.8195,14.9264],[-89.8193,14.926],[-89.8191,14.9257],[-89.819,14.9252],[-89.8191,14.9247],[-89.8193,14.9243],[-89.8195,14.924],[-89.8196,14.9235],[-89.8195,14.923],[-89.8193,14.9227],[-89.8194,14.9223],[-89.8195,14.9219],[-89.8196,14.9214],[-89.8194,14.9209],[-89.8192,14.9204],[-89.819,14.9201],[-89.8187,14.9198],[-89.8185,14.9196],[-89.8182,14.9188],[-89.818,14.9185],[-89.8174,14.9179],[-89.817,14.9179],[-89.8168,14.9178],[-89.8163,14.9177],[-89.8158,14.9176],[-89.8155,14.9172],[-89.8153,14.9169],[-89.8153,14.9163],[-89.8155,14.9158],[-89.8157,14.9153],[-89.8161,14.9149],[-89.8164,14.9146],[-89.8167,14.9142],[-89.817,14.9138],[-89.817,14.9135],[-89.8171,14.913],[-89.817,14.9127],[-89.817,14.9123],[-89.8171,14.912],[-89.8171,14.9118],[-89.8171,14.9116],[-89.8171,14.9116],[-89.817,14.9112],[-89.817,14.9108],[-89.8169,14.9104],[-89.8171,14.9101],[-89.8171,14.91],[-89.8174,14.9095],[-89.8177,14.9089],[-89.8181,14.9082],[-89.8187,14.9071],[-89.8194,14.9056],[-89.8236,14.9023],[-89.852,14.8797],[-89.8622,14.8716],[-89.8623,14.8709],[-89.8636,14.8636],[-89.8633,14.8634],[-89.8628,14.8635],[-89.8624,14.8636],[-89.8618,14.8636],[-89.8618,14.8636],[-89.8612,14.8637],[-89.8606,14.8639],[-89.8602,14.864],[-89.8596,14.8641],[-89.8591,14.8643],[-89.8587,14.8644],[-89.8584,14.8647],[-89.8578,14.8648],[-89.8571,14.8646],[-89.8567,14.8645],[-89.8559,14.8645],[-89.8553,14.8645],[-89.8547,14.8647],[-89.8544,14.8648],[-89.8541,14.8647],[-89.8538,14.8646],[-89.8536,14.8648],[-89.8535,14.8651],[-89.8534,14.8654],[-89.8533,14.8656],[-89.853,14.8657],[-89.8528,14.8655],[-89.8525,14.8656],[-89.8523,14.8659],[-89.8522,14.8661],[-89.8521,14.8664],[-89.8519,14.8666],[-89.8517,14.8668],[-89.8513,14.8668],[-89.851,14.8668],[-89.8505,14.8666],[-89.8502,14.8665],[-89.8499,14.8663],[-89.8497,14.8661],[-89.8495,14.8658],[-89.8493,14.8656],[-89.849,14.8656],[-89.8487,14.8656],[-89.8484,14.8657],[-89.8481,14.8656],[-89.8478,14.8655],[-89.8474,14.8652],[-89.8472,14.8649],[-89.847,14.8647],[-89.8468,14.8646],[-89.8467,14.8646],[-89.8465,14.8648],[-89.8464,14.8649],[-89.8463,14.8649],[-89.8461,14.8647],[-89.846,14.8646],[-89.8458,14.8647],[-89.8456,14.8647],[-89.8453,14.8646],[-89.8451,14.8645],[-89.8447,14.8645],[-89.8445,14.8644],[-89.8443,14.8642],[-89.8441,14.8641],[-89.8439,14.8639],[-89.8437,14.8638],[-89.8435,14.8638],[-89.8434,14.8636],[-89.8434,14.8632],[-89.8434,14.8631],[-89.8432,14.8627],[-89.843,14.8625],[-89.8427,14.8622],[-89.8425,14.862],[-89.8423,14.8618],[-89.8422,14.8613],[-89.8421,14.861],[-89.842,14.8607],[-89.8422,14.8603],[-89.8422,14.8602],[-89.8424,14.8598],[-89.8425,14.8593],[-89.8425,14.8593],[-89.8427,14.8591],[-89.8428,14.8589],[-89.8428,14.8587],[-89.8429,14.8584],[-89.843,14.8582],[-89.843,14.8579],[-89.8431,14.8576],[-89.843,14.8573],[-89.8427,14.8572],[-89.8425,14.8573],[-89.8425,14.8574],[-89.8421,14.8572],[-89.842,14.857],[-89.8418,14.8569],[-89.8416,14.8569],[-89.8414,14.857],[-89.8411,14.8569],[-89.841,14.8567],[-89.8409,14.8565],[-89.8408,14.8564],[-89.8405,14.8565],[-89.8403,14.8564],[-89.8402,14.8562],[-89.8402,14.856],[-89.8399,14.8559],[-89.8397,14.856],[-89.8395,14.8562],[-89.8393,14.8563],[-89.8391,14.856],[-89.8389,14.8558],[-89.8387,14.8555],[-89.8385,14.8554],[-89.8384,14.8553],[-89.8382,14.8551],[-89.838,14.855],[-89.8377,14.855],[-89.8374,14.8548],[-89.8372,14.8547],[-89.8369,14.8548],[-89.8366,14.8548],[-89.8362,14.8548],[-89.8361,14.855],[-89.8357,14.855],[-89.8355,14.8549],[-89.8352,14.8548],[-89.8349,14.8546],[-89.8347,14.8544],[-89.8345,14.8543],[-89.8341,14.8543],[-89.8339,14.8541],[-89.8337,14.8538],[-89.8336,14.8536],[-89.8335,14.8533],[-89.8335,14.8533],[-89.8336,14.8531],[-89.8334,14.8529],[-89.8333,14.8528],[-89.8329,14.8526],[-89.8326,14.8528],[-89.8325,14.8529],[-89.8323,14.853],[-89.8319,14.853],[-89.8315,14.8529],[-89.8313,14.8528],[-89.8311,14.8526],[-89.8307,14.8523],[-89.8304,14.8522],[-89.8301,14.8521],[-89.83,14.8519],[-89.8299,14.8514],[-89.8298,14.8512],[-89.8296,14.8511],[-89.8293,14.8511],[-89.8292,14.8508],[-89.8294,14.8506],[-89.8293,14.8504],[-89.8289,14.8503],[-89.8286,14.8501],[-89.8283,14.8498],[-89.8281,14.8496],[-89.8279,14.8495],[-89.8274,14.8495],[-89.8271,14.8493],[-89.8269,14.8492],[-89.8268,14.849],[-89.8266,14.8488],[-89.8264,14.8486],[-89.8262,14.8484],[-89.826,14.8482],[-89.8256,14.8482],[-89.8252,14.848],[-89.825,14.8479],[-89.8248,14.8478],[-89.8245,14.8479],[-89.8243,14.8478],[-89.8242,14.8477],[-89.824,14.8476],[-89.8237,14.8477],[-89.8235,14.8479],[-89.8233,14.8478],[-89.8232,14.8476],[-89.8233,14.8474],[-89.8232,14.8473],[-89.8228,14.8473],[-89.8226,14.8474],[-89.8223,14.8474],[-89.8223,14.8472],[-89.8223,14.8469],[-89.8221,14.8469],[-89.8217,14.847],[-89.8215,14.8468],[-89.8213,14.8467],[-89.8212,14.8465],[-89.821,14.8462],[-89.8208,14.8461],[-89.8206,14.8458],[-89.8204,14.8456],[-89.8203,14.8455],[-89.8202,14.8452],[-89.8204,14.8448],[-89.8207,14.8444],[-89.8208,14.8439],[-89.8209,14.8437],[-89.821,14.8434],[-89.821,14.8434],[-89.8211,14.843],[-89.821,14.8428],[-89.8209,14.8428],[-89.8207,14.8428],[-89.8205,14.8427],[-89.8204,14.8425],[-89.8204,14.8422],[-89.8204,14.842],[-89.8203,14.8419],[-89.8201,14.8419],[-89.8198,14.8418],[-89.8196,14.8418],[-89.8195,14.8417],[-89.8195,14.8416],[-89.8196,14.8414],[-89.8197,14.8411],[-89.8197,14.841],[-89.8196,14.8408],[-89.8195,14.8407],[-89.8195,14.8406],[-89.8191,14.8404],[-89.819,14.8402],[-89.8187,14.8399],[-89.8185,14.8397],[-89.8185,14.8396],[-89.8184,14.8394],[-89.8182,14.8392],[-89.8181,14.8389],[-89.818,14.8387],[-89.818,14.8385],[-89.818,14.8382],[-89.8181,14.838],[-89.8181,14.8377],[-89.8181,14.8375],[-89.8179,14.8368],[-89.8179,14.8362],[-89.8179,14.836],[-89.818,14.8358],[-89.818,14.8353],[-89.8179,14.8351],[-89.8178,14.8348],[-89.8178,14.8346],[-89.8177,14.8344],[-89.8177,14.8343],[-89.8178,14.8339],[-89.8181,14.8336],[-89.8183,14.8334],[-89.8184,14.8333],[-89.8185,14.833],[-89.8187,14.8328],[-89.8188,14.8327],[-89.8189,14.8325],[-89.8191,14.8322],[-89.8197,14.831],[-89.8199,14.83],[-89.8203,14.8283],[-89.8248,14.8259],[-89.8247,14.8252],[-89.8246,14.825],[-89.8232,14.8236],[-89.823,14.8225],[-89.823,14.8217],[-89.8229,14.8217],[-89.823,14.8217],[-89.826,14.8185],[-89.8272,14.8145],[-89.8272,14.8143],[-89.8271,14.8142],[-89.8268,14.8139],[-89.8264,14.8138],[-89.8261,14.8137],[-89.826,14.8134],[-89.8259,14.8132],[-89.8261,14.8128],[-89.8259,14.8125],[-89.8256,14.8125],[-89.8254,14.8128],[-89.8253,14.813],[-89.8252,14.8131],[-89.825,14.813],[-89.8248,14.8127],[-89.8246,14.8125],[-89.8246,14.8121],[-89.8246,14.8118],[-89.8244,14.8117],[-89.8241,14.8117],[-89.8239,14.8116],[-89.8235,14.8113],[-89.8233,14.811],[-89.8231,14.8105],[-89.8229,14.8104],[-89.8226,14.8106],[-89.8224,14.8108],[-89.8224,14.8108],[-89.8221,14.8107],[-89.8219,14.8104],[-89.8219,14.8103],[-89.8219,14.8102],[-89.822,14.81],[-89.8218,14.8097],[-89.8215,14.8097],[-89.8214,14.8097],[-89.8211,14.8098],[-89.8207,14.8098],[-89.8204,14.8096],[-89.8201,14.8093],[-89.8199,14.8093],[-89.8198,14.8094],[-89.8196,14.8097],[-89.8193,14.8097],[-89.8192,14.8097],[-89.8193,14.8094],[-89.8194,14.8091],[-89.8195,14.8089],[-89.8193,14.8087],[-89.819,14.8087],[-89.8186,14.8088],[-89.8185,14.8086],[-89.8185,14.8084],[-89.8186,14.8083],[-89.8189,14.8082],[-89.8191,14.8079],[-89.819,14.8077],[-89.8191,14.8074],[-89.819,14.8071],[-89.8188,14.807],[-89.8187,14.8069],[-89.8188,14.8067],[-89.8189,14.8067],[-89.8191,14.8065],[-89.8191,14.8061],[-89.819,14.8058],[-89.8187,14.8057],[-89.8185,14.8055],[-89.8184,14.8052],[-89.8182,14.8049],[-89.8164,14.8028],[-89.8124,14.7983],[-89.8126,14.7979],[-89.8129,14.7975],[-89.8129,14.7975],[-89.8131,14.7972],[-89.8131,14.7969],[-89.8133,14.7966],[-89.8135,14.7964],[-89.8135,14.796],[-89.8135,14.7956],[-89.8133,14.7951],[-89.8132,14.7948],[-89.8133,14.7943],[-89.8134,14.7939],[-89.8133,14.7937],[-89.8133,14.7933],[-89.813,14.7929],[-89.8128,14.7927],[-89.8125,14.7924],[-89.8123,14.7919],[-89.812,14.7916],[-89.812,14.7915],[-89.8114,14.7915],[-89.8109,14.7915],[-89.8104,14.7913],[-89.8099,14.791],[-89.8093,14.7909],[-89.8087,14.7907],[-89.8083,14.7906],[-89.8078,14.7904],[-89.8074,14.7899],[-89.8072,14.7894],[-89.8068,14.7887],[-89.8063,14.7882],[-89.8057,14.788],[-89.8051,14.7875],[-89.8047,14.7866],[-89.8045,14.7863],[-89.8041,14.7863],[-89.8036,14.7865],[-89.803,14.7866],[-89.8025,14.7865],[-89.8025,14.7862],[-89.8029,14.7857],[-89.8031,14.7853],[-89.8033,14.7848],[-89.8036,14.7846],[-89.8037,14.7845],[-89.8041,14.7843],[-89.8042,14.7839],[-89.804,14.7833],[-89.8037,14.7831],[-89.803,14.7829],[-89.8024,14.7827],[-89.8016,14.7824],[-89.8012,14.782],[-89.8008,14.7816],[-89.7914,14.7746],[-89.7896,14.7733],[-89.7895,14.7733],[-89.7894,14.7733],[-89.7891,14.7733],[-89.7888,14.7732],[-89.7887,14.7731],[-89.7885,14.7729],[-89.7884,14.7728],[-89.7883,14.7728],[-89.7882,14.7728],[-89.7881,14.7729],[-89.7879,14.7731],[-89.7878,14.7733],[-89.7878,14.7735],[-89.7875,14.7736],[-89.7872,14.7736],[-89.7868,14.7736],[-89.7866,14.7735],[-89.7864,14.7733],[-89.7863,14.7731],[-89.7862,14.773],[-89.786,14.7729],[-89.7859,14.7731],[-89.7858,14.7732],[-89.7857,14.7732],[-89.7855,14.7732],[-89.7853,14.7732],[-89.7851,14.7732],[-89.785,14.7729],[-89.7848,14.7728],[-89.7846,14.7727],[-89.7846,14.7725],[-89.7845,14.7723],[-89.7844,14.7721],[-89.7845,14.7721],[-89.7846,14.772],[-89.7848,14.7719],[-89.785,14.7718],[-89.785,14.7717],[-89.785,14.7716],[-89.785,14.7715],[-89.785,14.7714],[-89.7851,14.7713],[-89.7853,14.7712],[-89.7853,14.7711],[-89.7853,14.7709],[-89.7853,14.7708],[-89.7854,14.7708],[-89.7855,14.7707],[-89.7856,14.7707],[-89.7857,14.7706],[-89.7858,14.7705],[-89.786,14.7704],[-89.786,14.7702],[-89.786,14.77],[-89.786,14.7699],[-89.7859,14.7696],[-89.7859,14.7694],[-89.7857,14.7693],[-89.7854,14.7692],[-89.7854,14.7692],[-89.7851,14.7691],[-89.7848,14.769],[-89.7847,14.7691],[-89.7845,14.7691],[-89.7842,14.7691],[-89.784,14.769],[-89.7838,14.769],[-89.7835,14.7688],[-89.7833,14.7687],[-89.783,14.7686],[-89.7829,14.7685],[-89.7827,14.7685],[-89.7825,14.7685],[-89.7822,14.7686],[-89.7819,14.7686],[-89.7818,14.7686],[-89.7816,14.7685],[-89.7814,14.7684],[-89.7812,14.7683],[-89.781,14.7682],[-89.7807,14.7681],[-89.7806,14.7679],[-89.7805,14.7678],[-89.7801,14.7676],[-89.7795,14.7674],[-89.7769,14.7662],[-89.7738,14.7656],[-89.7737,14.7653],[-89.7736,14.7651],[-89.7736,14.765],[-89.7733,14.7648],[-89.7731,14.7646],[-89.7729,14.7645],[-89.7725,14.7642],[-89.7723,14.7638],[-89.7723,14.7637],[-89.7721,14.7635],[-89.7721,14.7633],[-89.7721,14.7632],[-89.7721,14.7629],[-89.7721,14.7627],[-89.772,14.7625],[-89.7721,14.7624],[-89.7721,14.7622],[-89.7722,14.7621],[-89.7723,14.7619],[-89.7723,14.7618],[-89.7723,14.7617],[-89.7724,14.7615],[-89.7726,14.7613],[-89.7728,14.7612],[-89.773,14.7611],[-89.7731,14.761],[-89.7733,14.7607],[-89.7735,14.7605],[-89.7735,14.7603],[-89.7735,14.7602],[-89.7734,14.7599],[-89.7733,14.7598],[-89.7733,14.7596],[-89.7734,14.7593],[-89.7735,14.7591],[-89.7736,14.7589],[-89.7735,14.7587],[-89.7734,14.7586],[-89.7731,14.7585],[-89.7729,14.7583],[-89.7727,14.7581],[-89.7725,14.7579],[-89.7723,14.7577],[-89.7723,14.7576],[-89.7722,14.7573],[-89.7723,14.7571],[-89.7724,14.7569],[-89.7724,14.7568],[-89.7722,14.7566],[-89.772,14.7565],[-89.7718,14.7564],[-89.7715,14.7563],[-89.7713,14.7562],[-89.7711,14.7561],[-89.7709,14.756],[-89.7707,14.7559],[-89.7705,14.7557],[-89.7704,14.7556],[-89.7703,14.7554],[-89.7703,14.7553],[-89.7704,14.7551],[-89.7706,14.755],[-89.7708,14.7549],[-89.7711,14.7548],[-89.7713,14.7548],[-89.7715,14.7549],[-89.7716,14.7549],[-89.7718,14.755],[-89.7721,14.7551],[-89.7722,14.7551],[-89.7724,14.7551],[-89.7724,14.755],[-89.7724,14.7548],[-89.7724,14.7546],[-89.7722,14.7544],[-89.772,14.7543],[-89.7719,14.7542],[-89.7718,14.754],[-89.7717,14.7538],[-89.7718,14.7537],[-89.7718,14.7535],[-89.7718,14.7534],[-89.7716,14.7533],[-89.7713,14.7532],[-89.7712,14.7531],[-89.7712,14.7531],[-89.771,14.7531],[-89.7707,14.7531],[-89.7704,14.7532],[-89.7702,14.7532],[-89.7701,14.7531],[-89.7698,14.7526],[-89.7697,14.7524],[-89.7697,14.7523],[-89.7697,14.7521],[-89.7698,14.752],[-89.7699,14.7519],[-89.7699,14.7517],[-89.7699,14.7516],[-89.7697,14.7514],[-89.7697,14.7513],[-89.7696,14.7512],[-89.7695,14.7512],[-89.7694,14.7512],[-89.7691,14.7511],[-89.7689,14.751],[-89.7687,14.7509],[-89.7685,14.7507],[-89.7684,14.7507],[-89.7683,14.7507],[-89.768,14.7506],[-89.7679,14.7505],[-89.7678,14.7504],[-89.7677,14.7503],[-89.7675,14.7503],[-89.7674,14.7504],[-89.7673,14.7505],[-89.7671,14.7506],[-89.7669,14.7507],[-89.7668,14.7508],[-89.7667,14.7507],[-89.7665,14.7506],[-89.7663,14.7505],[-89.7661,14.7504],[-89.766,14.7503],[-89.7659,14.7501],[-89.7658,14.7499],[-89.7658,14.7498],[-89.7656,14.7497],[-89.7653,14.7497],[-89.7652,14.7496],[-89.765,14.7495],[-89.7648,14.7496],[-89.7647,14.7496],[-89.7646,14.7495],[-89.7645,14.7493],[-89.7645,14.7492],[-89.7643,14.749],[-89.7641,14.7489],[-89.7638,14.749],[-89.7637,14.749],[-89.7636,14.7492],[-89.7633,14.7493],[-89.7632,14.7494],[-89.7631,14.7493],[-89.763,14.7488],[-89.763,14.7486],[-89.7629,14.7486],[-89.7628,14.7486],[-89.7625,14.7488],[-89.7623,14.749],[-89.7621,14.7492],[-89.7619,14.7493],[-89.7615,14.7494],[-89.7611,14.7493],[-89.7608,14.7492],[-89.7606,14.749],[-89.7605,14.7488],[-89.7602,14.7486],[-89.7599,14.7486],[-89.7596,14.7484],[-89.7596,14.7481],[-89.7596,14.7478],[-89.7596,14.7475],[-89.7594,14.7473],[-89.7591,14.7474],[-89.7587,14.7473],[-89.7586,14.7472],[-89.7585,14.7468],[-89.7584,14.7465],[-89.7584,14.7463],[-89.7582,14.7461],[-89.758,14.7461],[-89.7576,14.7463],[-89.7574,14.7462],[-89.7573,14.746],[-89.7573,14.7457],[-89.7571,14.7456],[-89.7568,14.7455],[-89.7565,14.7455],[-89.756,14.7455],[-89.7555,14.7452],[-89.7554,14.7448],[-89.7552,14.7444],[-89.755,14.7442],[-89.7547,14.744],[-89.7543,14.7441],[-89.754,14.744],[-89.7537,14.7438],[-89.7534,14.7438],[-89.7531,14.7439],[-89.7528,14.7439],[-89.7525,14.7438],[-89.752,14.7438],[-89.7517,14.7437],[-89.7515,14.7434],[-89.7513,14.7433],[-89.751,14.7433],[-89.7506,14.7432],[-89.7503,14.7433],[-89.75,14.7434],[-89.7497,14.7432],[-89.7493,14.7432],[-89.7488,14.7431],[-89.7486,14.7428],[-89.7484,14.7424],[-89.7482,14.7422],[-89.7478,14.7421],[-89.7204,14.7509],[-89.72,14.7544],[-89.7184,14.7555],[-89.7143,14.7562],[-89.7125,14.7579],[-89.7116,14.7606],[-89.7112,14.7658],[-89.7076,14.7731],[-89.7063,14.7747],[-89.704,14.779],[-89.7031,14.7847],[-89.703,14.7855],[-89.7038,14.7871],[-89.7038,14.7872],[-89.7045,14.7931],[-89.7057,14.7972],[-89.7061,14.7979],[-89.7095,14.8085],[-89.7127,14.8173],[-89.7128,14.8177],[-89.7126,14.8183],[-89.7107,14.8236],[-89.7107,14.8267],[-89.7107,14.8274],[-89.7108,14.8282],[-89.7101,14.8289],[-89.7089,14.8333],[-89.7071,14.8366],[-89.7062,14.8401],[-89.7062,14.8413],[-89.7062,14.8437],[-89.7063,14.8446],[-89.7057,14.8456],[-89.7027,14.8476],[-89.6969,14.8532],[-89.6966,14.8542],[-89.6964,14.8549],[-89.6945,14.8555],[-89.6942,14.8562],[-89.6727,14.8736],[-89.669,14.8756],[-89.6665,14.8781],[-89.6532,14.8751],[-89.6494,14.8742],[-89.6484,14.8734],[-89.6368,14.8701],[-89.6316,14.8682],[-89.6277,14.8674],[-89.6231,14.8652],[-89.6167,14.8639],[-89.6134,14.8625],[-89.6044,14.8606],[-89.6019,14.8593],[-89.5963,14.8584],[-89.5926,14.8564],[-89.5893,14.8552],[-89.5879,14.8546],[-89.5864,14.8554],[-89.5844,14.8566],[-89.5811,14.8564],[-89.5683,14.8569],[-89.5676,14.8573],[-89.5604,14.8582],[-89.5475,14.8585],[-89.5409,14.8597],[-89.5251,14.8608],[-89.516,14.862],[-89.5108,14.8622],[-89.5062,14.8611],[-89.5019,14.8616],[-89.5007,14.8637],[-89.4987,14.8673],[-89.4986,14.8676],[-89.4985,14.8679],[-89.4984,14.8683],[-89.4983,14.8685],[-89.4982,14.869],[-89.4981,14.8693],[-89.4979,14.8697],[-89.4978,14.8701],[-89.4977,14.8708],[-89.4978,14.8711],[-89.4978,14.8714],[-89.4975,14.8719],[-89.4973,14.8726],[-89.4971,14.8731],[-89.4968,14.8735],[-89.4963,14.8742],[-89.4919,14.8812],[-89.4919,14.8824],[-89.4887,14.8896],[-89.4849,14.893],[-89.482,14.8949],[-89.4797,14.8955],[-89.4759,14.8978],[-89.4703,14.8996],[-89.4662,14.9002],[-89.4527,14.8995],[-89.446,14.9],[-89.4359,14.9026],[-89.4278,14.9061],[-89.4215,14.9055],[-89.4209,14.9051],[-89.4129,14.9035],[-89.4106,14.9025],[-89.4089,14.9024],[-89.4082,14.902],[-89.4072,14.9015],[-89.4021,14.9007],[-89.3988,14.8992],[-89.3962,14.8986],[-89.3894,14.897],[-89.3864,14.8966],[-89.384,14.8956],[-89.3784,14.8944],[-89.3725,14.8953],[-89.3704,14.8963],[-89.3659,14.8975],[-89.3647,14.8983],[-89.3613,14.8989],[-89.3585,14.9003],[-89.351,14.9028],[-89.343,14.905],[-89.3417,14.906],[-89.336,14.9081],[-89.3314,14.9089],[-89.3306,14.9095],[-89.3282,14.9099],[-89.3246,14.9115],[-89.3211,14.9119],[-89.3149,14.9109],[-89.3098,14.9078],[-89.3016,14.9045],[-89.2926,14.9001],[-89.2864,14.8964],[-89.2812,14.8943],[-89.2762,14.8948],[-89.2726,14.8958],[-89.2593,14.9004],[-89.255,14.9041],[-89.253,14.9067],[-89.251,14.909],[-89.2445,14.9161],[-89.2444,14.9164],[-89.2443,14.9166],[-89.2441,14.9169],[-89.244,14.917],[-89.244,14.917],[-89.244,14.9172],[-89.2442,14.9175],[-89.2443,14.9176],[-89.2445,14.9177],[-89.2446,14.9179],[-89.2447,14.918],[-89.2446,14.9181],[-89.2445,14.9183],[-89.2444,14.9183],[-89.2442,14.9183],[-89.2441,14.9184],[-89.2441,14.9185],[-89.2441,14.9186],[-89.2441,14.9187],[-89.2442,14.9189],[-89.2442,14.919],[-89.2442,14.9191],[-89.244,14.9193],[-89.2438,14.9194],[-89.2436,14.9195],[-89.2433,14.9198],[-89.2433,14.9198],[-89.2433,14.92],[-89.2433,14.9203],[-89.2432,14.9204],[-89.243,14.9206],[-89.2428,14.9207],[-89.2427,14.9206],[-89.2427,14.9205],[-89.2425,14.9204],[-89.2423,14.9206],[-89.2423,14.9208],[-89.2423,14.9209],[-89.2424,14.9212],[-89.2425,14.9216],[-89.2425,14.9218],[-89.2425,14.9219],[-89.2421,14.9222],[-89.2419,14.9223],[-89.2418,14.9226],[-89.2418,14.9228],[-89.2417,14.923],[-89.2417,14.9231],[-89.2416,14.9232],[-89.2415,14.9239],[-89.2415,14.9242],[-89.2416,14.9244],[-89.2414,14.925],[-89.2413,14.9252],[-89.2412,14.9256],[-89.241,14.926],[-89.2408,14.9264],[-89.2405,14.9268],[-89.2402,14.9271],[-89.2403,14.9274],[-89.2402,14.928],[-89.2402,14.9281],[-89.2403,14.9283],[-89.2404,14.9285],[-89.2404,14.9287],[-89.2404,14.9289],[-89.2405,14.9291],[-89.2407,14.9292],[-89.241,14.9294],[-89.2409,14.9298],[-89.2408,14.9299],[-89.2406,14.93],[-89.2403,14.9301],[-89.2402,14.9302],[-89.2402,14.9305],[-89.2402,14.931],[-89.2402,14.9313],[-89.2401,14.9316],[-89.2399,14.9319],[-89.2395,14.9318],[-89.2392,14.9318],[-89.2389,14.932],[-89.2388,14.932],[-89.2386,14.9324],[-89.2385,14.9327],[-89.2384,14.933],[-89.2383,14.9333],[-89.2385,14.9335],[-89.2386,14.9336],[-89.2389,14.9336],[-89.2392,14.9337],[-89.2394,14.9339],[-89.2394,14.934],[-89.2391,14.9343],[-89.2387,14.9346],[-89.2383,14.9348],[-89.2384,14.9349],[-89.2384,14.935],[-89.2387,14.9351],[-89.2388,14.9352],[-89.2391,14.9351],[-89.2393,14.9351],[-89.2394,14.9353],[-89.2394,14.9354],[-89.2393,14.9358],[-89.2393,14.9361],[-89.2391,14.9364],[-89.239,14.9366],[-89.2388,14.9367],[-89.2386,14.9369],[-89.2383,14.9369],[-89.2378,14.9368],[-89.2375,14.9369],[-89.2373,14.9371],[-89.237,14.9373],[-89.2368,14.9375],[-89.2365,14.9379],[-89.2287,14.9429],[-89.227,14.9452],[-89.2268,14.9459],[-89.2256,14.9478],[-89.2252,14.9488],[-89.2236,14.9498],[-89.2204,14.9498],[-89.215,14.9492],[-89.209,14.9486],[-89.2036,14.9484],[-89.2027,14.9484],[-89.2008,14.9478],[-89.2,14.9473],[-89.1992,14.9462],[-89.1983,14.9452],[-89.1974,14.9443],[-89.1969,14.9436],[-89.1964,14.9434],[-89.1961,14.9432],[-89.1959,14.9424],[-89.1959,14.9423],[-89.1958,14.9419],[-89.1955,14.9414],[-89.1949,14.9412],[-89.1947,14.9412],[-89.1939,14.9412],[-89.1932,14.941],[-89.1925,14.9406],[-89.1914,14.9396],[-89.1911,14.9387],[-89.1908,14.9378],[-89.1903,14.937],[-89.1895,14.9364],[-89.1893,14.9359],[-89.1889,14.9352],[-89.1886,14.9347],[-89.1878,14.9343],[-89.1875,14.9341],[-89.1874,14.9336],[-89.1871,14.9332],[-89.1869,14.9328],[-89.1867,14.9322],[-89.1861,14.9318],[-89.1856,14.9314],[-89.1852,14.931],[-89.185,14.9306],[-89.1843,14.9304],[-89.1837,14.9302],[-89.1833,14.9299],[-89.1828,14.9293],[-89.1823,14.9287],[-89.1822,14.9282],[-89.182,14.9275],[-89.1812,14.927],[-89.1804,14.9266],[-89.179,14.923],[-89.1774,14.9233],[-89.1763,14.9244],[-89.1762,14.9251],[-89.1756,14.9259],[-89.1747,14.9263],[-89.1741,14.9267],[-89.1732,14.9276],[-89.173,14.9281],[-89.1727,14.9288],[-89.1727,14.9293],[-89.1726,14.93],[-89.1723,14.9306],[-89.1721,14.9311],[-89.1723,14.9316],[-89.1725,14.9321],[-89.1725,14.9328],[-89.1724,14.9332],[-89.1725,14.9338],[-89.1733,14.9345],[-89.1733,14.9344],[-89.1738,14.9345],[-89.174,14.9351],[-89.175,14.9359],[-89.1749,14.9364],[-89.1751,14.9369],[-89.1755,14.9379],[-89.1754,14.9384],[-89.1752,14.9389],[-89.1752,14.9394],[-89.1753,14.9398],[-89.1753,14.9404],[-89.1753,14.9409],[-89.1752,14.9413],[-89.175,14.9414],[-89.1747,14.9416],[-89.1746,14.9418],[-89.1743,14.9419],[-89.174,14.9421],[-89.1738,14.9422],[-89.1735,14.9421],[-89.1733,14.9421],[-89.173,14.9423],[-89.1713,14.9427],[-89.1711,14.9429],[-89.1707,14.9431],[-89.1705,14.9432],[-89.1702,14.9431],[-89.1699,14.9431],[-89.1696,14.9432],[-89.1693,14.9434],[-89.1688,14.9437],[-89.1682,14.9437],[-89.1675,14.9439],[-89.1673,14.9439],[-89.167,14.9441],[-89.1669,14.9443],[-89.1667,14.9447],[-89.1666,14.9449],[-89.1664,14.9452],[-89.1664,14.9457],[-89.1667,14.9461],[-89.1668,14.9465],[-89.1667,14.9469],[-89.1666,14.9472],[-89.1665,14.9477],[-89.1666,14.9483],[-89.1664,14.9486],[-89.166,14.9488],[-89.1658,14.949],[-89.1656,14.9492],[-89.1655,14.9496],[-89.1655,14.9499],[-89.1652,14.9501],[-89.1649,14.9504],[-89.1649,14.9508],[-89.165,14.9513],[-89.1651,14.9515],[-89.1651,14.9519],[-89.165,14.9523],[-89.165,14.9525],[-89.1651,14.9529],[-89.1652,14.9534],[-89.1651,14.9537],[-89.1649,14.9539],[-89.1646,14.9541],[-89.1645,14.9545],[-89.1644,14.9548],[-89.1642,14.955],[-89.164,14.9552],[-89.1637,14.9554],[-89.1636,14.9558],[-89.1638,14.9561],[-89.1641,14.9564],[-89.1644,14.9567],[-89.1647,14.9572],[-89.1647,14.9575],[-89.1645,14.958],[-89.1645,14.9584],[-89.1646,14.9587],[-89.1644,14.9589],[-89.1643,14.9592],[-89.1644,14.9595],[-89.1644,14.9598],[-89.1643,14.9602],[-89.1641,14.9605],[-89.1637,14.9607],[-89.1634,14.9608],[-89.1631,14.9611],[-89.1631,14.9614],[-89.1631,14.9617],[-89.1631,14.9627],[-89.163,14.9631],[-89.1629,14.9636],[-89.1625,14.9641],[-89.1624,14.9645],[-89.1625,14.9651],[-89.1625,14.9655],[-89.1624,14.9657],[-89.1633,14.9666],[-89.1631,14.9674],[-89.1637,14.9686],[-89.1638,14.969],[-89.1641,14.9695],[-89.1641,14.9699],[-89.1625,14.9731],[-89.1621,14.9733],[-89.1618,14.9733],[-89.1611,14.9732],[-89.1605,14.9732],[-89.1603,14.9733],[-89.16,14.9738],[-89.1599,14.9743],[-89.1598,14.9746],[-89.1597,14.9749],[-89.1598,14.9755],[-89.1594,14.9761],[-89.1592,14.9762],[-89.159,14.9766],[-89.1586,14.977],[-89.1582,14.9772],[-89.1576,14.9778],[-89.1574,14.9783],[-89.1573,14.9786],[-89.1571,14.9788],[-89.1569,14.9791],[-89.1567,14.9794],[-89.1566,14.9798],[-89.1568,14.9803],[-89.157,14.981],[-89.1572,14.9814],[-89.1617,14.9826],[-89.1637,14.9839],[-89.1656,14.9842],[-89.1669,14.9849],[-89.1678,14.9867],[-89.168,14.9866],[-89.1685,14.9868],[-89.1689,14.987],[-89.1691,14.9872],[-89.1695,14.9874],[-89.1698,14.9877],[-89.17,14.9881],[-89.1703,14.9882],[-89.1705,14.9882],[-89.1709,14.9884],[-89.1712,14.9886],[-89.1715,14.989],[-89.1714,14.9893],[-89.1713,14.9894],[-89.1728,14.9896],[-89.1781,14.9915],[-89.1787,14.9927],[-89.1786,14.9938],[-89.1789,14.9938],[-89.1792,14.9941],[-89.1794,14.9947],[-89.1795,14.9949],[-89.1796,14.9953],[-89.1794,14.9957],[-89.1792,14.9962],[-89.1791,14.9967],[-89.1791,14.9971],[-89.1793,14.9974],[-89.1797,14.9979],[-89.1798,14.9981],[-89.1813,14.9989],[-89.1818,14.9991],[-89.1825,14.9995],[-89.1828,15.0001],[-89.1828,15.0006],[-89.1825,15.001],[-89.1828,15.001],[-89.1835,15.0013],[-89.1838,15.0015],[-89.184,15.0019],[-89.1843,15.0023],[-89.1844,15.0025],[-89.1843,15.0029],[-89.1842,15.0033],[-89.1841,15.0036],[-89.1841,15.0041],[-89.1841,15.0044],[-89.1841,15.0045],[-89.184,15.0047],[-89.184,15.0052],[-89.1839,15.0057],[-89.1837,15.0061],[-89.1833,15.0063],[-89.1829,15.0066],[-89.1822,15.0071],[-89.1817,15.0077],[-89.1811,15.0081],[-89.1809,15.0083],[-89.1807,15.0085],[-89.1806,15.0086],[-89.1806,15.0088],[-89.1806,15.0096],[-89.1807,15.01],[-89.1806,15.0104],[-89.1802,15.0108],[-89.1797,15.0111],[-89.1795,15.0114],[-89.1793,15.012],[-89.1793,15.0126],[-89.1793,15.0132],[-89.1793,15.0138],[-89.1794,15.0144],[-89.1793,15.0146],[-89.1791,15.015],[-89.1789,15.0154],[-89.1789,15.0159],[-89.179,15.0164],[-89.1789,15.0169],[-89.1787,15.0172],[-89.1784,15.0175],[-89.1782,15.0176],[-89.1779,15.0177],[-89.1768,15.0198],[-89.1767,15.0199],[-89.1766,15.0201],[-89.1762,15.0206],[-89.176,15.0206],[-89.1759,15.0208],[-89.1758,15.0208],[-89.1758,15.0211],[-89.1759,15.0216],[-89.1759,15.022],[-89.1757,15.0222],[-89.1753,15.0224],[-89.175,15.0227],[-89.1747,15.0229],[-89.1746,15.0233],[-89.1745,15.0236],[-89.1738,15.0251],[-89.1737,15.0255],[-89.1733,15.0258],[-89.1727,15.0259],[-89.172,15.0259],[-89.1719,15.026],[-89.1715,15.026],[-89.1715,15.0267],[-89.174,15.0296],[-89.1746,15.0304],[-89.175,15.0325],[-89.1747,15.0355],[-89.1755,15.036],[-89.1753,15.0366],[-89.1745,15.0374],[-89.1741,15.0388],[-89.1734,15.0399],[-89.1728,15.0399],[-89.1718,15.0398],[-89.1715,15.0399],[-89.1683,15.0401],[-89.1651,15.0411],[-89.1641,15.042],[-89.1635,15.0427],[-89.163,15.0442],[-89.1625,15.0447],[-89.1617,15.0452],[-89.1614,15.0458],[-89.1607,15.0468],[-89.1599,15.0473],[-89.1596,15.0482],[-89.1595,15.0482],[-89.1595,15.0486],[-89.1591,15.0495],[-89.1586,15.05],[-89.1576,15.0505],[-89.1568,15.0512],[-89.1564,15.0516],[-89.1559,15.052],[-89.1556,15.053],[-89.1545,15.0554],[-89.1542,15.0556],[-89.154,15.056],[-89.1538,15.0563],[-89.1536,15.0567],[-89.154,15.057],[-89.1538,15.0575],[-89.1535,15.0576],[-89.1538,15.06],[-89.1543,15.0603],[-89.1544,15.0607],[-89.1543,15.0616],[-89.1539,15.0623],[-89.1538,15.0624],[-89.1536,15.064],[-89.1529,15.0648],[-89.153,15.0656],[-89.1542,15.067],[-89.1538,15.0676],[-89.154,15.0676],[-89.1536,15.0683],[-89.1544,15.0688],[-89.1546,15.0696],[-89.1551,15.0701],[-89.1558,15.0703],[-89.1567,15.0707],[-89.1572,15.0711],[-89.1574,15.0718],[-89.1578,15.0726],[-89.1584,15.0728],[-89.1592,15.0731],[-89.1595,15.073],[-89.1597,15.0727],[-89.1598,15.0727],[-89.16,15.0724],[-89.1602,15.0722],[-89.1607,15.0723],[-89.1611,15.0726],[-89.1614,15.0733],[-89.1619,15.0738],[-89.1627,15.0742],[-89.1632,15.0748],[-89.1634,15.0756],[-89.1633,15.076],[-89.1631,15.0766],[-89.1629,15.0772],[-89.1628,15.0774],[-89.1627,15.0777],[-89.1625,15.0781],[-89.1624,15.0786],[-89.1624,15.0789],[-89.1625,15.0793],[-89.1628,15.0795],[-89.1634,15.0797],[-89.1639,15.0795],[-89.1643,15.0792],[-89.1648,15.0788],[-89.1652,15.0785],[-89.1656,15.0781],[-89.1657,15.078],[-89.166,15.0779],[-89.1663,15.0782],[-89.1662,15.0788],[-89.166,15.0792],[-89.1657,15.0793],[-89.1653,15.0797],[-89.1652,15.0798],[-89.1651,15.0801],[-89.1652,15.0804],[-89.1656,15.0806],[-89.166,15.0806],[-89.1663,15.0812],[-89.1664,15.0817],[-89.1665,15.0822],[-89.1666,15.0827],[-89.1669,15.0831],[-89.1672,15.0835],[-89.1677,15.0837],[-89.168,15.0837],[-89.1683,15.0835],[-89.1683,15.083],[-89.1683,15.0827],[-89.1688,15.0824],[-89.1692,15.0824],[-89.1695,15.0826],[-89.1698,15.0829],[-89.1698,15.0834],[-89.1699,15.0839],[-89.1702,15.0846],[-89.1703,15.085],[-89.1708,15.0863],[-89.1714,15.0864],[-89.1716,15.0869],[-89.1721,15.0868],[-89.1724,15.0866],[-89.1727,15.0863],[-89.1733,15.086],[-89.1736,15.0857],[-89.174,15.0855],[-89.1741,15.0856],[-89.1746,15.0857],[-89.1751,15.0858],[-89.1752,15.086],[-89.1752,15.0866],[-89.1751,15.0871],[-89.1752,15.0875],[-89.1753,15.088],[-89.1753,15.0883],[-89.1751,15.0887],[-89.1749,15.0891],[-89.1744,15.0896],[-89.1741,15.09],[-89.174,15.0903],[-89.1739,15.0907],[-89.174,15.091],[-89.1742,15.0911],[-89.1745,15.0912],[-89.1748,15.091],[-89.1749,15.0908],[-89.175,15.0904],[-89.1752,15.0903],[-89.1756,15.0904],[-89.1758,15.0906],[-89.1759,15.091],[-89.1758,15.0914],[-89.1758,15.0916],[-89.176,15.0919],[-89.1762,15.092],[-89.1763,15.092],[-89.1765,15.0924],[-89.1765,15.0927],[-89.1763,15.0932],[-89.1762,15.0934],[-89.1763,15.0939],[-89.1763,15.0943],[-89.1764,15.0945],[-89.1766,15.0947],[-89.1768,15.095],[-89.1769,15.0951],[-89.177,15.0956],[-89.1771,15.0959],[-89.1773,15.0961],[-89.1774,15.0963],[-89.1775,15.0966],[-89.1775,15.0971],[-89.1776,15.0973],[-89.1779,15.0975],[-89.1783,15.0977],[-89.1787,15.0983],[-89.1789,15.0982],[-89.1793,15.0981],[-89.1797,15.0981],[-89.18,15.0982],[-89.1805,15.0987],[-89.1806,15.0991],[-89.1809,15.0998],[-89.1811,15.1003],[-89.1813,15.1009],[-89.1816,15.1015],[-89.1819,15.102],[-89.1821,15.1027],[-89.1823,15.103],[-89.1827,15.1032],[-89.1837,15.1028],[-89.1838,15.1028],[-89.1844,15.103],[-89.1848,15.1033],[-89.185,15.1038],[-89.1851,15.1043],[-89.1854,15.105],[-89.1857,15.1055],[-89.186,15.106],[-89.1862,15.1066],[-89.1862,15.107],[-89.1862,15.1073],[-89.1862,15.1079],[-89.1863,15.1082],[-89.1864,15.1083],[-89.1865,15.1089],[-89.1866,15.1092],[-89.1866,15.1097],[-89.1865,15.1099],[-89.1863,15.11],[-89.1859,15.1098],[-89.1854,15.1095],[-89.1852,15.1095],[-89.1847,15.1095],[-89.1843,15.1096],[-89.1839,15.1099],[-89.1837,15.1102],[-89.1834,15.1106],[-89.183,15.1108],[-89.1825,15.1109],[-89.182,15.1112],[-89.1816,15.1115],[-89.1813,15.112],[-89.1812,15.1123],[-89.1811,15.1126],[-89.1811,15.113],[-89.181,15.1134],[-89.181,15.1135],[-89.1802,15.1139],[-89.1795,15.1141],[-89.1794,15.1141],[-89.1792,15.1141],[-89.1788,15.1142],[-89.1786,15.1143],[-89.1783,15.1145],[-89.1778,15.1146],[-89.1775,15.1147],[-89.1771,15.1148],[-89.1768,15.1151],[-89.1767,15.1155],[-89.1773,15.1162],[-89.1774,15.1166],[-89.178,15.1171],[-89.1783,15.1176],[-89.1784,15.1179],[-89.1784,15.1183],[-89.1783,15.1189],[-89.1779,15.1195],[-89.1776,15.1198],[-89.1774,15.1204],[-89.1776,15.121],[-89.1778,15.1215],[-89.1781,15.1222],[-89.1783,15.1227],[-89.1785,15.1232],[-89.1788,15.1234],[-89.1789,15.1235],[-89.1792,15.1237],[-89.1796,15.1242],[-89.1796,15.1242],[-89.1799,15.1248],[-89.1799,15.1252],[-89.1797,15.1259],[-89.1793,15.1267],[-89.179,15.1272],[-89.1787,15.1277],[-89.1785,15.1281],[-89.1786,15.1294],[-89.1786,15.1299],[-89.1786,15.1304],[-89.1788,15.131],[-89.179,15.1315],[-89.1795,15.1318],[-89.1798,15.132],[-89.1805,15.1322],[-89.181,15.1323],[-89.1816,15.1323],[-89.1822,15.1325],[-89.1823,15.1326],[-89.1827,15.133],[-89.1829,15.1331],[-89.1832,15.1337],[-89.1831,15.1343],[-89.1827,15.1347],[-89.1824,15.135],[-89.1822,15.1352],[-89.1817,15.1354],[-89.1813,15.1354],[-89.1808,15.1354],[-89.1802,15.1356],[-89.1802,15.1356],[-89.1799,15.1357],[-89.1796,15.1359],[-89.1794,15.1363],[-89.1792,15.1367],[-89.1796,15.137],[-89.1799,15.137],[-89.1802,15.1372],[-89.1805,15.1376],[-89.1806,15.1381],[-89.1808,15.1383],[-89.1808,15.1383],[-89.181,15.1385],[-89.1812,15.139],[-89.1811,15.1396],[-89.181,15.1402],[-89.181,15.1406],[-89.1805,15.1411],[-89.1801,15.1414],[-89.1801,15.1419],[-89.1802,15.1424],[-89.1805,15.1427],[-89.1807,15.1427],[-89.1811,15.1424],[-89.1812,15.1422],[-89.1818,15.142],[-89.1819,15.142],[-89.1824,15.1421],[-89.183,15.1422],[-89.1834,15.1423],[-89.1842,15.1425],[-89.1846,15.1426],[-89.1849,15.1429],[-89.185,15.1434],[-89.1852,15.1439],[-89.1853,15.144],[-89.1861,15.1443],[-89.1863,15.1443],[-89.1871,15.1443],[-89.1877,15.1442],[-89.1881,15.1442],[-89.1886,15.1444],[-89.1889,15.1447],[-89.189,15.1452],[-89.1889,15.1456],[-89.1887,15.1459],[-89.1887,15.1461],[-89.1892,15.1464],[-89.1894,15.1464],[-89.19,15.1465],[-89.1903,15.147],[-89.1904,15.1475],[-89.1905,15.1479],[-89.1905,15.148],[-89.1908,15.1485],[-89.191,15.149],[-89.191,15.1492],[-89.1908,15.1496],[-89.1907,15.1496],[-89.1905,15.1497],[-89.1902,15.1497],[-89.1896,15.1498],[-89.1894,15.1498],[-89.1892,15.1499],[-89.1891,15.1502],[-89.1892,15.1506],[-89.1894,15.1508],[-89.1898,15.1509],[-89.1901,15.1509],[-89.1904,15.1508],[-89.1908,15.1507],[-89.191,15.1507],[-89.1913,15.1509],[-89.1915,15.151],[-89.192,15.1513],[-89.1922,15.1515],[-89.1923,15.1519],[-89.1923,15.152],[-89.1921,15.1521],[-89.1914,15.1522],[-89.1913,15.1522],[-89.1909,15.152],[-89.1909,15.152],[-89.1906,15.1519],[-89.1902,15.1518],[-89.1898,15.1519],[-89.1896,15.152],[-89.1897,15.1524],[-89.1899,15.1526],[-89.1901,15.1527],[-89.1902,15.1528],[-89.1903,15.1532],[-89.1904,15.1533],[-89.1901,15.1537],[-89.1897,15.1538],[-89.1897,15.1538],[-89.1893,15.1539],[-89.1888,15.1542],[-89.1885,15.1544],[-89.1884,15.1546],[-89.1882,15.1548],[-89.1883,15.1552],[-89.1886,15.1557],[-89.189,15.1559],[-89.1896,15.156],[-89.1901,15.156],[-89.1904,15.1562],[-89.1907,15.1567],[-89.1908,15.157],[-89.1908,15.1576],[-89.1908,15.1581],[-89.1909,15.1584],[-89.1907,15.1586],[-89.1904,15.1589],[-89.1904,15.1592],[-89.1906,15.1596],[-89.191,15.1595],[-89.1911,15.1594],[-89.1915,15.1593],[-89.1917,15.1595],[-89.1918,15.16],[-89.1918,15.1604],[-89.1917,15.1607],[-89.1918,15.161],[-89.1921,15.1611],[-89.1925,15.1614],[-89.1926,15.1615],[-89.1928,15.1618],[-89.1931,15.1623],[-89.193,15.1624],[-89.1929,15.1625],[-89.1925,15.163],[-89.1923,15.1631],[-89.192,15.1636],[-89.1921,15.164],[-89.1929,15.164],[-89.1932,15.1639],[-89.1934,15.1637],[-89.1938,15.1634],[-89.1942,15.1632],[-89.1948,15.1636],[-89.1949,15.1641],[-89.1948,15.1643],[-89.1945,15.1646],[-89.1943,15.1647],[-89.194,15.165],[-89.194,15.1655],[-89.1942,15.1656],[-89.1945,15.1658],[-89.1949,15.1657],[-89.1955,15.1649],[-89.1956,15.1648],[-89.1957,15.1643],[-89.196,15.164],[-89.1962,15.1637],[-89.1965,15.1638],[-89.1969,15.1641],[-89.197,15.1642],[-89.1972,15.1647],[-89.1971,15.165],[-89.1967,15.1654],[-89.1965,15.1656],[-89.1965,15.1656],[-89.1962,15.166],[-89.196,15.1665],[-89.1956,15.1668],[-89.1954,15.1669],[-89.1952,15.1673],[-89.1956,15.1675],[-89.196,15.1674],[-89.1964,15.1671],[-89.1966,15.1669],[-89.197,15.1668],[-89.1975,15.1669],[-89.1977,15.1673],[-89.1979,15.1677],[-89.1979,15.1677],[-89.198,15.1678],[-89.1982,15.1679],[-89.1985,15.1682],[-89.1987,15.1687],[-89.1986,15.1692],[-89.1983,15.1695],[-89.1977,15.1695],[-89.1971,15.1695],[-89.1968,15.1697],[-89.1968,15.1702],[-89.1967,15.1707],[-89.1963,15.1708],[-89.1958,15.171],[-89.1954,15.1711],[-89.1953,15.1712],[-89.1949,15.1714],[-89.1948,15.1717],[-89.1948,15.1722],[-89.195,15.1725],[-89.1952,15.1728],[-89.1954,15.1731],[-89.1957,15.1734],[-89.1961,15.1736],[-89.1966,15.1738],[-89.1972,15.1738],[-89.198,15.1739],[-89.1986,15.1739],[-89.1993,15.1742],[-89.1997,15.1744],[-89.2005,15.1748],[-89.201,15.1748],[-89.2013,15.1749],[-89.2014,15.1749],[-89.2018,15.1751],[-89.2019,15.1751],[-89.202,15.1753],[-89.2021,15.1757],[-89.2021,15.1759],[-89.202,15.1764],[-89.2019,15.1767],[-89.2018,15.1769],[-89.2016,15.177],[-89.2014,15.177],[-89.2012,15.1768],[-89.2012,15.1765],[-89.2011,15.1762],[-89.2009,15.1761],[-89.2005,15.1761],[-89.2003,15.1763],[-89.2002,15.1763],[-89.2,15.1766],[-89.1999,15.1769],[-89.1994,15.1773],[-89.1995,15.1776],[-89.1995,15.1778],[-89.1996,15.1782],[-89.1997,15.1786],[-89.1998,15.1789],[-89.2,15.1792],[-89.2008,15.1792],[-89.201,15.1791],[-89.2013,15.179],[-89.2018,15.1791],[-89.2023,15.1795],[-89.2026,15.1796],[-89.203,15.1795],[-89.2033,15.1795],[-89.2037,15.1792],[-89.2039,15.1787],[-89.2038,15.1786],[-89.2035,15.1783],[-89.2032,15.1779],[-89.2031,15.1776],[-89.203,15.1775],[-89.2028,15.1771],[-89.2028,15.1768],[-89.203,15.1764],[-89.2034,15.1763],[-89.2036,15.1763],[-89.2039,15.1763],[-89.2045,15.1767],[-89.2047,15.1768],[-89.2051,15.1767],[-89.2059,15.1765],[-89.206,15.1766],[-89.2066,15.1768],[-89.207,15.1769],[-89.2074,15.177],[-89.2077,15.1769],[-89.2078,15.1769],[-89.2086,15.177],[-89.2098,15.177],[-89.2108,15.1774],[-89.2117,15.1778],[-89.2126,15.1783],[-89.2129,15.1787],[-89.2132,15.1792],[-89.2137,15.1801],[-89.2136,15.1809],[-89.2136,15.1814],[-89.2139,15.1824],[-89.214,15.1829],[-89.2142,15.1831],[-89.2145,15.1831],[-89.2151,15.1826],[-89.2157,15.1822],[-89.2163,15.1817],[-89.2173,15.1814],[-89.2185,15.1812],[-89.2186,15.1818],[-89.2186,15.1819],[-89.2187,15.1825],[-89.2185,15.1829],[-89.2179,15.1834],[-89.2172,15.1838],[-89.2167,15.1838],[-89.2159,15.1839],[-89.2154,15.1839],[-89.2151,15.1839],[-89.2142,15.1842],[-89.2129,15.1849],[-89.2122,15.1855],[-89.2117,15.186],[-89.2115,15.1865],[-89.2115,15.1867],[-89.2116,15.1869],[-89.2114,15.1871],[-89.2112,15.1872],[-89.2104,15.1882],[-89.2105,15.1883],[-89.2103,15.1889],[-89.2098,15.1893],[-89.2091,15.1895],[-89.2084,15.1899],[-89.2078,15.1902],[-89.2075,15.1908],[-89.2071,15.191],[-89.2067,15.1911],[-89.2063,15.1909],[-89.2055,15.1906],[-89.2054,15.1906],[-89.2051,15.1906],[-89.205,15.1909],[-89.2049,15.1909],[-89.2049,15.1914],[-89.2049,15.1919],[-89.2043,15.1923],[-89.2038,15.1925],[-89.2031,15.1925],[-89.203,15.1925],[-89.2028,15.1925],[-89.2025,15.1927],[-89.2019,15.1932],[-89.2019,15.1932],[-89.2013,15.1937],[-89.2011,15.1941],[-89.2007,15.1945],[-89.1997,15.1947],[-89.1989,15.1947],[-89.1988,15.1947],[-89.1979,15.1945],[-89.1977,15.1946],[-89.1974,15.195],[-89.1972,15.1955],[-89.1964,15.196],[-89.1962,15.1961],[-89.1957,15.1963],[-89.1949,15.1967],[-89.1946,15.1971],[-89.1946,15.1972],[-89.1936,15.1979],[-89.193,15.1981],[-89.1922,15.1985],[-89.1922,15.1985],[-89.1922,15.1985],[-89.1916,15.1991],[-89.191,15.1995],[-89.1903,15.1996],[-89.1898,15.1997],[-89.1895,15.2001],[-89.1894,15.2002],[-89.1887,15.2009],[-89.1882,15.2013],[-89.1879,15.2013],[-89.187,15.2014],[-89.1862,15.2014],[-89.1857,15.2014],[-89.1852,15.2016],[-89.1848,15.2018],[-89.1846,15.2019],[-89.1843,15.2021],[-89.1841,15.2024],[-89.1842,15.2026],[-89.1841,15.2031],[-89.184,15.2035],[-89.1829,15.2039],[-89.1822,15.204],[-89.1816,15.2039],[-89.1807,15.2037],[-89.1803,15.2036],[-89.18,15.2037],[-89.1799,15.2038],[-89.1793,15.2043],[-89.1791,15.2047],[-89.1791,15.2047],[-89.179,15.2053],[-89.1789,15.2059],[-89.1786,15.2066],[-89.1781,15.2068],[-89.1777,15.2069],[-89.1772,15.2072],[-89.1769,15.2076],[-89.1766,15.2078],[-89.176,15.2081],[-89.1746,15.2086],[-89.1746,15.2086],[-89.1751,15.2426],[-89.1753,15.2561],[-89.1753,15.2569],[-89.1756,15.2577],[-89.1756,15.2578],[-89.1756,15.2663],[-89.1756,15.2672],[-89.1766,15.2679],[-89.1849,15.2679],[-89.1863,15.2687],[-89.1874,15.2704],[-89.1875,15.272],[-89.1876,15.2733],[-89.1873,15.275],[-89.1863,15.2769],[-89.1864,15.2789],[-89.1864,15.2799],[-89.1879,15.2822],[-89.1899,15.2832],[-89.1922,15.283],[-89.2008,15.2785],[-89.2032,15.2784],[-89.2034,15.2776],[-89.2057,15.2768],[-89.209,15.2745],[-89.2137,15.2734],[-89.2178,15.274],[-89.2202,15.276],[-89.2214,15.2793],[-89.2215,15.2795],[-89.2215,15.281],[-89.2215,15.2833],[-89.2224,15.2874],[-89.2225,15.2876],[-89.2224,15.2893],[-89.2223,15.2908],[-89.2256,15.2932],[-89.2298,15.2956],[-89.2331,15.2962],[-89.2361,15.2962],[-89.2388,15.2949],[-89.2417,15.2929],[-89.2455,15.2881],[-89.2464,15.2879],[-89.2465,15.287],[-89.2482,15.2854],[-89.2486,15.2842],[-89.2503,15.2832],[-89.2518,15.2829],[-89.2535,15.2837],[-89.2538,15.2845],[-89.2538,15.2847],[-89.2522,15.2936],[-89.2522,15.294],[-89.2526,15.2962],[-89.2541,15.2973],[-89.2579,15.2978],[-89.2613,15.2967],[-89.2666,15.2937],[-89.2698,15.293],[-89.2741,15.2936],[-89.2795,15.2932],[-89.2816,15.2935],[-89.2904,15.2935],[-89.2972,15.2925],[-89.2993,15.2917],[-89.3058,15.2861],[-89.3079,15.2811],[-89.3078,15.2803],[-89.3068,15.276],[-89.3068,15.2759],[-89.3074,15.2739],[-89.3088,15.2728],[-89.3102,15.2726],[-89.3129,15.2734],[-89.3154,15.2737],[-89.3172,15.2725],[-89.3205,15.2716],[-89.3243,15.2714],[-89.3256,15.2719],[-89.33,15.2759],[-89.3376,15.2774],[-89.34,15.2765],[-89.3432,15.2748],[-89.3476,15.2739],[-89.3532,15.2757],[-89.3563,15.2777],[-89.3594,15.278],[-89.3626,15.2772],[-89.3659,15.2752],[-89.3752,15.272],[-89.3797,15.2696],[-89.3828,15.2669],[-89.3881,15.2579],[-89.3909,15.2537],[-89.3921,15.2514],[-89.3933,15.2504],[-89.3941,15.2473],[-89.3952,15.2461],[-89.3961,15.2442],[-89.3959,15.2434],[-89.395,15.2408],[-89.3952,15.2392],[-89.3954,15.2374],[-89.3963,15.2367],[-89.3975,15.2367],[-89.3995,15.2387],[-89.4015,15.2386],[-89.4036,15.2352],[-89.4071,15.2287],[-89.4123,15.2228],[-89.415,15.2206],[-89.421,15.2155],[-89.4271,15.2135],[-89.4345,15.2115],[-89.438,15.2107],[-89.4402,15.2078],[-89.4436,15.2061],[-89.4499,15.204],[-89.4516,15.2024],[-89.4554,15.2011],[-89.4625,15.1994],[-89.4662,15.1962],[-89.4671,15.1954],[-89.4686,15.1954],[-89.4766,15.1953],[-89.4826,15.1927],[-89.4848,15.1929],[-89.4879,15.19],[-89.4888,15.1891],[-89.4901,15.1891],[-89.4922,15.189],[-89.4994,15.1869],[-89.5049,15.1854],[-89.5078,15.1834],[-89.5109,15.1834],[-89.5129,15.183],[-89.5138,15.1816],[-89.5168,15.1818],[-89.5215,15.1791],[-89.5233,15.1794],[-89.5239,15.1789],[-89.5254,15.1779],[-89.5264,15.1777],[-89.5284,15.1775],[-89.5297,15.1769],[-89.5313,15.1761],[-89.5326,15.1761],[-89.5357,15.1762],[-89.5381,15.1762],[-89.5393,15.1754],[-89.5401,15.1755],[-89.543,15.175],[-89.5449,15.1735],[-89.5459,15.1733],[-89.5499,15.1767],[-89.5553,15.1768],[-89.5573,15.1779],[-89.5608,15.1808],[-89.5631,15.1813],[-89.566,15.1808],[-89.5687,15.1795],[-89.5734,15.1759],[-89.5776,15.1739],[-89.5828,15.1727],[-89.5838,15.1721],[-89.5853,15.1722],[-89.5985,15.1666],[-89.6002,15.1653],[-89.613,15.1605],[-89.617,15.1601],[-89.6261,15.1614],[-89.6269,15.1615],[-89.6313,15.1614],[-89.6327,15.1614],[-89.6338,15.1614],[-89.6414,15.1618],[-89.6509,15.1553],[-89.6661,15.1485],[-89.6676,15.1449],[-89.6643,15.1385],[-89.6648,15.1301],[-89.6626,15.1225],[-89.6661,15.1197],[-89.6689,15.1203],[-89.6776,15.1223],[-89.6809,15.1262],[-89.6869,15.1377],[-89.6894,15.1391],[-89.7041,15.1382],[-89.7066,15.1404],[-89.7145,15.1479],[-89.7223,15.1517],[-89.7277,15.1492],[-89.7331,15.1468],[-89.735,15.1465],[-89.7462,15.1446],[-89.7521,15.1479],[-89.7665,15.1493],[-89.7712,15.1564],[-89.7775,15.1699],[-89.7825,15.171],[-89.7843,15.1714],[-89.7938,15.1702],[-89.7974,15.1685],[-89.8033,15.1658],[-89.8049,15.167],[-89.8113,15.1719],[-89.8192,15.1722],[-89.8224,15.1694],[-89.8246,15.1675],[-89.8351,15.1619],[-89.8435,15.1638],[-89.844,15.1639],[-89.8548,15.1618],[-89.8613,15.1605],[-89.8616,15.1599],[-89.8662,15.1474],[-89.8692,15.1475],[-89.8841,15.1481],[-89.8874,15.1521],[-89.8909,15.1499],[-89.8907,15.148],[-89.8903,15.1441],[-89.893,15.1403]]]}},{"type":"Feature","properties":{"name":"Petén","id":"GT-PE"},"geometry":{"type":"Polygon","coordinates":[[[-89.4109,15.8563],[-89.4105,15.8565],[-89.4091,15.8574],[-89.4083,15.858],[-89.407,15.8582],[-89.4064,15.8589],[-89.4063,15.859],[-89.4063,15.8595],[-89.4063,15.8611],[-89.4053,15.862],[-89.4039,15.8624],[-89.4035,15.8625],[-89.4028,15.863],[-89.4026,15.8648],[-89.4029,15.8657],[-89.4029,15.8659],[-89.4027,15.8668],[-89.3995,15.868],[-89.3984,15.8675],[-89.3971,15.866],[-89.3963,15.8641],[-89.3961,15.8623],[-89.3946,15.8613],[-89.393,15.8611],[-89.3915,15.8615],[-89.3912,15.8616],[-89.3911,15.863],[-89.3925,15.8644],[-89.3927,15.8647],[-89.3931,15.8664],[-89.3926,15.8682],[-89.3918,15.8686],[-89.391,15.8685],[-89.3901,15.8678],[-89.3894,15.867],[-89.3884,15.867],[-89.3879,15.867],[-89.3876,15.8677],[-89.3874,15.869],[-89.3882,15.8697],[-89.3909,15.8719],[-89.3916,15.873],[-89.3916,15.873],[-89.3914,15.8739],[-89.3899,15.8744],[-89.3888,15.8745],[-89.3878,15.8742],[-89.3869,15.8735],[-89.386,15.8717],[-89.3854,15.8713],[-89.3842,15.8714],[-89.384,15.8715],[-89.3827,15.8726],[-89.3824,15.8734],[-89.3813,15.8755],[-89.3817,15.8762],[-89.3833,15.8764],[-89.3873,15.8771],[-89.3888,15.8782],[-89.3888,15.8783],[-89.3889,15.8784],[-89.3898,15.8796],[-89.3901,15.88],[-89.3899,15.881],[-89.3886,15.8818],[-89.3871,15.8818],[-89.3864,15.8815],[-89.3855,15.8811],[-89.3845,15.8815],[-89.3844,15.8815],[-89.3836,15.8819],[-89.3836,15.8821],[-89.3835,15.8832],[-89.3832,15.8842],[-89.3818,15.8854],[-89.3803,15.8861],[-89.3797,15.8864],[-89.3794,15.8877],[-89.3797,15.8893],[-89.3808,15.8903],[-89.3817,15.8912],[-89.3816,15.892],[-89.3807,15.8925],[-89.3805,15.8926],[-89.3803,15.8929],[-89.3804,15.8938],[-89.3804,15.8939],[-89.3803,15.8947],[-89.38,15.8954],[-89.3798,15.8956],[-89.3795,15.8964],[-89.3796,15.8969],[-89.3793,15.8974],[-89.379,15.8978],[-89.3788,15.8982],[-89.3786,15.8989],[-89.3785,15.8995],[-89.3783,15.9002],[-89.378,15.9009],[-89.3778,15.9014],[-89.3779,15.9021],[-89.3781,15.903],[-89.378,15.9035],[-89.378,15.9039],[-89.378,15.9045],[-89.3778,15.9054],[-89.3773,15.906],[-89.3764,15.9068],[-89.3742,15.9088],[-89.3718,15.9104],[-89.3707,15.9132],[-89.3693,15.914],[-89.3648,15.9176],[-89.3613,15.9187],[-89.3591,15.919],[-89.3567,15.9192],[-89.3549,15.9205],[-89.3539,15.9206],[-89.3523,15.9197],[-89.351,15.9196],[-89.349,15.9188],[-89.3478,15.9191],[-89.3447,15.919],[-89.3434,15.9186],[-89.3414,15.9194],[-89.3404,15.9191],[-89.3393,15.92],[-89.3389,15.9203],[-89.3372,15.9202],[-89.3366,15.9194],[-89.3352,15.9177],[-89.3353,15.9173],[-89.3356,15.9162],[-89.3356,15.9162],[-89.3355,15.9161],[-89.3346,15.9154],[-89.3339,15.9159],[-89.3334,15.9147],[-89.3325,15.9142],[-89.3275,15.9142],[-89.3271,15.9138],[-89.3269,15.9136],[-89.3264,15.9138],[-89.3232,15.915],[-89.3226,15.9154],[-89.3216,15.9166],[-89.3207,15.9169],[-89.3189,15.9178],[-89.3181,15.9185],[-89.3175,15.9189],[-89.3169,15.919],[-89.3162,15.9188],[-89.3161,15.9184],[-89.316,15.9179],[-89.3159,15.9173],[-89.3156,15.9165],[-89.3147,15.9157],[-89.3144,15.9154],[-89.314,15.9155],[-89.3131,15.9158],[-89.3117,15.9166],[-89.3114,15.9168],[-89.3107,15.9168],[-89.3099,15.9167],[-89.3088,15.9171],[-89.3067,15.9175],[-89.3039,15.9172],[-89.3026,15.9164],[-89.3012,15.916],[-89.3,15.9151],[-89.2992,15.9149],[-89.2985,15.9153],[-89.2964,15.9154],[-89.2955,15.9151],[-89.2951,15.9144],[-89.2947,15.9139],[-89.2937,15.9137],[-89.2935,15.9139],[-89.293,15.9142],[-89.2922,15.9135],[-89.292,15.9133],[-89.2913,15.9134],[-89.2913,15.9135],[-89.2909,15.9142],[-89.2901,15.9149],[-89.2894,15.9148],[-89.2884,15.9151],[-89.2873,15.915],[-89.2868,15.9145],[-89.287,15.914],[-89.2868,15.914],[-89.2863,15.9137],[-89.286,15.9138],[-89.2847,15.9141],[-89.2842,15.9148],[-89.2814,15.915],[-89.2808,15.9155],[-89.2801,15.9155],[-89.2794,15.9149],[-89.279,15.9148],[-89.2781,15.9147],[-89.2774,15.9152],[-89.2756,15.9152],[-89.2742,15.9144],[-89.2736,15.9143],[-89.2714,15.9156],[-89.2707,15.9171],[-89.269,15.9177],[-89.2685,15.9181],[-89.2685,15.9193],[-89.2681,15.9197],[-89.2666,15.9197],[-89.2659,15.9203],[-89.2637,15.92],[-89.2627,15.9197],[-89.2619,15.919],[-89.2612,15.9183],[-89.2611,15.9176],[-89.261,15.9174],[-89.2605,15.9169],[-89.2603,15.9169],[-89.2602,15.9169],[-89.26,15.9168],[-89.2598,15.9166],[-89.2596,15.9162],[-89.2592,15.9158],[-89.2592,15.9158],[-89.2592,15.9157],[-89.259,15.9156],[-89.259,15.9156],[-89.2588,15.9157],[-89.2587,15.9158],[-89.2584,15.9161],[-89.2581,15.9161],[-89.2579,15.9161],[-89.2576,15.9161],[-89.2569,15.9165],[-89.2562,15.917],[-89.2559,15.9171],[-89.2556,15.9171],[-89.2547,15.9169],[-89.2539,15.9165],[-89.2532,15.9159],[-89.2528,15.9157],[-89.2523,15.9158],[-89.2519,15.916],[-89.2516,15.9163],[-89.2514,15.9164],[-89.2514,15.9166],[-89.2511,15.9166],[-89.2508,15.9165],[-89.2504,15.9164],[-89.2498,15.9161],[-89.2495,15.9161],[-89.2491,15.9161],[-89.2486,15.916],[-89.2485,15.9159],[-89.2483,15.9156],[-89.248,15.915],[-89.2478,15.9148],[-89.2477,15.9147],[-89.2476,15.9147],[-89.2472,15.9147],[-89.2467,15.9145],[-89.2461,15.914],[-89.2457,15.9137],[-89.2455,15.9134],[-89.2453,15.9133],[-89.2453,15.9133],[-89.2452,15.9131],[-89.2451,15.913],[-89.245,15.9129],[-89.2446,15.9128],[-89.2445,15.9127],[-89.2445,15.9126],[-89.2445,15.9126],[-89.2443,15.9126],[-89.2438,15.9123],[-89.2433,15.912],[-89.2431,15.9118],[-89.2428,15.9117],[-89.2427,15.9117],[-89.2425,15.9116],[-89.2423,15.9115],[-89.2422,15.9114],[-89.242,15.9113],[-89.2419,15.9112],[-89.2419,15.9111],[-89.2417,15.9109],[-89.2415,15.9109],[-89.2412,15.911],[-89.2407,15.9113],[-89.2401,15.9115],[-89.2396,15.9116],[-89.2389,15.9117],[-89.2387,15.9117],[-89.2385,15.9116],[-89.2385,15.9114],[-89.2386,15.9113],[-89.2386,15.9112],[-89.2385,15.911],[-89.2382,15.9106],[-89.238,15.9103],[-89.2379,15.9101],[-89.2376,15.9097],[-89.2374,15.9096],[-89.2371,15.9095],[-89.237,15.9094],[-89.2363,15.9094],[-89.2356,15.9094],[-89.2354,15.9094],[-89.2347,15.909],[-89.2346,15.9087],[-89.2345,15.9084],[-89.2342,15.9081],[-89.2339,15.9078],[-89.2334,15.9075],[-89.2331,15.9071],[-89.2331,15.9067],[-89.2331,15.9067],[-89.2331,15.9064],[-89.2329,15.9063],[-89.2329,15.906],[-89.2328,15.9058],[-89.2326,15.9054],[-89.2324,15.905],[-89.2323,15.9047],[-89.2314,15.9038],[-89.2312,15.9037],[-89.2308,15.9032],[-89.2306,15.9027],[-89.2303,15.9021],[-89.2303,15.9019],[-89.2304,15.9016],[-89.2306,15.9011],[-89.231,15.9001],[-89.231,15.8998],[-89.2308,15.8994],[-89.2306,15.8991],[-89.2306,15.8986],[-89.2305,15.898],[-89.2306,15.8979],[-89.2307,15.8975],[-89.2308,15.8973],[-89.2307,15.8971],[-89.2305,15.8969],[-89.2302,15.8969],[-89.2301,15.897],[-89.2301,15.897],[-89.2299,15.8972],[-89.2298,15.8976],[-89.2297,15.8978],[-89.2292,15.8982],[-89.2287,15.8984],[-89.2284,15.8983],[-89.2282,15.898],[-89.2279,15.8974],[-89.2281,15.8968],[-89.2281,15.8968],[-89.228,15.8965],[-89.2278,15.8963],[-89.2272,15.896],[-89.2262,15.8957],[-89.2262,15.8961],[-89.2224,15.9565],[-89.2222,15.9586],[-89.2223,15.959],[-89.2221,15.9602],[-89.2196,15.9999],[-89.2196,16.0012],[-89.2165,16.0631],[-89.213,16.1104],[-89.2133,16.1109],[-89.2128,16.1141],[-89.2124,16.1182],[-89.2123,16.1237],[-89.2115,16.1306],[-89.2117,16.1335],[-89.2098,16.1575],[-89.2094,16.1713],[-89.2076,16.1941],[-89.2074,16.1989],[-89.2056,16.2222],[-89.2058,16.2263],[-89.2052,16.2274],[-89.205,16.2302],[-89.2045,16.241],[-89.2044,16.2411],[-89.2028,16.266],[-89.2028,16.2665],[-89.2009,16.2947],[-89.199,16.3217],[-89.1982,16.3385],[-89.1973,16.3468],[-89.1968,16.3491],[-89.1969,16.3511],[-89.1964,16.3639],[-89.1953,16.374],[-89.1953,16.3843],[-89.193,16.4142],[-89.1924,16.4303],[-89.1919,16.434],[-89.1919,16.4342],[-89.1919,16.4342],[-89.1905,16.4546],[-89.1901,16.4601],[-89.1901,16.4601],[-89.1893,16.4722],[-89.1892,16.4743],[-89.1888,16.4796],[-89.1878,16.4929],[-89.1875,16.5029],[-89.1873,16.5051],[-89.1872,16.5085],[-89.1867,16.5205],[-89.185,16.5404],[-89.185,16.5447],[-89.1833,16.5649],[-89.1836,16.5668],[-89.1827,16.5732],[-89.183,16.5759],[-89.1825,16.5773],[-89.1817,16.5916],[-89.1813,16.5946],[-89.181,16.6076],[-89.1801,16.6165],[-89.1802,16.6197],[-89.1796,16.6226],[-89.1789,16.6364],[-89.1782,16.6398],[-89.1775,16.652],[-89.1771,16.6551],[-89.1765,16.6668],[-89.1758,16.6713],[-89.1761,16.674],[-89.1757,16.6777],[-89.1748,16.6853],[-89.1748,16.689],[-89.1734,16.7052],[-89.1734,16.7117],[-89.1717,16.7343],[-89.17,16.7667],[-89.169,16.7761],[-89.169,16.7813],[-89.1675,16.794],[-89.168,16.7946],[-89.1667,16.8104],[-89.1662,16.8179],[-89.1655,16.8305],[-89.1637,16.8588],[-89.1634,16.8593],[-89.1632,16.8624],[-89.1602,16.9047],[-89.159,16.9314],[-89.1583,16.9378],[-89.157,16.961],[-89.1563,16.9731],[-89.1563,16.9772],[-89.1558,16.9784],[-89.1556,16.9833],[-89.1555,16.9863],[-89.155,16.9907],[-89.155,16.9932],[-89.1545,17],[-89.1544,17.0012],[-89.1537,17.0114],[-89.1532,17.0232],[-89.1529,17.0392],[-89.1522,17.0498],[-89.1515,17.0963],[-89.1514,17.1195],[-89.1518,17.1203],[-89.1516,17.1427],[-89.1519,17.1436],[-89.152,17.189],[-89.1525,17.1904],[-89.1521,17.1926],[-89.1526,17.2215],[-89.1523,17.2238],[-89.1526,17.2307],[-89.1527,17.2334],[-89.1527,17.2349],[-89.1525,17.2467],[-89.153,17.2485],[-89.1531,17.2795],[-89.1533,17.2885],[-89.1533,17.328],[-89.1543,17.3577],[-89.1541,17.3967],[-89.1544,17.3981],[-89.1544,17.4202],[-89.1544,17.4221],[-89.1545,17.4251],[-89.1548,17.5246],[-89.1554,17.5601],[-89.1552,17.5991],[-89.1556,17.6175],[-89.156,17.6644],[-89.156,17.6718],[-89.1562,17.676],[-89.1559,17.6863],[-89.1562,17.7002],[-89.1567,17.7453],[-89.1564,17.7674],[-89.1568,17.7684],[-89.1565,17.7792],[-89.1569,17.7914],[-89.1569,17.8156],[-89.2047,17.8156],[-89.2575,17.8156],[-89.2576,17.8156],[-89.3176,17.8155],[-89.3255,17.8155],[-89.3374,17.8155],[-89.342,17.8155],[-89.3767,17.8155],[-89.4111,17.8154],[-89.4633,17.8154],[-89.5,17.8154],[-89.5157,17.8154],[-89.6556,17.8155],[-89.7011,17.8155],[-89.7017,17.8155],[-89.7023,17.8155],[-89.7434,17.8155],[-89.7669,17.8157],[-89.7762,17.8157],[-89.8094,17.8157],[-89.8673,17.8159],[-89.9082,17.8159],[-89.916,17.8159],[-89.9256,17.8159],[-89.9581,17.8159],[-89.9903,17.8158],[-89.9996,17.8158],[-90.0657,17.8158],[-90.1154,17.8158],[-90.1615,17.8158],[-90.2042,17.8158],[-90.2455,17.8158],[-90.365,17.8124],[-90.4546,17.8154],[-90.457,17.8155],[-90.4585,17.8155],[-90.4611,17.8156],[-90.4623,17.8157],[-90.4636,17.8157],[-90.4694,17.8159],[-90.4722,17.816],[-90.4735,17.816],[-90.4749,17.8161],[-90.4778,17.8162],[-90.4792,17.8162],[-90.4807,17.8163],[-90.4823,17.8163],[-90.4852,17.8164],[-90.4881,17.8165],[-90.4896,17.8166],[-90.491,17.8166],[-90.4972,17.8166],[-90.5388,17.8164],[-90.5696,17.8162],[-90.5783,17.8161],[-90.6227,17.8158],[-90.7037,17.8156],[-90.826,17.8152],[-90.8691,17.8151],[-90.9479,17.8153],[-90.9615,17.8154],[-90.9621,17.8154],[-90.9877,17.8153],[-90.9878,17.8118],[-90.9878,17.7939],[-90.9878,17.7758],[-90.9878,17.7508],[-90.9878,17.7398],[-90.9879,17.7282],[-90.988,17.7125],[-90.988,17.7077],[-90.9879,17.6746],[-90.9879,17.6699],[-90.988,17.651],[-90.988,17.6494],[-90.988,17.6471],[-90.988,17.6462],[-90.9882,17.5851],[-90.9882,17.583],[-90.9882,17.5536],[-90.9882,17.5492],[-90.9883,17.5403],[-90.9883,17.5371],[-90.9884,17.5008],[-90.9881,17.4661],[-90.9881,17.4633],[-90.9881,17.4583],[-90.9881,17.4559],[-90.9879,17.426],[-90.9878,17.4231],[-90.9878,17.398],[-90.9878,17.3838],[-90.9877,17.3793],[-90.9877,17.3779],[-90.9877,17.3438],[-90.9877,17.3432],[-90.9875,17.289],[-90.9875,17.2876],[-90.9878,17.2784],[-90.9877,17.2775],[-90.9875,17.2725],[-90.9874,17.2593],[-90.9874,17.2513],[-91.0177,17.2511],[-91.0457,17.2512],[-91.0532,17.2513],[-91.0663,17.2513],[-91.0848,17.2513],[-91.1286,17.2513],[-91.162,17.2512],[-91.1802,17.2516],[-91.2087,17.2512],[-91.2266,17.2513],[-91.2645,17.2516],[-91.2785,17.2517],[-91.2809,17.2514],[-91.2823,17.2515],[-91.2857,17.2514],[-91.2891,17.2514],[-91.2928,17.2514],[-91.2958,17.2513],[-91.2975,17.2514],[-91.3012,17.2513],[-91.3078,17.2513],[-91.3124,17.2512],[-91.3154,17.2512],[-91.3209,17.2511],[-91.3238,17.2511],[-91.3248,17.2511],[-91.3257,17.2511],[-91.3264,17.2511],[-91.3274,17.2511],[-91.3291,17.2511],[-91.3299,17.2511],[-91.3309,17.2511],[-91.3318,17.251],[-91.3327,17.2511],[-91.3335,17.251],[-91.3344,17.251],[-91.3357,17.251],[-91.3371,17.251],[-91.3386,17.251],[-91.3398,17.251],[-91.3412,17.251],[-91.3425,17.251],[-91.3437,17.251],[-91.3449,17.2509],[-91.3491,17.2509],[-91.3518,17.251],[-91.3537,17.2511],[-91.355,17.251],[-91.356,17.2509],[-91.3568,17.251],[-91.3584,17.2509],[-91.3584,17.2509],[-91.3658,17.2509],[-91.3686,17.2509],[-91.3702,17.2511],[-91.3817,17.2509],[-91.3875,17.251],[-91.3894,17.2509],[-91.3914,17.251],[-91.3973,17.2509],[-91.3992,17.2509],[-91.4012,17.2509],[-91.4032,17.2509],[-91.4074,17.251],[-91.4134,17.2509],[-91.4154,17.2509],[-91.4174,17.2509],[-91.4194,17.251],[-91.4213,17.2509],[-91.4233,17.251],[-91.4274,17.251],[-91.4312,17.251],[-91.4341,17.251],[-91.4391,17.2509],[-91.4398,17.2508],[-91.4398,17.25],[-91.4397,17.2488],[-91.4394,17.2479],[-91.4387,17.2465],[-91.438,17.2453],[-91.438,17.2451],[-91.4377,17.2445],[-91.4376,17.2442],[-91.4374,17.2436],[-91.4373,17.2429],[-91.4372,17.2427],[-91.4371,17.2425],[-91.437,17.2423],[-91.4369,17.242],[-91.4369,17.2418],[-91.4368,17.2416],[-91.4365,17.2403],[-91.4364,17.2401],[-91.4363,17.2398],[-91.4361,17.2393],[-91.4359,17.2389],[-91.4359,17.2389],[-91.4357,17.2386],[-91.4354,17.238],[-91.4353,17.2377],[-91.4352,17.2375],[-91.4351,17.2367],[-91.435,17.2364],[-91.435,17.2362],[-91.4348,17.236],[-91.4348,17.2359],[-91.4347,17.2355],[-91.4347,17.2353],[-91.4348,17.2349],[-91.4349,17.2347],[-91.4349,17.2345],[-91.4348,17.2344],[-91.4347,17.2343],[-91.4347,17.2341],[-91.4347,17.2339],[-91.4347,17.2338],[-91.4345,17.2336],[-91.4345,17.2334],[-91.4346,17.2331],[-91.4346,17.2329],[-91.4345,17.2327],[-91.4337,17.2317],[-91.4336,17.2316],[-91.4334,17.2316],[-91.4332,17.2315],[-91.4331,17.2315],[-91.433,17.2313],[-91.4322,17.2303],[-91.4321,17.2301],[-91.432,17.2297],[-91.4317,17.2292],[-91.4316,17.2289],[-91.4316,17.2287],[-91.4313,17.2284],[-91.4313,17.2283],[-91.4311,17.2279],[-91.431,17.2275],[-91.4309,17.227],[-91.4308,17.2268],[-91.4307,17.2266],[-91.4307,17.2265],[-91.4307,17.2263],[-91.4307,17.2259],[-91.4307,17.2257],[-91.4306,17.2256],[-91.4306,17.2255],[-91.4306,17.2253],[-91.4306,17.2252],[-91.4306,17.2251],[-91.4306,17.2249],[-91.4307,17.2247],[-91.4307,17.2245],[-91.4307,17.2243],[-91.4306,17.2241],[-91.4302,17.223],[-91.4296,17.2214],[-91.4296,17.2212],[-91.4296,17.2211],[-91.4296,17.2209],[-91.4295,17.2208],[-91.4293,17.2206],[-91.4292,17.2205],[-91.4291,17.2203],[-91.429,17.2199],[-91.4289,17.2195],[-91.4289,17.2191],[-91.4288,17.2185],[-91.4288,17.2185],[-91.4286,17.2183],[-91.4283,17.2181],[-91.4279,17.2178],[-91.4278,17.2176],[-91.4276,17.2172],[-91.4276,17.217],[-91.4275,17.2167],[-91.4274,17.2166],[-91.4273,17.2165],[-91.427,17.2163],[-91.4264,17.2161],[-91.4259,17.2157],[-91.4257,17.2156],[-91.4255,17.2154],[-91.4251,17.215],[-91.4248,17.2146],[-91.4244,17.2141],[-91.4242,17.2137],[-91.4238,17.2133],[-91.4235,17.2128],[-91.4228,17.2123],[-91.4215,17.2112],[-91.4202,17.2104],[-91.42,17.2102],[-91.4196,17.2099],[-91.4188,17.2093],[-91.4184,17.2091],[-91.418,17.2089],[-91.4155,17.208],[-91.4149,17.2077],[-91.4134,17.207],[-91.4127,17.2066],[-91.4121,17.2064],[-91.4112,17.2062],[-91.4099,17.2059],[-91.4086,17.2058],[-91.4082,17.2058],[-91.4077,17.2057],[-91.4072,17.2056],[-91.4068,17.2054],[-91.4062,17.2052],[-91.4055,17.2051],[-91.4049,17.205],[-91.4043,17.2049],[-91.4034,17.2046],[-91.4021,17.2046],[-91.4008,17.2047],[-91.3982,17.2049],[-91.3967,17.2049],[-91.3955,17.2049],[-91.394,17.2051],[-91.3933,17.2054],[-91.3927,17.2056],[-91.3919,17.2057],[-91.3911,17.2059],[-91.3906,17.2061],[-91.3903,17.2063],[-91.3897,17.2061],[-91.3893,17.206],[-91.3889,17.206],[-91.388,17.2062],[-91.3873,17.2064],[-91.3866,17.2064],[-91.3861,17.2064],[-91.3857,17.2063],[-91.3854,17.2059],[-91.3851,17.2057],[-91.3845,17.2055],[-91.3834,17.2053],[-91.3818,17.2052],[-91.3803,17.2051],[-91.379,17.2051],[-91.3776,17.205],[-91.3764,17.2049],[-91.3755,17.2046],[-91.3744,17.204],[-91.3739,17.2036],[-91.3733,17.2033],[-91.3729,17.2028],[-91.3725,17.2027],[-91.3721,17.2027],[-91.3717,17.2024],[-91.3713,17.2018],[-91.3707,17.2012],[-91.3702,17.2007],[-91.3698,17.2002],[-91.3694,17.1999],[-91.3691,17.1995],[-91.3681,17.1985],[-91.3662,17.1969],[-91.3658,17.1965],[-91.3656,17.1963],[-91.3655,17.1963],[-91.3652,17.1962],[-91.365,17.1961],[-91.3633,17.195],[-91.363,17.1949],[-91.3618,17.1943],[-91.3614,17.1941],[-91.3608,17.194],[-91.3591,17.1934],[-91.3586,17.1932],[-91.3578,17.1927],[-91.3575,17.1925],[-91.3567,17.1921],[-91.356,17.1917],[-91.3558,17.1914],[-91.3557,17.1913],[-91.3554,17.1911],[-91.3547,17.1908],[-91.3545,17.1905],[-91.3543,17.1903],[-91.3542,17.19],[-91.3542,17.1898],[-91.3539,17.1894],[-91.3533,17.1888],[-91.3529,17.1881],[-91.3525,17.1872],[-91.352,17.1856],[-91.3513,17.1843],[-91.3504,17.1829],[-91.3501,17.1821],[-91.3495,17.1812],[-91.3486,17.1801],[-91.348,17.1793],[-91.3477,17.1789],[-91.3473,17.1777],[-91.347,17.1768],[-91.3469,17.1764],[-91.3469,17.1757],[-91.347,17.175],[-91.347,17.1744],[-91.3472,17.1738],[-91.3478,17.1723],[-91.3486,17.1709],[-91.3487,17.1706],[-91.3488,17.1703],[-91.3488,17.1697],[-91.349,17.1683],[-91.3492,17.1677],[-91.3497,17.1668],[-91.35,17.1658],[-91.3503,17.1645],[-91.3503,17.1637],[-91.3502,17.1625],[-91.3498,17.1611],[-91.3495,17.1603],[-91.3492,17.16],[-91.3486,17.1598],[-91.3479,17.1594],[-91.3465,17.159],[-91.3443,17.1587],[-91.3433,17.1586],[-91.3422,17.1586],[-91.3397,17.1585],[-91.339,17.1588],[-91.3387,17.1588],[-91.3385,17.1589],[-91.3379,17.1595],[-91.3372,17.1605],[-91.3368,17.1618],[-91.3366,17.1628],[-91.3364,17.1642],[-91.3359,17.1656],[-91.335,17.1684],[-91.3332,17.1737],[-91.332,17.1767],[-91.3301,17.1792],[-91.3289,17.1802],[-91.3268,17.1813],[-91.3257,17.1822],[-91.3254,17.1825],[-91.325,17.1826],[-91.3245,17.1827],[-91.321,17.1831],[-91.3202,17.1831],[-91.3195,17.1831],[-91.3185,17.1829],[-91.3172,17.1825],[-91.315,17.1814],[-91.3118,17.18],[-91.3102,17.1795],[-91.309,17.1794],[-91.308,17.1795],[-91.3061,17.1799],[-91.3037,17.1806],[-91.3029,17.1808],[-91.3023,17.1808],[-91.3019,17.1808],[-91.3007,17.1806],[-91.3002,17.1806],[-91.2999,17.1804],[-91.2994,17.1801],[-91.2991,17.1799],[-91.2948,17.1795],[-91.2907,17.179],[-91.2882,17.1786],[-91.286,17.1783],[-91.2851,17.1781],[-91.2848,17.1781],[-91.2842,17.1781],[-91.2834,17.1783],[-91.2818,17.1789],[-91.2804,17.1795],[-91.2797,17.1796],[-91.2791,17.1796],[-91.2785,17.1795],[-91.2779,17.1792],[-91.2757,17.1776],[-91.2743,17.1763],[-91.2735,17.1756],[-91.2732,17.1753],[-91.2729,17.1748],[-91.2727,17.1743],[-91.2725,17.174],[-91.2705,17.172],[-91.2701,17.1718],[-91.269,17.1714],[-91.2673,17.1707],[-91.2664,17.1701],[-91.266,17.1697],[-91.2656,17.1692],[-91.2651,17.1687],[-91.2645,17.168],[-91.264,17.1671],[-91.2637,17.1662],[-91.2631,17.1645],[-91.263,17.1641],[-91.263,17.1637],[-91.263,17.1626],[-91.2632,17.1598],[-91.2634,17.1583],[-91.2638,17.1569],[-91.2642,17.1556],[-91.2649,17.1541],[-91.2654,17.1534],[-91.2674,17.1503],[-91.268,17.1495],[-91.2686,17.1492],[-91.2688,17.149],[-91.2689,17.1489],[-91.2691,17.1486],[-91.2695,17.1481],[-91.2697,17.1476],[-91.27,17.1471],[-91.2709,17.146],[-91.2712,17.1456],[-91.2713,17.1451],[-91.2716,17.1445],[-91.2719,17.1442],[-91.2721,17.1439],[-91.2722,17.1433],[-91.2724,17.1428],[-91.2725,17.142],[-91.2726,17.1407],[-91.273,17.1387],[-91.2731,17.1377],[-91.273,17.1375],[-91.273,17.1371],[-91.2726,17.1361],[-91.2724,17.1353],[-91.2723,17.1347],[-91.2723,17.1342],[-91.2722,17.1333],[-91.2724,17.1283],[-91.2723,17.1261],[-91.272,17.1239],[-91.2718,17.123],[-91.2716,17.1222],[-91.2715,17.1218],[-91.2711,17.1196],[-91.271,17.1192],[-91.2706,17.116],[-91.2702,17.1146],[-91.2691,17.1117],[-91.2685,17.1102],[-91.268,17.1093],[-91.2678,17.1091],[-91.2669,17.1079],[-91.2657,17.1065],[-91.2649,17.1058],[-91.2617,17.1037],[-91.2613,17.1035],[-91.2604,17.103],[-91.2595,17.1025],[-91.2589,17.1023],[-91.2585,17.1023],[-91.258,17.1022],[-91.2576,17.1019],[-91.2573,17.1016],[-91.257,17.1014],[-91.2563,17.101],[-91.2555,17.1008],[-91.2547,17.1007],[-91.2538,17.1008],[-91.2529,17.1009],[-91.2526,17.1009],[-91.2523,17.1009],[-91.2504,17.1007],[-91.2466,17.1004],[-91.2453,17.1004],[-91.2447,17.1003],[-91.2415,17.1],[-91.2415,17.1],[-91.2409,17.1001],[-91.2388,17.1004],[-91.2378,17.1006],[-91.2361,17.1006],[-91.2357,17.1006],[-91.2351,17.1006],[-91.2345,17.1006],[-91.234,17.1005],[-91.2334,17.1003],[-91.2327,17.0999],[-91.2303,17.0978],[-91.2293,17.0969],[-91.2278,17.0958],[-91.227,17.0951],[-91.2262,17.0943],[-91.2254,17.0935],[-91.2249,17.0928],[-91.2244,17.0919],[-91.2225,17.0886],[-91.2206,17.0838],[-91.2194,17.0811],[-91.218,17.0782],[-91.2176,17.0775],[-91.2173,17.0766],[-91.2171,17.076],[-91.2165,17.0696],[-91.2166,17.0684],[-91.2163,17.0663],[-91.2155,17.0638],[-91.2151,17.0635],[-91.2146,17.0632],[-91.2144,17.0629],[-91.2143,17.0625],[-91.2139,17.06],[-91.2138,17.0597],[-91.2121,17.058],[-91.2119,17.0578],[-91.2116,17.0572],[-91.2114,17.0566],[-91.2111,17.0552],[-91.2108,17.0541],[-91.2103,17.0531],[-91.2093,17.0517],[-91.2069,17.049],[-91.2059,17.048],[-91.2037,17.0453],[-91.2034,17.0449],[-91.2025,17.0443],[-91.2015,17.0435],[-91.2003,17.0425],[-91.1999,17.0423],[-91.1984,17.0415],[-91.1978,17.0411],[-91.197,17.0405],[-91.1964,17.0402],[-91.1959,17.0399],[-91.1953,17.0398],[-91.1948,17.0396],[-91.1943,17.0393],[-91.1939,17.0389],[-91.1933,17.0384],[-91.1932,17.0383],[-91.1908,17.0358],[-91.1898,17.0348],[-91.1893,17.0341],[-91.1884,17.0327],[-91.1879,17.0319],[-91.1872,17.0312],[-91.1866,17.0305],[-91.186,17.0297],[-91.1852,17.0283],[-91.1848,17.0276],[-91.1843,17.0271],[-91.1836,17.0264],[-91.1819,17.0244],[-91.1808,17.0231],[-91.1803,17.0222],[-91.1791,17.0203],[-91.1787,17.0196],[-91.1783,17.019],[-91.1777,17.0183],[-91.1767,17.0171],[-91.1762,17.0166],[-91.1757,17.0161],[-91.1753,17.0157],[-91.1719,17.0137],[-91.1714,17.0135],[-91.171,17.0133],[-91.1676,17.0118],[-91.1612,17.0086],[-91.1588,17.0073],[-91.1575,17.0066],[-91.1557,17.0054],[-91.1549,17.0051],[-91.1544,17.0049],[-91.1537,17.0047],[-91.1504,17.0043],[-91.1503,17.0042],[-91.1496,17.0042],[-91.149,17.0042],[-91.1482,17.0045],[-91.1464,17.005],[-91.1456,17.0051],[-91.1446,17.0053],[-91.1443,17.0054],[-91.1429,17.006],[-91.1419,17.0062],[-91.1406,17.0064],[-91.1381,17.0068],[-91.1375,17.0069],[-91.1367,17.0069],[-91.1335,17.0067],[-91.1309,17.0066],[-91.1294,17.0064],[-91.1286,17.0063],[-91.1277,17.0062],[-91.127,17.006],[-91.1263,17.0057],[-91.1254,17.0052],[-91.1244,17.0047],[-91.1236,17.0041],[-91.1228,17.0034],[-91.1222,17.0028],[-91.1216,17.0022],[-91.1212,17.0016],[-91.1209,17.0008],[-91.1209,17.0008],[-91.1207,17.0004],[-91.1206,17.0002],[-91.1205,16.9998],[-91.1202,16.9988],[-91.12,16.9976],[-91.1198,16.9963],[-91.1198,16.9952],[-91.12,16.9937],[-91.1201,16.9927],[-91.1205,16.9911],[-91.121,16.9899],[-91.1215,16.9885],[-91.1216,16.9879],[-91.1217,16.9874],[-91.122,16.9857],[-91.1222,16.984],[-91.1222,16.983],[-91.1222,16.9827],[-91.1222,16.9822],[-91.122,16.9809],[-91.1214,16.9797],[-91.1209,16.9788],[-91.1206,16.9783],[-91.12,16.9775],[-91.119,16.9766],[-91.1175,16.9753],[-91.1163,16.9744],[-91.1158,16.9742],[-91.1153,16.9742],[-91.1148,16.9744],[-91.1144,16.9746],[-91.114,16.9748],[-91.1135,16.9747],[-91.1125,16.9745],[-91.1125,16.9744],[-91.1119,16.9742],[-91.1103,16.9736],[-91.1091,16.973],[-91.1084,16.9727],[-91.1068,16.9717],[-91.1054,16.9709],[-91.1044,16.9702],[-91.1025,16.9684],[-91.101,16.9667],[-91.1003,16.9662],[-91.0997,16.9657],[-91.0992,16.9651],[-91.0988,16.9645],[-91.0984,16.9634],[-91.0979,16.9619],[-91.0975,16.9607],[-91.0972,16.9599],[-91.0972,16.959],[-91.0971,16.9582],[-91.0968,16.9576],[-91.0963,16.9569],[-91.0961,16.9563],[-91.0958,16.9554],[-91.0954,16.9546],[-91.0948,16.9538],[-91.0942,16.9531],[-91.0937,16.9526],[-91.0935,16.9523],[-91.0934,16.9521],[-91.0932,16.9518],[-91.0929,16.9515],[-91.0923,16.951],[-91.0915,16.9507],[-91.0888,16.9492],[-91.086,16.9475],[-91.0851,16.9469],[-91.0837,16.9462],[-91.0823,16.9455],[-91.0816,16.9449],[-91.0808,16.9444],[-91.0798,16.9435],[-91.0791,16.9428],[-91.0785,16.9421],[-91.0778,16.9413],[-91.0772,16.9405],[-91.0764,16.9393],[-91.0756,16.9385],[-91.0747,16.9379],[-91.074,16.937],[-91.0736,16.9361],[-91.0731,16.935],[-91.0727,16.9341],[-91.0723,16.9332],[-91.0721,16.9325],[-91.0717,16.932],[-91.0709,16.9311],[-91.0687,16.9292],[-91.0645,16.9251],[-91.0643,16.9248],[-91.0641,16.9238],[-91.0641,16.9231],[-91.0641,16.9231],[-91.064,16.9224],[-91.0639,16.9218],[-91.064,16.9209],[-91.0642,16.9203],[-91.0646,16.9199],[-91.0657,16.9191],[-91.0668,16.9185],[-91.0676,16.918],[-91.0719,16.9153],[-91.0727,16.9149],[-91.0735,16.9141],[-91.0739,16.9133],[-91.074,16.9127],[-91.0739,16.9118],[-91.0734,16.9108],[-91.0731,16.9103],[-91.0729,16.9102],[-91.0725,16.9098],[-91.072,16.9093],[-91.0715,16.9086],[-91.0713,16.9081],[-91.0708,16.9076],[-91.0701,16.907],[-91.0695,16.9063],[-91.0689,16.9056],[-91.0681,16.905],[-91.0674,16.9045],[-91.067,16.9041],[-91.0665,16.9038],[-91.0662,16.9034],[-91.0656,16.9029],[-91.065,16.9026],[-91.0639,16.902],[-91.0631,16.9018],[-91.0623,16.9014],[-91.0615,16.901],[-91.0611,16.9007],[-91.06,16.8998],[-91.059,16.8995],[-91.0576,16.8994],[-91.0563,16.8993],[-91.0548,16.8992],[-91.0537,16.8992],[-91.0535,16.8992],[-91.0532,16.8992],[-91.0525,16.899],[-91.0521,16.8988],[-91.0515,16.8986],[-91.0511,16.8986],[-91.0501,16.8985],[-91.0485,16.8985],[-91.0481,16.8984],[-91.0475,16.898],[-91.0464,16.8973],[-91.0452,16.8967],[-91.0437,16.8963],[-91.0421,16.8958],[-91.0406,16.8954],[-91.0394,16.8951],[-91.038,16.8947],[-91.0365,16.8942],[-91.0351,16.8939],[-91.0338,16.8935],[-91.0328,16.8935],[-91.0317,16.8933],[-91.0307,16.893],[-91.0295,16.8924],[-91.028,16.8919],[-91.0265,16.8915],[-91.0255,16.8913],[-91.0242,16.891],[-91.0226,16.8907],[-91.0218,16.8903],[-91.0203,16.8895],[-91.0185,16.8887],[-91.0167,16.8881],[-91.0154,16.8878],[-91.0144,16.8876],[-91.0128,16.8875],[-91.0118,16.8874],[-91.0108,16.8872],[-91.0091,16.8868],[-91.0071,16.8862],[-91.0056,16.8854],[-91,16.8822],[-90.9999,16.8821],[-90.9972,16.8804],[-90.9961,16.8794],[-90.9951,16.8783],[-90.9939,16.8771],[-90.993,16.876],[-90.9926,16.8754],[-90.9923,16.8748],[-90.992,16.874],[-90.9918,16.8731],[-90.9913,16.8717],[-90.9911,16.8705],[-90.9911,16.8695],[-90.9907,16.8681],[-90.9905,16.867],[-90.9904,16.866],[-90.99,16.8644],[-90.9889,16.8635],[-90.9887,16.8634],[-90.9878,16.8631],[-90.9863,16.8631],[-90.9855,16.8633],[-90.9842,16.864],[-90.9838,16.8643],[-90.9835,16.8647],[-90.9832,16.8651],[-90.9826,16.8659],[-90.9822,16.8666],[-90.9817,16.8674],[-90.9814,16.8682],[-90.981,16.8692],[-90.9809,16.8697],[-90.9808,16.8702],[-90.9807,16.8711],[-90.9806,16.8718],[-90.9805,16.8727],[-90.9805,16.8738],[-90.9805,16.8742],[-90.9806,16.8749],[-90.9809,16.8768],[-90.9811,16.8773],[-90.9814,16.878],[-90.9818,16.8789],[-90.982,16.8795],[-90.9855,16.8871],[-90.9857,16.8877],[-90.986,16.8886],[-90.9861,16.8892],[-90.9861,16.8897],[-90.9861,16.8905],[-90.9862,16.8912],[-90.9863,16.8917],[-90.9865,16.8926],[-90.9865,16.8936],[-90.9865,16.8945],[-90.9862,16.8958],[-90.9857,16.8968],[-90.9851,16.898],[-90.9841,16.8992],[-90.9831,16.9002],[-90.9819,16.9009],[-90.9803,16.9018],[-90.979,16.9022],[-90.9776,16.9026],[-90.9761,16.9029],[-90.9747,16.903],[-90.9737,16.903],[-90.9723,16.903],[-90.9711,16.9029],[-90.9697,16.9029],[-90.9683,16.9027],[-90.9664,16.9021],[-90.965,16.9015],[-90.9635,16.9006],[-90.9622,16.8998],[-90.9609,16.899],[-90.9605,16.8986],[-90.9602,16.8982],[-90.9601,16.8979],[-90.9596,16.8976],[-90.9588,16.8974],[-90.958,16.8971],[-90.9574,16.8968],[-90.9573,16.8966],[-90.9571,16.8963],[-90.957,16.8958],[-90.9568,16.8953],[-90.9567,16.8947],[-90.9566,16.8941],[-90.9565,16.8935],[-90.9562,16.8927],[-90.9557,16.8919],[-90.9553,16.8911],[-90.9551,16.8905],[-90.9549,16.89],[-90.9548,16.8894],[-90.9546,16.8887],[-90.9545,16.8882],[-90.9543,16.8874],[-90.9543,16.8863],[-90.9543,16.8855],[-90.9545,16.8845],[-90.9549,16.8834],[-90.9556,16.882],[-90.9563,16.8805],[-90.9568,16.8798],[-90.9577,16.8786],[-90.9578,16.8785],[-90.958,16.8783],[-90.9585,16.8778],[-90.959,16.8775],[-90.9596,16.8771],[-90.9603,16.8767],[-90.9623,16.8758],[-90.9637,16.875],[-90.9654,16.8743],[-90.9667,16.8738],[-90.97,16.8724],[-90.97,16.8724],[-90.9708,16.8719],[-90.9713,16.8715],[-90.9718,16.8711],[-90.9723,16.8707],[-90.9726,16.8704],[-90.9727,16.8702],[-90.9734,16.8691],[-90.9738,16.8684],[-90.9741,16.8677],[-90.9745,16.8667],[-90.9747,16.8663],[-90.9747,16.8662],[-90.9745,16.8649],[-90.9741,16.8636],[-90.9737,16.8632],[-90.9732,16.8626],[-90.9724,16.8618],[-90.9714,16.8612],[-90.9702,16.8606],[-90.969,16.8604],[-90.9679,16.8604],[-90.967,16.8605],[-90.9659,16.8609],[-90.9643,16.8616],[-90.961,16.8634],[-90.9592,16.8644],[-90.958,16.8649],[-90.9568,16.8652],[-90.9555,16.8655],[-90.9543,16.8656],[-90.9529,16.8656],[-90.9521,16.8656],[-90.9514,16.8655],[-90.95,16.8654],[-90.9493,16.8652],[-90.9452,16.864],[-90.9414,16.8628],[-90.937,16.8613],[-90.9345,16.86],[-90.9336,16.8593],[-90.933,16.8586],[-90.9327,16.858],[-90.9324,16.8572],[-90.9323,16.8568],[-90.9323,16.8568],[-90.932,16.8558],[-90.9319,16.8541],[-90.932,16.8526],[-90.9323,16.8513],[-90.9325,16.8504],[-90.9327,16.8497],[-90.9331,16.8474],[-90.9335,16.8458],[-90.9337,16.8446],[-90.9337,16.8441],[-90.9337,16.8433],[-90.9336,16.8426],[-90.9334,16.8419],[-90.9331,16.841],[-90.9329,16.8406],[-90.9327,16.8402],[-90.9319,16.8392],[-90.9301,16.8372],[-90.9286,16.8358],[-90.9274,16.8348],[-90.9268,16.8341],[-90.9261,16.8332],[-90.9256,16.8323],[-90.9252,16.8313],[-90.9252,16.8311],[-90.9246,16.8292],[-90.9244,16.8277],[-90.9242,16.8262],[-90.9241,16.8256],[-90.9236,16.8244],[-90.9229,16.823],[-90.9218,16.8219],[-90.9201,16.8209],[-90.9196,16.8207],[-90.9166,16.8206],[-90.9152,16.8208],[-90.9146,16.8209],[-90.9137,16.8212],[-90.9124,16.8216],[-90.9115,16.8218],[-90.9102,16.8222],[-90.9087,16.8225],[-90.9065,16.8222],[-90.899,16.8239],[-90.8985,16.8239],[-90.8975,16.8243],[-90.8959,16.8248],[-90.892,16.8252],[-90.8893,16.8253],[-90.8875,16.8253],[-90.885,16.8252],[-90.8825,16.8252],[-90.8749,16.8228],[-90.872,16.8203],[-90.8634,16.8138],[-90.8624,16.813],[-90.8618,16.8126],[-90.8613,16.8122],[-90.8607,16.8116],[-90.8604,16.8112],[-90.8599,16.8105],[-90.8595,16.8099],[-90.8592,16.8092],[-90.8589,16.8074],[-90.8587,16.8067],[-90.8559,16.7994],[-90.854,16.7976],[-90.8471,16.796],[-90.8369,16.7957],[-90.8307,16.7962],[-90.8262,16.7968],[-90.8229,16.7984],[-90.8179,16.7981],[-90.8138,16.7983],[-90.8092,16.7989],[-90.8069,16.7988],[-90.8068,16.7988],[-90.8064,16.7988],[-90.8052,16.7988],[-90.8042,16.7986],[-90.8037,16.7984],[-90.8031,16.798],[-90.8021,16.7971],[-90.8017,16.7964],[-90.8015,16.7958],[-90.8014,16.7951],[-90.8014,16.7945],[-90.8013,16.7939],[-90.8014,16.7933],[-90.8014,16.7928],[-90.8015,16.7919],[-90.8016,16.7913],[-90.8018,16.7907],[-90.802,16.7898],[-90.8024,16.7883],[-90.804,16.7853],[-90.8042,16.784],[-90.8043,16.7808],[-90.8038,16.7784],[-90.8036,16.7777],[-90.8034,16.7772],[-90.8029,16.7766],[-90.8021,16.776],[-90.8016,16.7757],[-90.8012,16.7755],[-90.7998,16.7753],[-90.7983,16.7751],[-90.7976,16.775],[-90.7969,16.7748],[-90.7962,16.7745],[-90.7943,16.7737],[-90.7929,16.7731],[-90.789,16.7713],[-90.7882,16.7711],[-90.7865,16.7704],[-90.7847,16.7694],[-90.7819,16.7682],[-90.7797,16.7674],[-90.7794,16.7673],[-90.7782,16.767],[-90.7761,16.7665],[-90.7722,16.7656],[-90.7692,16.7649],[-90.7675,16.7643],[-90.7672,16.7642],[-90.7646,16.7636],[-90.7625,16.7627],[-90.7606,16.7615],[-90.7592,16.7603],[-90.7585,16.7593],[-90.7581,16.7582],[-90.758,16.7567],[-90.7581,16.7553],[-90.7582,16.754],[-90.7577,16.7525],[-90.7574,16.7519],[-90.7561,16.7508],[-90.755,16.7498],[-90.7536,16.7488],[-90.7532,16.7485],[-90.7523,16.748],[-90.7481,16.7453],[-90.7413,16.7412],[-90.7407,16.7408],[-90.739,16.7402],[-90.7374,16.7393],[-90.7324,16.7365],[-90.729,16.734],[-90.7253,16.7313],[-90.7249,16.731],[-90.7233,16.7302],[-90.7221,16.7298],[-90.7207,16.7294],[-90.7193,16.729],[-90.7185,16.7287],[-90.7181,16.7285],[-90.7178,16.7285],[-90.7159,16.728],[-90.7143,16.7271],[-90.7122,16.7251],[-90.712,16.7249],[-90.7118,16.7246],[-90.7112,16.724],[-90.7103,16.7232],[-90.7098,16.7222],[-90.7096,16.722],[-90.7095,16.7218],[-90.7094,16.7215],[-90.7093,16.7213],[-90.7091,16.7209],[-90.7088,16.72],[-90.7086,16.7195],[-90.7086,16.7195],[-90.7084,16.7189],[-90.7079,16.7174],[-90.708,16.7157],[-90.7084,16.714],[-90.7093,16.7123],[-90.7102,16.7095],[-90.7104,16.7084],[-90.7104,16.708],[-90.7103,16.7072],[-90.7102,16.7067],[-90.7099,16.7059],[-90.7096,16.7053],[-90.7091,16.7046],[-90.7087,16.7042],[-90.7083,16.7039],[-90.7079,16.7036],[-90.7074,16.7032],[-90.706,16.7025],[-90.7051,16.702],[-90.7048,16.7019],[-90.7023,16.7009],[-90.7001,16.6997],[-90.6939,16.6957],[-90.6915,16.6944],[-90.6878,16.6921],[-90.6851,16.6906],[-90.6828,16.6893],[-90.6818,16.6885],[-90.6808,16.6868],[-90.6805,16.6841],[-90.6802,16.6813],[-90.6796,16.6765],[-90.6797,16.6737],[-90.6795,16.6722],[-90.6787,16.6699],[-90.6765,16.6617],[-90.6751,16.659],[-90.6731,16.6564],[-90.6709,16.6543],[-90.6688,16.6527],[-90.6647,16.6482],[-90.6608,16.644],[-90.6592,16.6425],[-90.6581,16.6403],[-90.6577,16.6379],[-90.6577,16.6366],[-90.6585,16.6354],[-90.6607,16.633],[-90.6616,16.6318],[-90.6622,16.6302],[-90.6623,16.6289],[-90.662,16.626],[-90.6613,16.6215],[-90.6606,16.6197],[-90.6593,16.6175],[-90.6579,16.6158],[-90.6569,16.6138],[-90.6557,16.6104],[-90.6553,16.6081],[-90.6555,16.6057],[-90.6555,16.6033],[-90.6553,16.6004],[-90.6546,16.5978],[-90.6542,16.5961],[-90.6539,16.5947],[-90.6539,16.5944],[-90.6539,16.5941],[-90.6544,16.5932],[-90.6556,16.5923],[-90.6569,16.5918],[-90.6571,16.5916],[-90.658,16.5909],[-90.6586,16.5906],[-90.6594,16.5902],[-90.66,16.5901],[-90.6607,16.59],[-90.6631,16.5898],[-90.6649,16.5896],[-90.6657,16.5895],[-90.6665,16.5893],[-90.6672,16.5891],[-90.6677,16.5889],[-90.668,16.5886],[-90.6683,16.5876],[-90.6683,16.5863],[-90.6681,16.5846],[-90.6677,16.5831],[-90.6671,16.5818],[-90.666,16.5806],[-90.6639,16.5792],[-90.6611,16.5779],[-90.6577,16.5774],[-90.6545,16.5774],[-90.6502,16.5778],[-90.6469,16.5785],[-90.6444,16.5797],[-90.6438,16.5804],[-90.6434,16.5811],[-90.643,16.5818],[-90.6428,16.5823],[-90.6423,16.5835],[-90.6421,16.5845],[-90.642,16.5859],[-90.642,16.5879],[-90.642,16.5888],[-90.6422,16.5897],[-90.6424,16.5906],[-90.6429,16.5918],[-90.6432,16.5924],[-90.6435,16.593],[-90.6438,16.5936],[-90.6441,16.5941],[-90.6441,16.5948],[-90.6434,16.5951],[-90.6427,16.5951],[-90.6426,16.5953],[-90.6422,16.5957],[-90.6412,16.5958],[-90.64,16.5957],[-90.6386,16.5951],[-90.6368,16.5938],[-90.6354,16.592],[-90.6312,16.5847],[-90.6261,16.5777],[-90.6264,16.576],[-90.6281,16.5745],[-90.6315,16.5732],[-90.6341,16.5719],[-90.6355,16.5711],[-90.6391,16.5693],[-90.6396,16.5689],[-90.6428,16.5665],[-90.6449,16.5644],[-90.647,16.5608],[-90.6481,16.5566],[-90.6473,16.5533],[-90.6474,16.55],[-90.6489,16.5472],[-90.649,16.545],[-90.648,16.5426],[-90.6448,16.5389],[-90.6435,16.5362],[-90.6432,16.534],[-90.6434,16.5317],[-90.646,16.5203],[-90.6461,16.519],[-90.6454,16.5179],[-90.6421,16.5146],[-90.6391,16.5133],[-90.6354,16.5141],[-90.6298,16.5161],[-90.6245,16.5201],[-90.6213,16.5216],[-90.6197,16.5221],[-90.6183,16.522],[-90.6157,16.5213],[-90.6125,16.5184],[-90.6087,16.5129],[-90.6063,16.5075],[-90.6059,16.5027],[-90.6077,16.4983],[-90.608,16.4979],[-90.6083,16.497],[-90.6088,16.4963],[-90.6094,16.4954],[-90.61,16.4947],[-90.6109,16.4937],[-90.6122,16.4924],[-90.613,16.4916],[-90.6137,16.4911],[-90.6145,16.4906],[-90.616,16.4899],[-90.6184,16.4888],[-90.6202,16.4881],[-90.6212,16.4878],[-90.6222,16.4875],[-90.624,16.4872],[-90.6249,16.4871],[-90.6255,16.4871],[-90.6263,16.4872],[-90.6271,16.4874],[-90.6282,16.4877],[-90.6294,16.488],[-90.6304,16.4883],[-90.6312,16.4885],[-90.6319,16.4887],[-90.6325,16.4887],[-90.6333,16.4887],[-90.6342,16.4886],[-90.6348,16.4882],[-90.635,16.488],[-90.6354,16.4872],[-90.6356,16.4843],[-90.6344,16.4812],[-90.6312,16.4784],[-90.6282,16.4774],[-90.6257,16.4772],[-90.6235,16.4771],[-90.6208,16.4777],[-90.6181,16.4794],[-90.6169,16.4807],[-90.6168,16.4811],[-90.6164,16.4818],[-90.616,16.4829],[-90.6161,16.484],[-90.6161,16.4863],[-90.6155,16.4879],[-90.6139,16.4887],[-90.6119,16.489],[-90.6094,16.4884],[-90.6068,16.4876],[-90.6049,16.4875],[-90.6023,16.4885],[-90.5996,16.4902],[-90.5975,16.4912],[-90.5956,16.4911],[-90.5942,16.4903],[-90.593,16.4884],[-90.5935,16.4855],[-90.5949,16.4801],[-90.5949,16.4769],[-90.5934,16.4736],[-90.5917,16.4711],[-90.5884,16.4698],[-90.5861,16.4699],[-90.584,16.4707],[-90.5801,16.4728],[-90.5771,16.4736],[-90.5739,16.4743],[-90.5702,16.475],[-90.5672,16.4769],[-90.5654,16.4779],[-90.5596,16.4787],[-90.5571,16.4792],[-90.555,16.4801],[-90.5528,16.4817],[-90.5519,16.4823],[-90.5495,16.4832],[-90.5467,16.4828],[-90.5445,16.4817],[-90.5437,16.481],[-90.5437,16.4803],[-90.5439,16.4797],[-90.5441,16.4794],[-90.544,16.4792],[-90.5439,16.4785],[-90.544,16.4779],[-90.5442,16.4773],[-90.5445,16.4765],[-90.5449,16.4759],[-90.5452,16.4754],[-90.5456,16.4747],[-90.5466,16.4734],[-90.5473,16.4725],[-90.5479,16.4711],[-90.5483,16.4702],[-90.5483,16.4696],[-90.5466,16.4668],[-90.5426,16.4649],[-90.5375,16.4632],[-90.533,16.4604],[-90.5314,16.4586],[-90.5293,16.4579],[-90.5274,16.4591],[-90.5275,16.4622],[-90.5269,16.4657],[-90.5246,16.4675],[-90.5196,16.4691],[-90.5162,16.47],[-90.5136,16.4703],[-90.5109,16.47],[-90.5093,16.4696],[-90.5079,16.4693],[-90.506,16.4693],[-90.5035,16.4685],[-90.5018,16.4674],[-90.501,16.4659],[-90.5008,16.4643],[-90.5009,16.4637],[-90.5008,16.4636],[-90.4999,16.4626],[-90.4993,16.4616],[-90.499,16.4605],[-90.4987,16.4596],[-90.4983,16.4573],[-90.4981,16.4563],[-90.4978,16.4553],[-90.4973,16.454],[-90.497,16.4535],[-90.4964,16.4534],[-90.4949,16.4536],[-90.4936,16.4539],[-90.4923,16.455],[-90.4905,16.4572],[-90.4887,16.4598],[-90.4863,16.4614],[-90.4844,16.4618],[-90.4828,16.4618],[-90.4813,16.4614],[-90.4798,16.4608],[-90.4788,16.4593],[-90.4787,16.457],[-90.4784,16.4562],[-90.4782,16.4552],[-90.4782,16.4541],[-90.4782,16.4531],[-90.4786,16.4516],[-90.479,16.4505],[-90.4793,16.4495],[-90.4795,16.4475],[-90.4795,16.4473],[-90.4792,16.4463],[-90.4789,16.4434],[-90.4797,16.4415],[-90.4798,16.4404],[-90.4799,16.4391],[-90.4802,16.4379],[-90.4807,16.4365],[-90.4817,16.4349],[-90.4828,16.4335],[-90.4863,16.4295],[-90.4866,16.4289],[-90.4868,16.4283],[-90.4871,16.4273],[-90.4873,16.4265],[-90.4875,16.4257],[-90.4875,16.4249],[-90.4872,16.4243],[-90.4853,16.4231],[-90.4834,16.423],[-90.4814,16.4241],[-90.4766,16.425],[-90.4732,16.4251],[-90.4691,16.4243],[-90.4632,16.4218],[-90.4611,16.4213],[-90.459,16.4213],[-90.4551,16.4228],[-90.4524,16.4224],[-90.4492,16.4238],[-90.4461,16.4243],[-90.4422,16.4244],[-90.4363,16.4237],[-90.4321,16.4238],[-90.4262,16.4252],[-90.4235,16.4254],[-90.4201,16.4246],[-90.4177,16.4219],[-90.4167,16.419],[-90.4164,16.4184],[-90.4159,16.4172],[-90.4152,16.4141],[-90.4151,16.4139],[-90.4142,16.4111],[-90.4135,16.4091],[-90.412,16.4067],[-90.4104,16.4051],[-90.4086,16.4043],[-90.4064,16.4045],[-90.4036,16.4067],[-90.4019,16.4096],[-90.4009,16.4116],[-90.4003,16.414],[-90.3994,16.4159],[-90.3975,16.4163],[-90.3952,16.4159],[-90.3926,16.4147],[-90.3899,16.4133],[-90.3883,16.4115],[-90.3883,16.4094],[-90.3883,16.4093],[-90.3882,16.4091],[-90.3881,16.4086],[-90.3882,16.4079],[-90.3883,16.4073],[-90.3888,16.4059],[-90.3894,16.4045],[-90.3901,16.4034],[-90.3906,16.4026],[-90.3916,16.4013],[-90.3931,16.4],[-90.3943,16.3994],[-90.3963,16.3985],[-90.3974,16.3983],[-90.3998,16.3977],[-90.4009,16.3972],[-90.4017,16.3967],[-90.4024,16.3957],[-90.4028,16.3945],[-90.4029,16.3933],[-90.4029,16.393],[-90.4021,16.3912],[-90.3998,16.3878],[-90.3977,16.3857],[-90.3926,16.3824],[-90.3888,16.3788],[-90.3861,16.3768],[-90.3834,16.376],[-90.3805,16.3758],[-90.3762,16.3755],[-90.3738,16.3742],[-90.372,16.3724],[-90.3715,16.3696],[-90.3712,16.369],[-90.3709,16.3678],[-90.3709,16.3668],[-90.371,16.3654],[-90.3712,16.3643],[-90.3716,16.3631],[-90.3733,16.3605],[-90.3747,16.3591],[-90.3755,16.3587],[-90.377,16.3583],[-90.3779,16.3582],[-90.3785,16.3582],[-90.379,16.3582],[-90.3798,16.3583],[-90.3808,16.3588],[-90.3812,16.359],[-90.3819,16.3597],[-90.3825,16.3607],[-90.383,16.3616],[-90.3845,16.3638],[-90.3855,16.3674],[-90.3866,16.369],[-90.3872,16.3698],[-90.3894,16.371],[-90.3921,16.3719],[-90.3938,16.3724],[-90.3952,16.3727],[-90.3968,16.3726],[-90.3979,16.3724],[-90.3989,16.372],[-90.4001,16.3714],[-90.4013,16.3705],[-90.4111,16.361],[-90.412,16.3595],[-90.4124,16.3586],[-90.4126,16.358],[-90.4128,16.3572],[-90.413,16.3562],[-90.4132,16.3551],[-90.4132,16.3548],[-90.413,16.3531],[-90.4127,16.3503],[-90.4122,16.3486],[-90.4114,16.3468],[-90.4099,16.3459],[-90.4084,16.3463],[-90.4075,16.3479],[-90.4077,16.349],[-90.4079,16.3495],[-90.4079,16.3496],[-90.4087,16.351],[-90.4089,16.354],[-90.4094,16.3557],[-90.4092,16.3582],[-90.4087,16.36],[-90.4074,16.3614],[-90.4054,16.3616],[-90.4038,16.3615],[-90.4023,16.3603],[-90.4022,16.358],[-90.4022,16.3579],[-90.4022,16.3578],[-90.4017,16.3572],[-90.4015,16.3565],[-90.4012,16.3556],[-90.401,16.3542],[-90.4009,16.3531],[-90.4007,16.3519],[-90.4006,16.3507],[-90.4003,16.3494],[-90.3964,16.3475],[-90.3931,16.3466],[-90.3901,16.3465],[-90.3857,16.3463],[-90.3837,16.3451],[-90.3826,16.3419],[-90.3826,16.3413],[-90.3822,16.3399],[-90.3822,16.339],[-90.3823,16.3377],[-90.3826,16.3368],[-90.3831,16.3359],[-90.3837,16.3351],[-90.3846,16.3343],[-90.3856,16.3335],[-90.3869,16.3331],[-90.3879,16.333],[-90.3889,16.3332],[-90.3899,16.3337],[-90.3909,16.3345],[-90.3921,16.3355],[-90.3933,16.3364],[-90.3944,16.3369],[-90.3953,16.3372],[-90.3965,16.3374],[-90.3979,16.3376],[-90.3986,16.3376],[-90.3993,16.3374],[-90.4003,16.3368],[-90.4008,16.3363],[-90.4018,16.3351],[-90.4037,16.3314],[-90.4046,16.3301],[-90.4056,16.3293],[-90.4078,16.3287],[-90.4089,16.328],[-90.4102,16.3271],[-90.4109,16.3264],[-90.4119,16.3254],[-90.4122,16.3248],[-90.4125,16.3241],[-90.4126,16.3234],[-90.4126,16.3227],[-90.4123,16.3221],[-90.4104,16.3182],[-90.4103,16.3176],[-90.4097,16.3167],[-90.4095,16.3157],[-90.4092,16.3146],[-90.4093,16.3135],[-90.4095,16.3119],[-90.4098,16.3109],[-90.4102,16.3101],[-90.4102,16.3101],[-90.4104,16.3093],[-90.411,16.3087],[-90.4111,16.3085],[-90.4121,16.3072],[-90.4132,16.3061],[-90.4161,16.3043],[-90.4168,16.3041],[-90.4175,16.3039],[-90.4186,16.3037],[-90.4199,16.3037],[-90.4207,16.3037],[-90.4216,16.304],[-90.4223,16.3041],[-90.4231,16.3042],[-90.4239,16.3043],[-90.4246,16.3043],[-90.4258,16.3044],[-90.4265,16.3044],[-90.4279,16.3043],[-90.4291,16.304],[-90.4301,16.3037],[-90.4306,16.3035],[-90.4356,16.3021],[-90.4364,16.3016],[-90.4371,16.3011],[-90.4379,16.3004],[-90.4384,16.2998],[-90.4388,16.2991],[-90.4389,16.2989],[-90.437,16.2982],[-90.4349,16.2966],[-90.433,16.2948],[-90.4327,16.2933],[-90.4336,16.2917],[-90.4349,16.2911],[-90.4347,16.291],[-90.4343,16.2906],[-90.434,16.2902],[-90.4342,16.2893],[-90.4353,16.2888],[-90.4362,16.2883],[-90.4366,16.288],[-90.4379,16.2871],[-90.4385,16.2866],[-90.4394,16.2858],[-90.4401,16.2849],[-90.4406,16.2841],[-90.4408,16.2831],[-90.441,16.2819],[-90.4411,16.2807],[-90.4409,16.2788],[-90.4408,16.2785],[-90.4391,16.2772],[-90.4364,16.2759],[-90.4343,16.2752],[-90.4322,16.2733],[-90.432,16.2733],[-90.4314,16.2733],[-90.4307,16.2733],[-90.4298,16.2733],[-90.4284,16.2729],[-90.428,16.2726],[-90.4276,16.2721],[-90.4272,16.2715],[-90.4272,16.2709],[-90.4272,16.2704],[-90.4273,16.2688],[-90.4274,16.2681],[-90.4255,16.2655],[-90.4242,16.2631],[-90.4242,16.2631],[-90.4242,16.2631],[-90.4239,16.2624],[-90.4237,16.2616],[-90.4236,16.2606],[-90.4234,16.2586],[-90.4241,16.257],[-90.4248,16.2558],[-90.4253,16.255],[-90.4259,16.2542],[-90.4265,16.2537],[-90.4273,16.2533],[-90.4288,16.2529],[-90.4298,16.2529],[-90.4318,16.2533],[-90.4334,16.254],[-90.4344,16.2547],[-90.4356,16.2557],[-90.4365,16.2565],[-90.4375,16.2573],[-90.4387,16.2581],[-90.4403,16.259],[-90.4414,16.2595],[-90.4424,16.2598],[-90.4437,16.26],[-90.4448,16.26],[-90.4464,16.26],[-90.447,16.2599],[-90.4474,16.2596],[-90.4484,16.2586],[-90.4492,16.2577],[-90.4503,16.2562],[-90.4517,16.2542],[-90.4535,16.2503],[-90.4546,16.2474],[-90.4552,16.2448],[-90.4552,16.2437],[-90.455,16.2429],[-90.4549,16.2425],[-90.4543,16.2419],[-90.4524,16.241],[-90.4501,16.241],[-90.4485,16.2419],[-90.4475,16.2438],[-90.4464,16.2465],[-90.4451,16.2478],[-90.4436,16.2485],[-90.442,16.2485],[-90.4408,16.247],[-90.4407,16.2447],[-90.4406,16.244],[-90.44,16.2438],[-90.4393,16.2431],[-90.4391,16.2422],[-90.4385,16.2401],[-90.4383,16.2399],[-90.4366,16.2389],[-90.4337,16.2379],[-90.4309,16.2365],[-90.4293,16.2348],[-90.429,16.2335],[-90.4293,16.232],[-90.4298,16.2313],[-90.4298,16.2312],[-90.4299,16.2303],[-90.4302,16.2296],[-90.4306,16.2291],[-90.4312,16.2288],[-90.4323,16.2287],[-90.4331,16.2288],[-90.434,16.229],[-90.4349,16.2294],[-90.4357,16.2296],[-90.4366,16.2299],[-90.4375,16.2301],[-90.4387,16.2301],[-90.4397,16.23],[-90.4408,16.2297],[-90.4418,16.2294],[-90.4444,16.2282],[-90.447,16.2266],[-90.4525,16.2221],[-90.4546,16.2183],[-90.455,16.2169],[-90.4556,16.2152],[-90.4561,16.2137],[-90.457,16.2075],[-90.457,16.2049],[-90.457,16.2047],[-90.4569,16.2045],[-90.4559,16.2034],[-90.4557,16.2013],[-90.4559,16.1984],[-90.4554,16.1949],[-90.4551,16.1937],[-90.455,16.1927],[-90.4548,16.1906],[-90.4547,16.189],[-90.4547,16.1877],[-90.4545,16.1868],[-90.4545,16.1867],[-90.4538,16.1856],[-90.4521,16.1843],[-90.4494,16.1828],[-90.4467,16.1823],[-90.4429,16.1822],[-90.4382,16.1807],[-90.4346,16.1792],[-90.4317,16.1773],[-90.4295,16.1754],[-90.4279,16.1732],[-90.4275,16.1711],[-90.4275,16.1693],[-90.4275,16.1692],[-90.4274,16.1687],[-90.4272,16.1674],[-90.4271,16.1662],[-90.4262,16.1653],[-90.426,16.1639],[-90.4267,16.1625],[-90.4268,16.1625],[-90.4268,16.1615],[-90.4273,16.1609],[-90.4277,16.1605],[-90.4284,16.1603],[-90.4292,16.16],[-90.4302,16.1596],[-90.4313,16.1592],[-90.4327,16.1584],[-90.4352,16.1569],[-90.4372,16.1557],[-90.4394,16.1545],[-90.4404,16.1541],[-90.4416,16.1539],[-90.4432,16.1538],[-90.4446,16.1538],[-90.4459,16.1538],[-90.447,16.1538],[-90.4478,16.1536],[-90.4487,16.1529],[-90.45,16.1517],[-90.4507,16.1507],[-90.4511,16.1499],[-90.4513,16.1493],[-90.4513,16.1487],[-90.4513,16.1475],[-90.4513,16.1465],[-90.4503,16.1452],[-90.4485,16.144],[-90.4469,16.1433],[-90.4433,16.1433],[-90.4395,16.1431],[-90.4374,16.1423],[-90.4345,16.1419],[-90.4327,16.1414],[-90.4308,16.1403],[-90.4299,16.1393],[-90.4293,16.1376],[-90.4299,16.1358],[-90.4299,16.1356],[-90.4299,16.1345],[-90.4303,16.1336],[-90.4307,16.1327],[-90.4314,16.1317],[-90.4315,16.1316],[-90.4317,16.13],[-90.4309,16.1261],[-90.4306,16.1231],[-90.4306,16.1208],[-90.4309,16.1196],[-90.4321,16.1186],[-90.4329,16.1182],[-90.4337,16.1174],[-90.4347,16.1169],[-90.4363,16.1167],[-90.4373,16.1167],[-90.439,16.1169],[-90.4401,16.1175],[-90.4422,16.1186],[-90.4436,16.1197],[-90.4439,16.1199],[-90.4441,16.1199],[-90.4453,16.1201],[-90.4464,16.1205],[-90.4474,16.1213],[-90.4485,16.1223],[-90.4494,16.1234],[-90.45,16.1238],[-90.4509,16.1241],[-90.4518,16.1243],[-90.4527,16.1244],[-90.4535,16.1244],[-90.4541,16.1243],[-90.4545,16.1239],[-90.4552,16.1225],[-90.4571,16.1171],[-90.4577,16.1155],[-90.4586,16.1125],[-90.4589,16.1113],[-90.4589,16.1098],[-90.4588,16.1078],[-90.4584,16.1057],[-90.4579,16.1042],[-90.4572,16.1028],[-90.4568,16.1018],[-90.4567,16.1006],[-90.4571,16.098],[-90.4573,16.097],[-90.4576,16.0948],[-90.4574,16.094],[-90.4565,16.0933],[-90.455,16.0927],[-90.4521,16.0927],[-90.4509,16.0927],[-90.4486,16.0937],[-90.4475,16.0945],[-90.4463,16.0966],[-90.4455,16.0986],[-90.4441,16.1002],[-90.4434,16.1006],[-90.4432,16.1007],[-90.4423,16.1012],[-90.4413,16.1018],[-90.4408,16.1021],[-90.4381,16.1043],[-90.4357,16.1061],[-90.434,16.1069],[-90.4324,16.1071],[-90.4312,16.107],[-90.4297,16.1068],[-90.4283,16.1062],[-90.4275,16.1052],[-90.4268,16.1044],[-90.4262,16.1032],[-90.4259,16.1019],[-90.4259,16.1004],[-90.4265,16.0989],[-90.4274,16.0973],[-90.4279,16.0971],[-90.4287,16.0964],[-90.4297,16.0959],[-90.4303,16.0959],[-90.4313,16.0957],[-90.4324,16.0956],[-90.4355,16.0952],[-90.437,16.0945],[-90.4377,16.094],[-90.4384,16.0935],[-90.4391,16.0928],[-90.4395,16.0924],[-90.4402,16.0901],[-90.4411,16.0883],[-90.4421,16.0875],[-90.4424,16.087],[-90.443,16.0861],[-90.4437,16.0851],[-90.4445,16.0842],[-90.4455,16.0833],[-90.4471,16.0821],[-90.4469,16.0816],[-90.4457,16.0798],[-90.4438,16.0776],[-90.4429,16.0763],[-90.4422,16.074],[-90.4391,16.0737],[-90.365,16.0642],[-90.2979,16.0559],[-90.2133,16.0449],[-90.1681,16.031],[-90.075,16.0011],[-90.0694,15.9993],[-90.05,15.993],[-90.0494,15.9928],[-90.0485,15.9925],[-90.0476,15.9922],[-90.0457,15.9916],[-90.0452,15.9915],[-90.0447,15.9916],[-90.0441,15.992],[-90.0436,15.9924],[-90.0431,15.9929],[-90.0428,15.9936],[-90.0426,15.9946],[-90.0424,15.9953],[-90.042,15.9964],[-90.0416,15.997],[-90.0408,15.9979],[-90.0402,15.9989],[-90.0392,16],[-90.0389,16.0005],[-90.0386,16.0009],[-90.0383,16.0018],[-90.038,16.0026],[-90.038,16.0038],[-90.0381,16.0049],[-90.0382,16.006],[-90.0385,16.0071],[-90.0389,16.0086],[-90.0393,16.0096],[-90.0394,16.0105],[-90.0394,16.0114],[-90.0394,16.0114],[-90.0391,16.0123],[-90.0385,16.0131],[-90.038,16.0138],[-90.0375,16.0145],[-90.0372,16.0148],[-90.0366,16.0152],[-90.0362,16.0156],[-90.0356,16.0158],[-90.0351,16.0158],[-90.0347,16.0156],[-90.0343,16.0151],[-90.0332,16.0137],[-90.0327,16.0127],[-90.0321,16.012],[-90.0311,16.0108],[-90.0304,16.0099],[-90.0298,16.0091],[-90.0288,16.0084],[-90.0278,16.0079],[-90.027,16.0076],[-90.0258,16.0074],[-90.0247,16.0074],[-90.0237,16.0076],[-90.0224,16.0079],[-90.0212,16.0085],[-90.02,16.0089],[-90.0183,16.0094],[-90.0174,16.0097],[-90.0164,16.0101],[-90.0154,16.0106],[-90.0146,16.0106],[-90.0138,16.0104],[-90.0132,16.0101],[-90.0126,16.0097],[-90.0122,16.0092],[-90.0118,16.0083],[-90.011,16.0062],[-90.0104,16.0045],[-90.0103,16.0038],[-90.0103,16.003],[-90.0104,16.0022],[-90.0106,16.0013],[-90.0109,16.0007],[-90.0114,16.0001],[-90.0115,16],[-90.0121,15.9995],[-90.0132,15.9989],[-90.0142,15.9985],[-90.0153,15.9979],[-90.0159,15.9974],[-90.0165,15.9967],[-90.017,15.9958],[-90.0172,15.9952],[-90.0171,15.9945],[-90.017,15.9941],[-90.0169,15.994],[-90.0166,15.9935],[-90.016,15.9931],[-90.0152,15.9925],[-90.0144,15.9921],[-90.0133,15.9917],[-90.0128,15.9917],[-90.0123,15.9918],[-90.0117,15.9922],[-90.011,15.9929],[-90.0103,15.9937],[-90.0094,15.9947],[-90.0084,15.996],[-90.0067,15.9985],[-90.006,15.9993],[-90.0053,15.9998],[-90.0047,16.0001],[-90.0039,16.0002],[-90.0031,16.0001],[-90.0024,15.9999],[-90.0018,15.9995],[-90.001,15.9989],[-90.0002,15.9986],[-89.9995,15.9983],[-89.9991,15.9983],[-89.9986,15.9984],[-89.9978,15.9986],[-89.997,15.9992],[-89.9959,15.9999],[-89.9955,16.0001],[-89.9938,16.0009],[-89.9928,16.0013],[-89.9923,16.0013],[-89.9914,16.0012],[-89.9904,16.001],[-89.9898,16.0007],[-89.9895,16.0004],[-89.9892,15.9997],[-89.9892,15.999],[-89.9891,15.9984],[-89.989,15.9969],[-89.9887,15.9959],[-89.9884,15.9944],[-89.988,15.9944],[-89.9872,15.9944],[-89.985,15.9954],[-89.9828,15.9948],[-89.9831,15.9915],[-89.9821,15.9901],[-89.9819,15.9898],[-89.9802,15.99],[-89.9792,15.9931],[-89.9788,15.9953],[-89.981,15.9967],[-89.9811,15.9967],[-89.9811,15.9968],[-89.9823,15.9983],[-89.9826,15.9987],[-89.9823,15.9995],[-89.9807,16.0033],[-89.9807,16.0055],[-89.9819,16.0068],[-89.9875,16.0075],[-89.9876,16.0075],[-89.9876,16.0089],[-89.9844,16.0122],[-89.9836,16.0131],[-89.9824,16.0142],[-89.9787,16.0144],[-89.9776,16.0132],[-89.9783,16.0113],[-89.978,16.0086],[-89.9769,16.0073],[-89.9733,16.008],[-89.9699,16.0076],[-89.9655,16.0059],[-89.9642,16.0051],[-89.9632,16.0044],[-89.9626,16.004],[-89.962,16.0034],[-89.9616,16.0028],[-89.9614,16.0021],[-89.9613,16.0014],[-89.9611,16.0003],[-89.9611,16.0002],[-89.9611,15.9996],[-89.9609,15.9986],[-89.961,15.9983],[-89.9612,15.9979],[-89.9619,15.9974],[-89.9626,15.9971],[-89.9635,15.9967],[-89.9643,15.9963],[-89.9651,15.9957],[-89.9656,15.9953],[-89.966,15.9945],[-89.9661,15.9942],[-89.9661,15.9934],[-89.9663,15.9923],[-89.9665,15.9915],[-89.9668,15.9909],[-89.9672,15.9898],[-89.9674,15.9891],[-89.9676,15.9887],[-89.9677,15.9883],[-89.9675,15.988],[-89.9671,15.9876],[-89.9668,15.9872],[-89.9664,15.9868],[-89.9662,15.9868],[-89.9659,15.9867],[-89.9652,15.9866],[-89.9648,15.9866],[-89.9642,15.9867],[-89.9637,15.9871],[-89.9632,15.9874],[-89.9625,15.9878],[-89.962,15.9883],[-89.9614,15.9894],[-89.9607,15.9903],[-89.9597,15.991],[-89.9593,15.9913],[-89.9587,15.9913],[-89.9583,15.9913],[-89.9574,15.9914],[-89.9562,15.9916],[-89.9548,15.9918],[-89.9542,15.9918],[-89.9539,15.9918],[-89.9538,15.9915],[-89.9538,15.9911],[-89.9539,15.9907],[-89.9539,15.9906],[-89.9541,15.9902],[-89.9546,15.9897],[-89.9549,15.9891],[-89.9553,15.9888],[-89.9557,15.9885],[-89.9562,15.9885],[-89.9574,15.9885],[-89.9581,15.9885],[-89.9586,15.9883],[-89.9589,15.9881],[-89.959,15.9878],[-89.9591,15.9872],[-89.9592,15.9866],[-89.9595,15.986],[-89.9598,15.9855],[-89.9603,15.985],[-89.9608,15.9846],[-89.9614,15.9842],[-89.9617,15.9837],[-89.962,15.9833],[-89.9622,15.9828],[-89.9624,15.9825],[-89.9626,15.9822],[-89.9628,15.9814],[-89.9628,15.9807],[-89.9628,15.9804],[-89.9625,15.9798],[-89.9623,15.9795],[-89.9621,15.9794],[-89.9618,15.9791],[-89.9612,15.9789],[-89.9601,15.9786],[-89.9587,15.9783],[-89.9576,15.9781],[-89.9564,15.9781],[-89.9556,15.9782],[-89.9549,15.9783],[-89.9541,15.9787],[-89.9534,15.9789],[-89.9525,15.9791],[-89.9519,15.9792],[-89.9514,15.9792],[-89.9508,15.9792],[-89.9502,15.979],[-89.9495,15.9786],[-89.9488,15.9782],[-89.9481,15.9775],[-89.9476,15.9769],[-89.947,15.976],[-89.9468,15.9756],[-89.9466,15.9752],[-89.9465,15.9746],[-89.9466,15.9738],[-89.9468,15.9734],[-89.9468,15.9728],[-89.9467,15.9723],[-89.9466,15.9718],[-89.9467,15.9708],[-89.9468,15.9704],[-89.9468,15.9703],[-89.947,15.9698],[-89.9474,15.9691],[-89.9479,15.9685],[-89.9483,15.968],[-89.9485,15.9675],[-89.9486,15.9671],[-89.9485,15.9669],[-89.9483,15.9667],[-89.9477,15.9664],[-89.9472,15.9662],[-89.9467,15.966],[-89.9463,15.9661],[-89.946,15.9663],[-89.9459,15.9665],[-89.9457,15.9668],[-89.9453,15.9675],[-89.9451,15.968],[-89.9447,15.9686],[-89.9443,15.9694],[-89.9437,15.9698],[-89.943,15.9703],[-89.9423,15.9707],[-89.942,15.971],[-89.9415,15.9714],[-89.9406,15.9718],[-89.94,15.972],[-89.9397,15.972],[-89.9394,15.972],[-89.9386,15.9719],[-89.9381,15.9718],[-89.9377,15.9716],[-89.9374,15.9712],[-89.9371,15.9706],[-89.9369,15.9702],[-89.9369,15.9701],[-89.9369,15.9697],[-89.9369,15.9692],[-89.9371,15.969],[-89.9374,15.9682],[-89.9375,15.9677],[-89.9377,15.9671],[-89.9378,15.9667],[-89.9377,15.9662],[-89.9378,15.9652],[-89.9377,15.9645],[-89.9377,15.9643],[-89.9375,15.9641],[-89.9372,15.964],[-89.9365,15.964],[-89.9359,15.9639],[-89.9352,15.964],[-89.9347,15.9641],[-89.9344,15.9641],[-89.9337,15.9643],[-89.9327,15.9645],[-89.9326,15.9645],[-89.9319,15.9647],[-89.9315,15.965],[-89.9314,15.9653],[-89.9312,15.9658],[-89.9312,15.9664],[-89.9313,15.9672],[-89.9314,15.9672],[-89.9316,15.9679],[-89.932,15.9693],[-89.9322,15.97],[-89.9323,15.9707],[-89.9322,15.9716],[-89.9321,15.9724],[-89.9318,15.973],[-89.9315,15.9734],[-89.9309,15.9737],[-89.9306,15.9738],[-89.9301,15.9737],[-89.9294,15.9738],[-89.9289,15.9737],[-89.9284,15.9735],[-89.928,15.9733],[-89.9276,15.9724],[-89.9273,15.9713],[-89.9272,15.971],[-89.927,15.9703],[-89.9267,15.9695],[-89.9264,15.9689],[-89.9261,15.9684],[-89.9259,15.9678],[-89.9255,15.9673],[-89.9248,15.9666],[-89.9243,15.966],[-89.9237,15.9657],[-89.9231,15.9654],[-89.9224,15.9652],[-89.9219,15.9651],[-89.9217,15.9651],[-89.9213,15.9651],[-89.921,15.9651],[-89.9205,15.9652],[-89.9199,15.9652],[-89.9199,15.9652],[-89.9199,15.9652],[-89.9196,15.9653],[-89.9194,15.9654],[-89.9191,15.966],[-89.9188,15.9666],[-89.9183,15.968],[-89.9179,15.9686],[-89.9176,15.9689],[-89.9172,15.9691],[-89.9169,15.9692],[-89.9166,15.9692],[-89.9164,15.9693],[-89.9162,15.9691],[-89.9157,15.9689],[-89.9151,15.9686],[-89.9148,15.9684],[-89.9147,15.9682],[-89.9147,15.9679],[-89.9148,15.9675],[-89.9149,15.9671],[-89.9151,15.9666],[-89.9152,15.966],[-89.9154,15.9656],[-89.9154,15.9649],[-89.9154,15.9643],[-89.9155,15.9636],[-89.9154,15.9625],[-89.9154,15.9618],[-89.9153,15.9612],[-89.9152,15.9608],[-89.9149,15.9604],[-89.9146,15.9601],[-89.9138,15.9598],[-89.913,15.9594],[-89.9125,15.9593],[-89.9122,15.9593],[-89.912,15.9597],[-89.9116,15.9602],[-89.9108,15.9608],[-89.9102,15.9611],[-89.9096,15.9615],[-89.9086,15.9621],[-89.9082,15.9623],[-89.9075,15.9622],[-89.9065,15.962],[-89.9058,15.9616],[-89.9053,15.961],[-89.9049,15.9602],[-89.9046,15.9597],[-89.9046,15.9596],[-89.9046,15.9591],[-89.905,15.9581],[-89.9052,15.9572],[-89.9053,15.9564],[-89.9056,15.9552],[-89.9058,15.9541],[-89.9058,15.9535],[-89.9056,15.9534],[-89.9051,15.9534],[-89.9038,15.9534],[-89.9023,15.9531],[-89.9013,15.953],[-89.9002,15.9532],[-89.8985,15.9549],[-89.898,15.9554],[-89.8976,15.9559],[-89.8975,15.9564],[-89.8974,15.957],[-89.8975,15.9579],[-89.8975,15.958],[-89.8977,15.9586],[-89.8978,15.9592],[-89.8982,15.9597],[-89.8988,15.96],[-89.8988,15.9601],[-89.8995,15.9606],[-89.9,15.9611],[-89.9004,15.9618],[-89.9006,15.9625],[-89.9007,15.9645],[-89.9006,15.9651],[-89.9005,15.9656],[-89.9003,15.9659],[-89.8995,15.9665],[-89.8983,15.967],[-89.8972,15.9673],[-89.8966,15.9674],[-89.8961,15.9674],[-89.8953,15.9671],[-89.8942,15.9666],[-89.8921,15.9654],[-89.8917,15.9645],[-89.8902,15.9612],[-89.8901,15.9591],[-89.8901,15.9585],[-89.89,15.9579],[-89.8897,15.9573],[-89.8895,15.957],[-89.8892,15.9568],[-89.889,15.9567],[-89.8886,15.9564],[-89.8879,15.9558],[-89.8874,15.9554],[-89.8872,15.955],[-89.8872,15.9547],[-89.8873,15.9544],[-89.8875,15.9542],[-89.8878,15.9538],[-89.8882,15.9535],[-89.8887,15.9533],[-89.89,15.9531],[-89.8909,15.953],[-89.8919,15.9527],[-89.8926,15.9524],[-89.8932,15.952],[-89.8937,15.9515],[-89.8944,15.9507],[-89.8948,15.95],[-89.8952,15.9496],[-89.8956,15.9492],[-89.8966,15.9484],[-89.8969,15.9479],[-89.8971,15.9476],[-89.8972,15.9471],[-89.897,15.9467],[-89.8967,15.9461],[-89.8963,15.9457],[-89.8957,15.9456],[-89.8952,15.9458],[-89.8949,15.9459],[-89.8943,15.9463],[-89.8938,15.9465],[-89.8934,15.9468],[-89.8929,15.9469],[-89.8926,15.9468],[-89.8921,15.9465],[-89.8918,15.9461],[-89.8917,15.946],[-89.8915,15.9459],[-89.8902,15.9454],[-89.8877,15.9446],[-89.8867,15.9441],[-89.8859,15.9437],[-89.8852,15.9432],[-89.8844,15.9425],[-89.884,15.942],[-89.8837,15.9414],[-89.8838,15.9408],[-89.8841,15.9405],[-89.8842,15.9403],[-89.8847,15.9402],[-89.8867,15.9397],[-89.8873,15.9391],[-89.888,15.9385],[-89.8881,15.9379],[-89.888,15.9375],[-89.8876,15.9372],[-89.8864,15.9372],[-89.8853,15.9372],[-89.8835,15.9376],[-89.8823,15.9382],[-89.8808,15.9385],[-89.8801,15.9384],[-89.8793,15.9382],[-89.8789,15.9379],[-89.8788,15.9377],[-89.8778,15.9351],[-89.8777,15.9346],[-89.8768,15.9337],[-89.8758,15.9325],[-89.8751,15.932],[-89.8745,15.9315],[-89.8742,15.9312],[-89.8737,15.9311],[-89.8735,15.9312],[-89.8732,15.932],[-89.873,15.9325],[-89.8724,15.9335],[-89.8715,15.9342],[-89.8711,15.9343],[-89.8707,15.9341],[-89.8704,15.9338],[-89.8704,15.9337],[-89.87,15.9317],[-89.8698,15.9308],[-89.8692,15.9298],[-89.8691,15.9295],[-89.869,15.9281],[-89.869,15.9278],[-89.8681,15.9255],[-89.8679,15.9233],[-89.868,15.9223],[-89.868,15.9218],[-89.8684,15.9213],[-89.8691,15.921],[-89.8692,15.921],[-89.8701,15.9206],[-89.8709,15.9199],[-89.8714,15.9197],[-89.872,15.9195],[-89.8726,15.9193],[-89.8727,15.9191],[-89.8728,15.9189],[-89.8725,15.9182],[-89.8717,15.9177],[-89.8709,15.9173],[-89.8708,15.9173],[-89.8706,15.917],[-89.8706,15.917],[-89.8706,15.9163],[-89.8705,15.9158],[-89.8703,15.9156],[-89.8698,15.9153],[-89.8694,15.9148],[-89.8693,15.9144],[-89.8694,15.9131],[-89.8694,15.9124],[-89.8691,15.912],[-89.8687,15.9116],[-89.8684,15.9115],[-89.8676,15.9117],[-89.867,15.9118],[-89.8665,15.9118],[-89.8663,15.9119],[-89.866,15.9122],[-89.8658,15.9124],[-89.8656,15.9129],[-89.8653,15.9132],[-89.8648,15.9134],[-89.8643,15.9134],[-89.8641,15.9133],[-89.8637,15.9124],[-89.8636,15.9121],[-89.8638,15.912],[-89.8644,15.9121],[-89.8645,15.9121],[-89.8648,15.9122],[-89.8652,15.9121],[-89.8653,15.9114],[-89.8651,15.911],[-89.8649,15.9109],[-89.8648,15.9109],[-89.8643,15.911],[-89.8642,15.9111],[-89.8638,15.9111],[-89.8634,15.9108],[-89.8634,15.9106],[-89.8634,15.9102],[-89.8635,15.9097],[-89.8636,15.9094],[-89.8637,15.9093],[-89.8637,15.9093],[-89.8643,15.9091],[-89.8648,15.9091],[-89.8651,15.9091],[-89.8653,15.909],[-89.8655,15.9084],[-89.8654,15.908],[-89.8648,15.9079],[-89.8646,15.908],[-89.8642,15.9083],[-89.8639,15.9083],[-89.8629,15.9082],[-89.8621,15.9084],[-89.8614,15.9087],[-89.8609,15.9087],[-89.8607,15.9085],[-89.8606,15.9083],[-89.8607,15.908],[-89.8608,15.9079],[-89.8611,15.9076],[-89.8614,15.9074],[-89.8615,15.9071],[-89.8613,15.9069],[-89.8607,15.9067],[-89.8595,15.9061],[-89.8593,15.9062],[-89.859,15.9064],[-89.859,15.9065],[-89.8588,15.9068],[-89.8585,15.9071],[-89.8583,15.9071],[-89.8579,15.9069],[-89.8574,15.9064],[-89.8574,15.9061],[-89.8575,15.9059],[-89.8576,15.9057],[-89.8581,15.9054],[-89.8586,15.9049],[-89.8586,15.9045],[-89.8583,15.9044],[-89.8579,15.9043],[-89.8573,15.9045],[-89.8572,15.9045],[-89.8568,15.9046],[-89.8564,15.9049],[-89.8557,15.9053],[-89.854,15.9055],[-89.852,15.9049],[-89.8515,15.905],[-89.8511,15.9052],[-89.851,15.9055],[-89.8509,15.9059],[-89.8516,15.9069],[-89.8518,15.9079],[-89.8519,15.9084],[-89.8517,15.9086],[-89.8511,15.9085],[-89.8504,15.9083],[-89.85,15.9082],[-89.8497,15.9083],[-89.8496,15.9085],[-89.8498,15.9089],[-89.85,15.9093],[-89.8499,15.9097],[-89.8496,15.9098],[-89.8493,15.9097],[-89.8487,15.9091],[-89.8486,15.909],[-89.8484,15.9089],[-89.8481,15.909],[-89.8479,15.9093],[-89.8479,15.9096],[-89.8479,15.9097],[-89.8477,15.9097],[-89.8476,15.9097],[-89.8475,15.9096],[-89.8472,15.9092],[-89.847,15.9092],[-89.8468,15.9092],[-89.8465,15.9097],[-89.8463,15.9101],[-89.8462,15.9103],[-89.8449,15.9092],[-89.8448,15.9091],[-89.8406,15.9084],[-89.8405,15.9084],[-89.8381,15.9073],[-89.8363,15.9072],[-89.8343,15.9072],[-89.8305,15.9071],[-89.8262,15.9073],[-89.8241,15.9074],[-89.824,15.9074],[-89.8241,15.9077],[-89.8252,15.9106],[-89.8235,15.9102],[-89.8201,15.9093],[-89.8194,15.9091],[-89.8178,15.9095],[-89.8169,15.9097],[-89.8161,15.9099],[-89.8137,15.909],[-89.8127,15.9086],[-89.8097,15.9074],[-89.806,15.9089],[-89.8056,15.9091],[-89.8051,15.9079],[-89.8049,15.9074],[-89.8045,15.9076],[-89.8022,15.9083],[-89.8013,15.9086],[-89.7976,15.9079],[-89.7934,15.9084],[-89.7934,15.9112],[-89.7934,15.9112],[-89.7934,15.9113],[-89.7919,15.9159],[-89.7888,15.9159],[-89.785,15.9162],[-89.7862,15.9189],[-89.7862,15.919],[-89.7861,15.919],[-89.7809,15.9221],[-89.7799,15.9226],[-89.7772,15.922],[-89.777,15.922],[-89.7768,15.9221],[-89.7764,15.9226],[-89.7758,15.9229],[-89.7749,15.9227],[-89.7749,15.9227],[-89.7739,15.9228],[-89.7735,15.9235],[-89.7734,15.9236],[-89.773,15.9242],[-89.7717,15.9242],[-89.7706,15.9238],[-89.7704,15.923],[-89.7704,15.9225],[-89.7706,15.9221],[-89.7706,15.9221],[-89.7707,15.9216],[-89.7704,15.9212],[-89.7703,15.921],[-89.7688,15.9211],[-89.768,15.9212],[-89.7673,15.9212],[-89.7673,15.9209],[-89.7675,15.9204],[-89.7679,15.9201],[-89.768,15.9199],[-89.768,15.9197],[-89.7678,15.9192],[-89.7673,15.9192],[-89.7665,15.9195],[-89.7663,15.9196],[-89.7656,15.92],[-89.7649,15.9203],[-89.7643,15.9208],[-89.7634,15.921],[-89.7625,15.9211],[-89.7615,15.9209],[-89.7604,15.9208],[-89.7602,15.9208],[-89.7597,15.921],[-89.7593,15.9215],[-89.7591,15.9221],[-89.759,15.9225],[-89.759,15.9228],[-89.759,15.9229],[-89.7591,15.9234],[-89.7593,15.9238],[-89.7595,15.9245],[-89.7591,15.925],[-89.7585,15.9254],[-89.7584,15.9259],[-89.7581,15.9264],[-89.7573,15.9267],[-89.7569,15.9271],[-89.7567,15.9272],[-89.7567,15.9279],[-89.7569,15.9284],[-89.7573,15.9288],[-89.7574,15.9289],[-89.7581,15.9291],[-89.7582,15.9294],[-89.758,15.9299],[-89.7576,15.9302],[-89.7573,15.9308],[-89.7572,15.9315],[-89.7571,15.9317],[-89.7566,15.9317],[-89.7563,15.9314],[-89.756,15.9307],[-89.7555,15.9305],[-89.7549,15.9307],[-89.7546,15.9314],[-89.7544,15.9319],[-89.7541,15.9324],[-89.7535,15.9325],[-89.7524,15.9324],[-89.7518,15.9323],[-89.7517,15.9323],[-89.7515,15.9324],[-89.7511,15.9327],[-89.751,15.9327],[-89.7509,15.9329],[-89.7504,15.9336],[-89.7502,15.9341],[-89.75,15.9346],[-89.7499,15.935],[-89.7495,15.9356],[-89.7492,15.9361],[-89.7491,15.9365],[-89.749,15.9368],[-89.749,15.9369],[-89.7492,15.9381],[-89.7492,15.9383],[-89.7493,15.9388],[-89.749,15.9389],[-89.7487,15.9389],[-89.7486,15.9388],[-89.7483,15.9386],[-89.748,15.9385],[-89.7478,15.9386],[-89.7477,15.9388],[-89.7479,15.9392],[-89.7482,15.9397],[-89.7483,15.94],[-89.7485,15.9405],[-89.7486,15.9409],[-89.7487,15.9412],[-89.7485,15.9416],[-89.7483,15.9419],[-89.7481,15.9421],[-89.7477,15.9424],[-89.7471,15.9426],[-89.7465,15.9428],[-89.7462,15.9429],[-89.746,15.9428],[-89.746,15.9427],[-89.7459,15.9425],[-89.7455,15.9418],[-89.7451,15.9416],[-89.7446,15.9416],[-89.7443,15.9418],[-89.7442,15.9418],[-89.7438,15.942],[-89.7436,15.9422],[-89.7434,15.9426],[-89.743,15.9431],[-89.7427,15.9436],[-89.7423,15.9439],[-89.7422,15.9439],[-89.7418,15.9441],[-89.7414,15.9444],[-89.7413,15.9448],[-89.7414,15.945],[-89.7417,15.9452],[-89.7421,15.9454],[-89.7424,15.9455],[-89.7424,15.9455],[-89.7427,15.9458],[-89.7429,15.9462],[-89.743,15.9463],[-89.7433,15.9468],[-89.7437,15.9472],[-89.7452,15.9483],[-89.7456,15.9486],[-89.7461,15.9489],[-89.747,15.9491],[-89.7475,15.9494],[-89.7478,15.9499],[-89.748,15.9503],[-89.7481,15.9507],[-89.748,15.9512],[-89.7476,15.9515],[-89.7472,15.9518],[-89.747,15.9523],[-89.7466,15.9529],[-89.7459,15.9533],[-89.7456,15.9537],[-89.7453,15.9543],[-89.7452,15.9547],[-89.745,15.9551],[-89.7448,15.9554],[-89.7444,15.9558],[-89.7439,15.956],[-89.7435,15.956],[-89.7429,15.9562],[-89.7426,15.9563],[-89.7422,15.9566],[-89.7421,15.9569],[-89.742,15.9574],[-89.7418,15.9578],[-89.7414,15.9582],[-89.7409,15.9585],[-89.7408,15.9588],[-89.7404,15.9591],[-89.7399,15.9592],[-89.7391,15.9593],[-89.7384,15.9591],[-89.7382,15.9593],[-89.738,15.9598],[-89.7376,15.9602],[-89.7366,15.9602],[-89.7359,15.9606],[-89.7355,15.9608],[-89.735,15.961],[-89.7347,15.9616],[-89.7346,15.962],[-89.7344,15.9623],[-89.7338,15.9622],[-89.7335,15.9618],[-89.7328,15.9616],[-89.7324,15.962],[-89.7322,15.9625],[-89.7322,15.963],[-89.7322,15.9635],[-89.7321,15.964],[-89.7314,15.9642],[-89.7311,15.9645],[-89.731,15.9649],[-89.7305,15.9653],[-89.7298,15.9649],[-89.7293,15.9645],[-89.7287,15.9642],[-89.7279,15.9642],[-89.7272,15.9644],[-89.7265,15.9648],[-89.7262,15.9654],[-89.7256,15.9659],[-89.7249,15.966],[-89.7244,15.9656],[-89.7241,15.9655],[-89.7239,15.9654],[-89.7231,15.9656],[-89.7229,15.9656],[-89.7223,15.966],[-89.7214,15.9665],[-89.7209,15.9665],[-89.7201,15.9658],[-89.7197,15.9658],[-89.7192,15.9659],[-89.7186,15.966],[-89.718,15.9659],[-89.7174,15.9656],[-89.717,15.9654],[-89.7155,15.9654],[-89.7149,15.9652],[-89.7148,15.965],[-89.7149,15.9642],[-89.7154,15.9636],[-89.7155,15.9636],[-89.7159,15.9636],[-89.7165,15.9638],[-89.7172,15.964],[-89.7175,15.9637],[-89.7173,15.9633],[-89.717,15.963],[-89.7165,15.9628],[-89.7158,15.9628],[-89.7153,15.9628],[-89.7146,15.9631],[-89.7141,15.9634],[-89.7138,15.9638],[-89.7138,15.9638],[-89.7138,15.9646],[-89.714,15.9656],[-89.7138,15.9664],[-89.7135,15.9671],[-89.7128,15.9674],[-89.7122,15.9674],[-89.7117,15.9668],[-89.7117,15.9659],[-89.7117,15.9659],[-89.7118,15.9651],[-89.7116,15.9643],[-89.7112,15.9637],[-89.7104,15.9634],[-89.7095,15.9633],[-89.7093,15.9634],[-89.709,15.9635],[-89.7082,15.9636],[-89.7078,15.9634],[-89.7073,15.9629],[-89.7073,15.9627],[-89.7072,15.9623],[-89.7071,15.9617],[-89.7068,15.9608],[-89.7066,15.9601],[-89.7062,15.9599],[-89.7055,15.9597],[-89.7043,15.9597],[-89.7039,15.96],[-89.7035,15.9603],[-89.7032,15.9609],[-89.7027,15.9613],[-89.7019,15.9616],[-89.7018,15.9622],[-89.7017,15.9627],[-89.7012,15.9632],[-89.701,15.9636],[-89.7008,15.9638],[-89.701,15.9648],[-89.7013,15.9651],[-89.7019,15.966],[-89.7022,15.9662],[-89.7027,15.9669],[-89.7027,15.9677],[-89.7024,15.9686],[-89.7016,15.9693],[-89.7009,15.9699],[-89.7003,15.9705],[-89.6999,15.9712],[-89.6998,15.9722],[-89.6995,15.9727],[-89.6988,15.9731],[-89.6987,15.9732],[-89.6985,15.9738],[-89.6986,15.9742],[-89.6987,15.9746],[-89.6988,15.975],[-89.6986,15.9756],[-89.6982,15.9761],[-89.6979,15.9763],[-89.6973,15.9759],[-89.6972,15.9759],[-89.6966,15.9755],[-89.6957,15.9754],[-89.6953,15.9755],[-89.6949,15.9759],[-89.6949,15.976],[-89.6947,15.9766],[-89.694,15.9772],[-89.6936,15.9773],[-89.6929,15.977],[-89.6924,15.977],[-89.6916,15.9772],[-89.6908,15.9776],[-89.6902,15.9777],[-89.6898,15.9779],[-89.6895,15.978],[-89.6891,15.9782],[-89.689,15.9785],[-89.6892,15.9788],[-89.6893,15.9789],[-89.6897,15.9792],[-89.6899,15.9794],[-89.6897,15.9797],[-89.6893,15.9799],[-89.6887,15.98],[-89.6885,15.9802],[-89.688,15.9802],[-89.6879,15.9802],[-89.687,15.9798],[-89.6866,15.9791],[-89.6865,15.9783],[-89.6855,15.978],[-89.685,15.9785],[-89.6846,15.9795],[-89.6843,15.9796],[-89.6836,15.9798],[-89.6827,15.9792],[-89.6826,15.9786],[-89.6824,15.9783],[-89.6822,15.9779],[-89.6815,15.9775],[-89.681,15.9772],[-89.6799,15.9766],[-89.6795,15.9755],[-89.679,15.9743],[-89.6787,15.9728],[-89.6787,15.9727],[-89.6787,15.972],[-89.6782,15.9715],[-89.6769,15.9718],[-89.6758,15.9723],[-89.6757,15.9726],[-89.6756,15.973],[-89.6747,15.9737],[-89.6739,15.9735],[-89.6735,15.9735],[-89.6732,15.9734],[-89.6726,15.9739],[-89.6722,15.9743],[-89.672,15.9744],[-89.6704,15.9746],[-89.67,15.9738],[-89.6698,15.9735],[-89.6695,15.9732],[-89.6691,15.9731],[-89.6689,15.9732],[-89.6682,15.9734],[-89.667,15.9735],[-89.6662,15.9733],[-89.666,15.9733],[-89.6656,15.9735],[-89.6655,15.9742],[-89.6659,15.9752],[-89.6662,15.9758],[-89.6663,15.976],[-89.6666,15.9766],[-89.6664,15.9773],[-89.6656,15.9778],[-89.6655,15.9778],[-89.665,15.9777],[-89.664,15.9776],[-89.6636,15.9781],[-89.6637,15.9786],[-89.6643,15.9792],[-89.6647,15.9797],[-89.6647,15.9797],[-89.6649,15.9804],[-89.6643,15.9809],[-89.6643,15.9809],[-89.6634,15.9811],[-89.6625,15.9814],[-89.6622,15.9815],[-89.6615,15.9816],[-89.6609,15.981],[-89.6609,15.981],[-89.6609,15.9803],[-89.6609,15.9796],[-89.6604,15.9791],[-89.6598,15.979],[-89.6595,15.979],[-89.6592,15.979],[-89.6585,15.9786],[-89.6578,15.9785],[-89.6573,15.9784],[-89.6572,15.9778],[-89.6576,15.9773],[-89.6576,15.9773],[-89.6574,15.9768],[-89.6569,15.9769],[-89.6566,15.9769],[-89.6559,15.9771],[-89.6546,15.9765],[-89.6542,15.9759],[-89.654,15.9751],[-89.6539,15.9745],[-89.6524,15.9734],[-89.6515,15.9734],[-89.6515,15.9735],[-89.6514,15.9739],[-89.6509,15.9749],[-89.6502,15.9754],[-89.65,15.9756],[-89.6498,15.9758],[-89.6498,15.9763],[-89.6498,15.9763],[-89.65,15.9772],[-89.6494,15.9777],[-89.6493,15.978],[-89.6493,15.9782],[-89.6493,15.9782],[-89.6497,15.9788],[-89.6502,15.9796],[-89.6499,15.9798],[-89.6492,15.9797],[-89.6488,15.9802],[-89.6485,15.9805],[-89.6484,15.9813],[-89.6484,15.9818],[-89.6484,15.9821],[-89.6485,15.9842],[-89.6487,15.9849],[-89.6486,15.9856],[-89.6482,15.9857],[-89.6475,15.9853],[-89.6471,15.9854],[-89.6468,15.9854],[-89.6462,15.9862],[-89.6462,15.987],[-89.6462,15.9881],[-89.6464,15.9887],[-89.6468,15.9888],[-89.6474,15.9889],[-89.648,15.9891],[-89.6482,15.9897],[-89.6481,15.9902],[-89.6478,15.9909],[-89.6474,15.9915],[-89.647,15.9916],[-89.6466,15.9912],[-89.6464,15.9904],[-89.6459,15.9901],[-89.6456,15.9899],[-89.645,15.9897],[-89.6446,15.9901],[-89.6445,15.9907],[-89.6445,15.9907],[-89.6446,15.9914],[-89.6443,15.9917],[-89.6433,15.9917],[-89.6426,15.9917],[-89.6422,15.9917],[-89.6414,15.9918],[-89.641,15.9921],[-89.6409,15.9926],[-89.641,15.9927],[-89.6414,15.9932],[-89.6418,15.9936],[-89.6419,15.9941],[-89.6412,15.9948],[-89.6409,15.9947],[-89.6404,15.9945],[-89.6395,15.9948],[-89.6391,15.9954],[-89.6396,15.9961],[-89.6397,15.9962],[-89.6402,15.9967],[-89.6404,15.9973],[-89.6402,15.998],[-89.6403,15.9987],[-89.6411,15.999],[-89.6418,15.9995],[-89.642,16.0001],[-89.6419,16.0005],[-89.6414,16.0007],[-89.6404,16.0004],[-89.6397,16],[-89.6386,15.9994],[-89.6385,15.9994],[-89.6377,15.9993],[-89.6377,15.9994],[-89.6371,15.9997],[-89.6366,16.0003],[-89.6364,16.0005],[-89.6356,16.0015],[-89.6355,16.0022],[-89.6356,16.0039],[-89.6353,16.0048],[-89.6358,16.0058],[-89.6369,16.0064],[-89.6373,16.0067],[-89.6381,16.0076],[-89.6388,16.0081],[-89.639,16.0089],[-89.6385,16.0095],[-89.6384,16.0097],[-89.6377,16.0106],[-89.6379,16.0114],[-89.6383,16.0122],[-89.6385,16.0126],[-89.6384,16.0132],[-89.6379,16.0138],[-89.6374,16.0135],[-89.6372,16.0132],[-89.6371,16.0132],[-89.6367,16.0133],[-89.6364,16.0137],[-89.6364,16.0139],[-89.6361,16.0142],[-89.6357,16.014],[-89.6356,16.014],[-89.6352,16.0138],[-89.6348,16.0142],[-89.6348,16.0146],[-89.6348,16.0148],[-89.6347,16.0151],[-89.6341,16.0158],[-89.6338,16.0164],[-89.6325,16.0167],[-89.6317,16.0168],[-89.631,16.0163],[-89.6308,16.0161],[-89.6302,16.016],[-89.63,16.0162],[-89.6294,16.0169],[-89.6293,16.0174],[-89.6288,16.0181],[-89.6278,16.018],[-89.6272,16.0172],[-89.6273,16.0169],[-89.6274,16.0162],[-89.627,16.0155],[-89.6264,16.0154],[-89.6258,16.0157],[-89.6254,16.016],[-89.6251,16.0163],[-89.6244,16.0161],[-89.6237,16.0158],[-89.6235,16.0157],[-89.6231,16.0157],[-89.623,16.0158],[-89.6224,16.0162],[-89.6222,16.0166],[-89.6217,16.0167],[-89.6213,16.0163],[-89.6211,16.0161],[-89.6208,16.0154],[-89.6204,16.0154],[-89.62,16.0158],[-89.6196,16.0163],[-89.6188,16.0162],[-89.6182,16.0157],[-89.6174,16.0152],[-89.6173,16.0141],[-89.6175,16.0133],[-89.618,16.0122],[-89.6182,16.0117],[-89.6178,16.011],[-89.6172,16.0106],[-89.6171,16.0106],[-89.6164,16.0105],[-89.6149,16.0107],[-89.6149,16.0107],[-89.6142,16.011],[-89.6131,16.0114],[-89.6124,16.0117],[-89.6122,16.0122],[-89.6125,16.0124],[-89.6129,16.0125],[-89.613,16.0125],[-89.6132,16.0131],[-89.613,16.0135],[-89.6125,16.0136],[-89.612,16.0131],[-89.6119,16.013],[-89.6115,16.012],[-89.6109,16.0115],[-89.6099,16.0115],[-89.6091,16.0119],[-89.6089,16.0122],[-89.6087,16.0124],[-89.608,16.0128],[-89.607,16.0128],[-89.6065,16.0128],[-89.606,16.0134],[-89.6055,16.0139],[-89.605,16.0136],[-89.6049,16.0129],[-89.6049,16.0127],[-89.6049,16.012],[-89.6046,16.0112],[-89.6042,16.0103],[-89.6038,16.0098],[-89.6034,16.0096],[-89.6028,16.0099],[-89.6023,16.0101],[-89.6013,16.0099],[-89.6005,16.0101],[-89.6002,16.0107],[-89.6001,16.0108],[-89.5998,16.0118],[-89.5991,16.0127],[-89.5991,16.0127],[-89.5986,16.0132],[-89.5983,16.0137],[-89.5982,16.0138],[-89.5973,16.0141],[-89.5964,16.014],[-89.595,16.0136],[-89.5945,16.0132],[-89.594,16.0125],[-89.5939,16.012],[-89.5939,16.0118],[-89.5942,16.0112],[-89.5947,16.0102],[-89.5949,16.0091],[-89.595,16.0083],[-89.5949,16.0071],[-89.5944,16.0065],[-89.5934,16.0064],[-89.5925,16.0069],[-89.5918,16.0071],[-89.591,16.007],[-89.5904,16.0075],[-89.5905,16.0082],[-89.5905,16.0084],[-89.5909,16.0091],[-89.5908,16.0099],[-89.5903,16.0105],[-89.5899,16.011],[-89.5896,16.0112],[-89.5894,16.0118],[-89.5895,16.0126],[-89.5897,16.0127],[-89.5901,16.0128],[-89.5908,16.0128],[-89.5916,16.0131],[-89.5919,16.0134],[-89.5924,16.0143],[-89.5929,16.0154],[-89.5935,16.0162],[-89.5941,16.0167],[-89.5951,16.0171],[-89.5963,16.0177],[-89.597,16.0186],[-89.597,16.019],[-89.5967,16.0193],[-89.596,16.0195],[-89.5956,16.0196],[-89.5952,16.0197],[-89.594,16.0195],[-89.5927,16.019],[-89.5907,16.018],[-89.5905,16.018],[-89.5895,16.0175],[-89.5891,16.0174],[-89.5879,16.0168],[-89.5874,16.0163],[-89.5876,16.0153],[-89.5881,16.0144],[-89.5883,16.0135],[-89.5882,16.0129],[-89.588,16.0122],[-89.5877,16.0118],[-89.5868,16.0119],[-89.586,16.0121],[-89.5853,16.0118],[-89.5848,16.0112],[-89.5844,16.0106],[-89.5841,16.0101],[-89.5832,16.0098],[-89.5826,16.0101],[-89.5823,16.0102],[-89.5821,16.0108],[-89.5821,16.0116],[-89.5821,16.0125],[-89.5821,16.0134],[-89.5819,16.014],[-89.5813,16.0143],[-89.5808,16.0142],[-89.5804,16.0141],[-89.5798,16.0139],[-89.5792,16.0147],[-89.5791,16.015],[-89.5787,16.0152],[-89.578,16.0149],[-89.5775,16.0147],[-89.5773,16.0147],[-89.5769,16.0146],[-89.5763,16.0149],[-89.576,16.0153],[-89.5762,16.0159],[-89.5765,16.0162],[-89.5766,16.0166],[-89.5763,16.017],[-89.5759,16.0175],[-89.5757,16.018],[-89.5755,16.0185],[-89.5754,16.0185],[-89.5749,16.0188],[-89.5748,16.0189],[-89.574,16.0192],[-89.5737,16.0198],[-89.5736,16.0202],[-89.5736,16.0204],[-89.5732,16.0211],[-89.5723,16.0215],[-89.5718,16.0216],[-89.5716,16.0223],[-89.5718,16.0229],[-89.5718,16.0237],[-89.5715,16.0241],[-89.5707,16.0245],[-89.5703,16.0248],[-89.5703,16.025],[-89.5702,16.0252],[-89.5702,16.0253],[-89.5701,16.0257],[-89.5696,16.0261],[-89.569,16.0264],[-89.5689,16.0264],[-89.5684,16.0267],[-89.5682,16.027],[-89.5681,16.027],[-89.568,16.0277],[-89.5678,16.0282],[-89.5673,16.0287],[-89.5667,16.0291],[-89.5664,16.0293],[-89.566,16.03],[-89.5659,16.0306],[-89.5654,16.0311],[-89.5651,16.031],[-89.5647,16.0304],[-89.5646,16.0298],[-89.5646,16.0292],[-89.5643,16.0284],[-89.564,16.028],[-89.5634,16.0282],[-89.5629,16.0289],[-89.5627,16.0299],[-89.5628,16.0304],[-89.5625,16.031],[-89.5621,16.0315],[-89.5618,16.0314],[-89.5613,16.0309],[-89.5612,16.0307],[-89.5607,16.0301],[-89.5602,16.0297],[-89.5594,16.0294],[-89.5588,16.0295],[-89.5586,16.0296],[-89.5583,16.0306],[-89.5583,16.0312],[-89.5581,16.0317],[-89.5575,16.0319],[-89.5569,16.0318],[-89.5564,16.0312],[-89.5564,16.0312],[-89.556,16.0305],[-89.5556,16.0296],[-89.555,16.0288],[-89.5541,16.0287],[-89.5534,16.0289],[-89.553,16.0292],[-89.5525,16.0296],[-89.5522,16.0301],[-89.5518,16.0303],[-89.5509,16.0304],[-89.55,16.0302],[-89.5497,16.0297],[-89.5496,16.0295],[-89.5493,16.0289],[-89.549,16.0283],[-89.5485,16.0279],[-89.5479,16.0277],[-89.5475,16.0276],[-89.5469,16.0278],[-89.5467,16.0283],[-89.5469,16.0289],[-89.547,16.0291],[-89.547,16.0291],[-89.547,16.0291],[-89.5477,16.0295],[-89.5486,16.0299],[-89.5492,16.0303],[-89.5495,16.031],[-89.5494,16.0313],[-89.549,16.0317],[-89.5489,16.0318],[-89.5484,16.032],[-89.5474,16.032],[-89.5468,16.0321],[-89.5463,16.0324],[-89.5463,16.0333],[-89.5467,16.0339],[-89.5472,16.0345],[-89.5481,16.0347],[-89.5483,16.0347],[-89.5488,16.035],[-89.5492,16.0355],[-89.5492,16.0363],[-89.549,16.0371],[-89.5489,16.0378],[-89.5492,16.0386],[-89.5495,16.0394],[-89.5495,16.0402],[-89.5494,16.0408],[-89.5488,16.0416],[-89.548,16.0418],[-89.5475,16.0416],[-89.5473,16.0414],[-89.5471,16.0411],[-89.5466,16.0405],[-89.5461,16.0401],[-89.545,16.0406],[-89.5447,16.041],[-89.5446,16.0417],[-89.5445,16.0418],[-89.5443,16.042],[-89.5435,16.0418],[-89.5433,16.0417],[-89.543,16.0416],[-89.5424,16.0419],[-89.5423,16.042],[-89.5418,16.0425],[-89.5415,16.0431],[-89.5412,16.0437],[-89.5405,16.0444],[-89.54,16.0451],[-89.5396,16.0454],[-89.5388,16.0453],[-89.5381,16.045],[-89.5376,16.0448],[-89.5369,16.0449],[-89.5362,16.0454],[-89.5359,16.0459],[-89.5359,16.0466],[-89.5356,16.0471],[-89.5349,16.0474],[-89.534,16.0473],[-89.5339,16.0473],[-89.5339,16.0473],[-89.5328,16.0476],[-89.5324,16.048],[-89.5321,16.0486],[-89.5318,16.0495],[-89.5315,16.0499],[-89.5306,16.0501],[-89.5298,16.0502],[-89.5293,16.0502],[-89.5287,16.0506],[-89.5283,16.0513],[-89.5284,16.0519],[-89.5286,16.0524],[-89.5284,16.0529],[-89.528,16.0531],[-89.5275,16.0528],[-89.5273,16.0522],[-89.5273,16.052],[-89.5274,16.0515],[-89.5271,16.051],[-89.5263,16.0508],[-89.5254,16.051],[-89.5246,16.0512],[-89.5239,16.0511],[-89.5232,16.0504],[-89.523,16.0501],[-89.523,16.0498],[-89.523,16.0497],[-89.5231,16.0491],[-89.5231,16.0485],[-89.5226,16.0482],[-89.5218,16.0479],[-89.5207,16.0476],[-89.5202,16.0473],[-89.5201,16.0473],[-89.5198,16.0468],[-89.5198,16.0461],[-89.5199,16.0458],[-89.52,16.0454],[-89.52,16.0447],[-89.5199,16.044],[-89.5194,16.0436],[-89.5189,16.0435],[-89.5189,16.0435],[-89.5181,16.0435],[-89.5174,16.0438],[-89.5166,16.0436],[-89.5161,16.0434],[-89.5153,16.0437],[-89.5144,16.0441],[-89.5141,16.0442],[-89.5133,16.0442],[-89.5126,16.044],[-89.5117,16.0435],[-89.511,16.043],[-89.5103,16.0425],[-89.5103,16.0422],[-89.5102,16.042],[-89.5104,16.0414],[-89.5111,16.0408],[-89.5115,16.0402],[-89.5114,16.0395],[-89.5115,16.0385],[-89.5119,16.0373],[-89.5122,16.0365],[-89.5118,16.036],[-89.5112,16.0355],[-89.5097,16.0354],[-89.5091,16.0355],[-89.5082,16.0358],[-89.5081,16.0359],[-89.5078,16.0365],[-89.5078,16.0373],[-89.5079,16.0375],[-89.5082,16.0382],[-89.5084,16.0388],[-89.5081,16.0395],[-89.5075,16.0397],[-89.5069,16.0394],[-89.5068,16.0394],[-89.5059,16.039],[-89.5049,16.0388],[-89.5043,16.0391],[-89.5041,16.0394],[-89.5039,16.0399],[-89.5038,16.0404],[-89.5038,16.0407],[-89.5042,16.0412],[-89.5043,16.0414],[-89.5046,16.0421],[-89.5047,16.0429],[-89.5044,16.0435],[-89.5043,16.0439],[-89.5046,16.0445],[-89.5046,16.0449],[-89.5044,16.0453],[-89.5038,16.0454],[-89.5028,16.0451],[-89.5022,16.0446],[-89.5022,16.0445],[-89.5017,16.0436],[-89.5014,16.0429],[-89.501,16.0426],[-89.5009,16.0424],[-89.5005,16.0417],[-89.5001,16.0409],[-89.5003,16.0401],[-89.5006,16.0396],[-89.5007,16.0391],[-89.5006,16.0387],[-89.5006,16.038],[-89.5005,16.0017],[-89.5004,15.9906],[-89.5002,15.9366],[-89.5002,15.9321],[-89.5002,15.9244],[-89.5002,15.9226],[-89.4998,15.8443],[-89.4998,15.8444],[-89.4995,15.8455],[-89.499,15.8461],[-89.4982,15.8474],[-89.4978,15.8477],[-89.4963,15.8478],[-89.4958,15.8483],[-89.4956,15.8488],[-89.495,15.849],[-89.4946,15.8485],[-89.4939,15.8487],[-89.4932,15.8491],[-89.4926,15.8496],[-89.4926,15.8499],[-89.4935,15.8506],[-89.4937,15.851],[-89.4934,15.8515],[-89.4928,15.8517],[-89.4923,15.8514],[-89.4921,15.8511],[-89.492,15.8509],[-89.4914,15.8508],[-89.4912,15.8511],[-89.4912,15.8515],[-89.4916,15.8519],[-89.4916,15.852],[-89.4917,15.8523],[-89.4915,15.8525],[-89.4909,15.8524],[-89.4908,15.8524],[-89.4905,15.8523],[-89.4898,15.8526],[-89.4894,15.8529],[-89.4894,15.8533],[-89.4895,15.8535],[-89.4897,15.854],[-89.4898,15.8545],[-89.4899,15.8548],[-89.4898,15.8552],[-89.4893,15.8554],[-89.4887,15.8554],[-89.4883,15.855],[-89.4884,15.8543],[-89.4885,15.8539],[-89.4885,15.8537],[-89.4882,15.8532],[-89.4877,15.8533],[-89.4876,15.8533],[-89.4874,15.8538],[-89.4872,15.8542],[-89.4866,15.8541],[-89.4855,15.8536],[-89.4843,15.8536],[-89.4836,15.8538],[-89.4834,15.8542],[-89.4835,15.8545],[-89.4832,15.8549],[-89.4827,15.8553],[-89.4826,15.8555],[-89.4828,15.8559],[-89.4832,15.8563],[-89.4832,15.8567],[-89.483,15.857],[-89.4825,15.8569],[-89.4821,15.8567],[-89.4815,15.8569],[-89.4809,15.8573],[-89.4802,15.8576],[-89.4798,15.8579],[-89.4794,15.8583],[-89.4792,15.8586],[-89.4791,15.8591],[-89.4792,15.8599],[-89.4794,15.8603],[-89.4793,15.861],[-89.4788,15.8614],[-89.478,15.8613],[-89.4776,15.8606],[-89.4774,15.8602],[-89.4769,15.8603],[-89.4765,15.861],[-89.4761,15.8609],[-89.4756,15.8606],[-89.4752,15.8606],[-89.4746,15.8611],[-89.4741,15.8611],[-89.4736,15.8608],[-89.473,15.861],[-89.4723,15.8613],[-89.4719,15.8609],[-89.4717,15.8603],[-89.4715,15.8597],[-89.4714,15.8596],[-89.4711,15.8592],[-89.4708,15.8591],[-89.47,15.8594],[-89.4694,15.8599],[-89.4688,15.8602],[-89.4682,15.8604],[-89.4677,15.861],[-89.4674,15.8612],[-89.4668,15.8613],[-89.4664,15.8612],[-89.466,15.8612],[-89.4653,15.8614],[-89.4642,15.8615],[-89.4636,15.8612],[-89.4632,15.8606],[-89.4631,15.8602],[-89.463,15.8588],[-89.4626,15.8576],[-89.4626,15.8561],[-89.4622,15.8555],[-89.4618,15.8543],[-89.4612,15.8533],[-89.4607,15.8524],[-89.4601,15.8519],[-89.4598,15.8514],[-89.4599,15.8507],[-89.4598,15.85],[-89.4594,15.8494],[-89.4588,15.8487],[-89.4581,15.8483],[-89.4575,15.8481],[-89.4568,15.8479],[-89.4557,15.8479],[-89.4549,15.8481],[-89.4537,15.8483],[-89.4527,15.8479],[-89.4517,15.8478],[-89.4505,15.8479],[-89.4498,15.8487],[-89.4497,15.8492],[-89.4491,15.8501],[-89.4474,15.8505],[-89.4464,15.8507],[-89.4455,15.8503],[-89.4453,15.8494],[-89.4453,15.8486],[-89.4453,15.8486],[-89.4444,15.8479],[-89.4432,15.8475],[-89.4429,15.8477],[-89.4423,15.8481],[-89.4421,15.8487],[-89.4417,15.8493],[-89.4404,15.8497],[-89.4393,15.8503],[-89.439,15.8507],[-89.4392,15.8514],[-89.4396,15.8523],[-89.4393,15.853],[-89.4384,15.8535],[-89.438,15.8541],[-89.4377,15.8547],[-89.437,15.8549],[-89.4361,15.8544],[-89.4355,15.8535],[-89.4349,15.8536],[-89.4347,15.8541],[-89.4345,15.8546],[-89.434,15.8547],[-89.4335,15.8552],[-89.4331,15.8557],[-89.4325,15.8559],[-89.4321,15.856],[-89.4318,15.8565],[-89.4315,15.8568],[-89.4309,15.8567],[-89.4305,15.8559],[-89.4302,15.8554],[-89.4298,15.8554],[-89.4294,15.8554],[-89.4288,15.8556],[-89.4286,15.8559],[-89.4288,15.8563],[-89.4289,15.8567],[-89.4293,15.8571],[-89.4297,15.8576],[-89.4298,15.8582],[-89.4295,15.8589],[-89.4287,15.8593],[-89.4283,15.8597],[-89.4285,15.8603],[-89.4285,15.861],[-89.4278,15.8612],[-89.427,15.8607],[-89.4266,15.8597],[-89.4264,15.8595],[-89.4255,15.8598],[-89.4248,15.8597],[-89.424,15.8593],[-89.4234,15.8588],[-89.4225,15.8585],[-89.4216,15.8584],[-89.4208,15.8587],[-89.4203,15.8595],[-89.42,15.8599],[-89.4194,15.8598],[-89.4187,15.8595],[-89.4183,15.8586],[-89.4182,15.8584],[-89.418,15.858],[-89.4174,15.8579],[-89.4174,15.8579],[-89.4167,15.8582],[-89.4163,15.8591],[-89.416,15.8595],[-89.4154,15.8598],[-89.4149,15.86],[-89.4146,15.8597],[-89.4145,15.8589],[-89.414,15.8583],[-89.4132,15.8581],[-89.4126,15.8579],[-89.4124,15.8573],[-89.4122,15.8569],[-89.4117,15.8564],[-89.4109,15.8563]]]}},{"type":"Feature","properties":{"name":"Quiché","id":"GT-QC"},"geometry":{"type":"Polygon","coordinates":[[[-90.4422,16.074],[-90.4442,16.074],[-90.4445,16.0728],[-91.1076,16.0734],[-91.1078,16.0734],[-91.1085,16.0706],[-91.1125,16.0673],[-91.112,16.0648],[-91.1113,16.061],[-91.1063,16.0533],[-91.1072,16.0524],[-91.1111,16.049],[-91.1116,16.0486],[-91.119,16.0421],[-91.1184,16.0413],[-91.1161,16.0384],[-91.118,16.0348],[-91.119,16.0348],[-91.1259,16.0345],[-91.1324,16.0305],[-91.132,16.0296],[-91.1307,16.0265],[-91.1236,16.0239],[-91.1241,16.0228],[-91.1249,16.0208],[-91.1269,16.016],[-91.1271,16.0072],[-91.1272,16.007],[-91.1288,16.0048],[-91.1288,16.0025],[-91.1288,15.9998],[-91.1284,15.9997],[-91.1248,15.998],[-91.1214,15.9965],[-91.1104,15.9957],[-91.1075,15.995],[-91.1011,15.9815],[-91.0958,15.9782],[-91.0946,15.9775],[-91.0961,15.9753],[-91.0978,15.9725],[-91.0981,15.9721],[-91.0967,15.9698],[-91.0964,15.9698],[-91.0761,15.969],[-91.061,15.9685],[-91.0606,15.9685],[-91.0666,15.9491],[-91.0673,15.9467],[-91.0671,15.9466],[-91.0462,15.9381],[-91.0473,15.9333],[-91.0475,15.9324],[-91.0516,15.9153],[-91.052,15.9155],[-91.0594,15.9192],[-91.0607,15.9145],[-91.0631,15.9059],[-91.0678,15.8893],[-91.0696,15.8828],[-91.0927,15.8009],[-91.1443,15.8329],[-91.1524,15.8322],[-91.1527,15.8314],[-91.1525,15.831],[-91.1476,15.821],[-91.1476,15.8206],[-91.148,15.8188],[-91.1555,15.8088],[-91.1675,15.8015],[-91.1694,15.8002],[-91.1692,15.7993],[-91.1691,15.7983],[-91.1624,15.7964],[-91.1597,15.7939],[-91.1527,15.79],[-91.1462,15.7841],[-91.1399,15.7757],[-91.1402,15.7754],[-91.1574,15.7515],[-91.1575,15.7508],[-91.1581,15.7201],[-91.1582,15.7161],[-91.1595,15.7134],[-91.1654,15.7018],[-91.1677,15.6972],[-91.1837,15.6656],[-91.1906,15.6678],[-91.1974,15.6672],[-91.1988,15.6567],[-91.2094,15.6554],[-91.2128,15.6519],[-91.2158,15.6462],[-91.2176,15.6428],[-91.2206,15.6371],[-91.2295,15.6297],[-91.2348,15.6247],[-91.2384,15.6256],[-91.2398,15.626],[-91.2488,15.6241],[-91.2576,15.6239],[-91.2629,15.6185],[-91.2751,15.6062],[-91.2755,15.6005],[-91.2629,15.5946],[-91.2715,15.5845],[-91.2816,15.5756],[-91.2971,15.5684],[-91.3046,15.5593],[-91.3084,15.549],[-91.3128,15.5357],[-91.3134,15.5208],[-91.3111,15.5112],[-91.3123,15.5083],[-91.3108,15.5037],[-91.3113,15.4991],[-91.3108,15.4766],[-91.316,15.4722],[-91.3152,15.4635],[-91.3126,15.4549],[-91.2927,15.4277],[-91.2796,15.4196],[-91.2472,15.3879],[-91.2341,15.3879],[-91.2184,15.3876],[-91.171,15.3911],[-91.1672,15.3883],[-91.1645,15.3863],[-91.1598,15.3773],[-91.1466,15.3744],[-91.1492,15.3716],[-91.1581,15.3619],[-91.1582,15.3618],[-91.1589,15.3603],[-91.1638,15.3509],[-91.175,15.339],[-91.1782,15.3356],[-91.1838,15.3172],[-91.1843,15.3002],[-91.1887,15.2873],[-91.196,15.2855],[-91.2193,15.2863],[-91.2318,15.2848],[-91.2464,15.2781],[-91.2637,15.2688],[-91.2646,15.2683],[-91.2653,15.2689],[-91.2738,15.2755],[-91.2819,15.2801],[-91.2827,15.2806],[-91.2895,15.2809],[-91.3007,15.2761],[-91.3072,15.2733],[-91.3102,15.273],[-91.3134,15.2727],[-91.3214,15.272],[-91.3247,15.2672],[-91.3257,15.2657],[-91.3262,15.265],[-91.3234,15.2605],[-91.3192,15.2537],[-91.3145,15.2482],[-91.3126,15.2461],[-91.3119,15.2453],[-91.3109,15.244],[-91.3108,15.244],[-91.3109,15.2439],[-91.3115,15.2413],[-91.3116,15.2407],[-91.3118,15.2403],[-91.3131,15.2382],[-91.3145,15.2357],[-91.3144,15.2305],[-91.3171,15.2277],[-91.3176,15.2224],[-91.3179,15.22],[-91.3189,15.2178],[-91.3196,15.2162],[-91.3208,15.2128],[-91.3193,15.2113],[-91.3185,15.2105],[-91.3171,15.2092],[-91.3177,15.2077],[-91.3185,15.206],[-91.3186,15.2057],[-91.3187,15.2041],[-91.3189,15.203],[-91.3187,15.2014],[-91.3187,15.2008],[-91.3115,15.1998],[-91.3095,15.1992],[-91.3094,15.1982],[-91.3089,15.1948],[-91.3071,15.1932],[-91.3042,15.1904],[-91.3022,15.1879],[-91.2992,15.1873],[-91.2991,15.1856],[-91.2988,15.182],[-91.2987,15.1799],[-91.2971,15.1766],[-91.2962,15.1759],[-91.2947,15.1746],[-91.2943,15.1744],[-91.2919,15.1729],[-91.2902,15.1679],[-91.2849,15.1633],[-91.2798,15.1607],[-91.2742,15.1591],[-91.2694,15.1582],[-91.2669,15.1614],[-91.2627,15.1613],[-91.2602,15.1571],[-91.2586,15.1552],[-91.2542,15.1526],[-91.2538,15.1489],[-91.2524,15.1445],[-91.2489,15.1433],[-91.2448,15.1422],[-91.2411,15.1426],[-91.2408,15.14],[-91.2387,15.1372],[-91.2363,15.1369],[-91.236,15.1369],[-91.2356,15.1337],[-91.2348,15.1312],[-91.234,15.13],[-91.2334,15.129],[-91.2332,15.1289],[-91.233,15.1287],[-91.2303,15.1264],[-91.2282,15.1226],[-91.2232,15.1189],[-91.2199,15.1173],[-91.2153,15.1153],[-91.2118,15.114],[-91.2086,15.1134],[-91.2066,15.1128],[-91.2063,15.1127],[-91.205,15.111],[-91.2062,15.1087],[-91.2092,15.1059],[-91.2116,15.1031],[-91.2133,15.101],[-91.2141,15.1001],[-91.2245,15.1029],[-91.2253,15.1031],[-91.2388,15.1076],[-91.2441,15.1093],[-91.2488,15.1109],[-91.2506,15.1131],[-91.2514,15.115],[-91.2516,15.1185],[-91.2534,15.1235],[-91.2558,15.1247],[-91.2581,15.125],[-91.259,15.1194],[-91.2639,15.0496],[-91.2718,15.0354],[-91.2637,15.0217],[-91.2638,15.0189],[-91.2638,15.0175],[-91.2643,15.001],[-91.2628,14.9954],[-91.2628,14.9953],[-91.2618,14.9934],[-91.2567,14.9838],[-91.2547,14.9798],[-91.2392,14.9844],[-91.237,14.9851],[-91.2365,14.9843],[-91.2329,14.9775],[-91.2325,14.9768],[-91.2338,14.9753],[-91.2377,14.9705],[-91.2412,14.9643],[-91.241,14.963],[-91.2404,14.9596],[-91.2395,14.9569],[-91.2394,14.9564],[-91.2398,14.9506],[-91.2395,14.9491],[-91.239,14.9464],[-91.2388,14.9456],[-91.2387,14.9452],[-91.224,14.9416],[-91.2162,14.9325],[-91.1772,14.8952],[-91.1753,14.8934],[-91.1739,14.8926],[-91.1725,14.8913],[-91.167,14.8904],[-91.1629,14.8903],[-91.161,14.8905],[-91.159,14.8887],[-91.1575,14.8833],[-91.1568,14.8809],[-91.1552,14.8756],[-91.1556,14.8723],[-91.1558,14.8713],[-91.1514,14.8671],[-91.1439,14.8625],[-91.1414,14.8622],[-91.1399,14.8649],[-91.138,14.8669],[-91.1348,14.8683],[-91.1334,14.8675],[-91.1321,14.8667],[-91.1306,14.8633],[-91.1294,14.8606],[-91.1275,14.8565],[-91.1248,14.8528],[-91.1222,14.8503],[-91.1029,14.8355],[-91.1024,14.835],[-91.0879,14.8207],[-91.0747,14.8057],[-91.0737,14.8046],[-91.0728,14.8034],[-91.0717,14.8019],[-91.0487,14.8089],[-91.0467,14.8102],[-91.0316,14.8192],[-91.0286,14.8214],[-91.0284,14.8215],[-91.0246,14.8243],[-91.0248,14.8264],[-91.0321,14.8305],[-91.0336,14.8314],[-91.0343,14.8354],[-91.0419,14.8394],[-91.0447,14.8423],[-91.0454,14.8431],[-91.046,14.8451],[-91.046,14.8453],[-91.046,14.8456],[-91.0459,14.8458],[-91.0458,14.8461],[-91.0457,14.8463],[-91.0455,14.8466],[-91.0455,14.8467],[-91.0453,14.8468],[-91.0452,14.8469],[-91.0451,14.8471],[-91.045,14.8472],[-91.0449,14.8472],[-91.0449,14.8472],[-91.0447,14.8473],[-91.0447,14.8474],[-91.0446,14.8477],[-91.0447,14.8479],[-91.0447,14.848],[-91.0447,14.8481],[-91.0448,14.8482],[-91.0447,14.8484],[-91.0447,14.8484],[-91.0446,14.8485],[-91.0445,14.8486],[-91.0444,14.8488],[-91.0442,14.849],[-91.0441,14.849],[-91.0438,14.8491],[-91.0437,14.8493],[-91.0436,14.8495],[-91.0437,14.8497],[-91.0438,14.8498],[-91.0438,14.8501],[-91.0437,14.8503],[-91.0438,14.8505],[-91.0439,14.8506],[-91.0439,14.8508],[-91.044,14.851],[-91.0439,14.8511],[-91.0437,14.8512],[-91.0436,14.8514],[-91.0436,14.8516],[-91.0435,14.8517],[-91.0432,14.8519],[-91.043,14.8519],[-91.0428,14.8521],[-91.0427,14.8523],[-91.0428,14.8524],[-91.0427,14.8526],[-91.0426,14.8527],[-91.0425,14.8527],[-91.0424,14.8527],[-91.0422,14.8527],[-91.0421,14.8527],[-91.0419,14.8527],[-91.0418,14.8529],[-91.0417,14.853],[-91.0416,14.8531],[-91.0417,14.8532],[-91.0417,14.8534],[-91.0417,14.8536],[-91.0416,14.8537],[-91.0415,14.8537],[-91.0413,14.8538],[-91.0412,14.8538],[-91.0411,14.8539],[-91.041,14.8541],[-91.0409,14.8542],[-91.0409,14.8543],[-91.0408,14.8544],[-91.0406,14.8545],[-91.0406,14.8546],[-91.0408,14.8548],[-91.0408,14.8548],[-91.0409,14.8549],[-91.041,14.8551],[-91.0411,14.8552],[-91.0412,14.8553],[-91.0412,14.8554],[-91.0411,14.8555],[-91.0409,14.8556],[-91.0408,14.8557],[-91.0407,14.8558],[-91.0407,14.8562],[-91.0407,14.8563],[-91.0407,14.8565],[-91.0408,14.8566],[-91.041,14.8567],[-91.0411,14.8568],[-91.0411,14.857],[-91.0409,14.857],[-91.0408,14.8571],[-91.0407,14.8572],[-91.0406,14.8573],[-91.0406,14.8573],[-91.0407,14.8575],[-91.0408,14.8576],[-91.0409,14.8577],[-91.0409,14.8579],[-91.0408,14.8581],[-91.0407,14.8582],[-91.0406,14.8583],[-91.0406,14.8585],[-91.0407,14.8587],[-91.0408,14.8588],[-91.0409,14.8589],[-91.041,14.859],[-91.0411,14.8592],[-91.0411,14.8595],[-91.0411,14.8596],[-91.041,14.8597],[-91.041,14.8599],[-91.0409,14.86],[-91.0407,14.86],[-91.0405,14.86],[-91.0403,14.86],[-91.04,14.8602],[-91.0399,14.8604],[-91.0399,14.8605],[-91.04,14.8607],[-91.04,14.8608],[-91.04,14.8611],[-91.0398,14.8612],[-91.0397,14.8611],[-91.0396,14.8611],[-91.0394,14.861],[-91.0394,14.8611],[-91.0393,14.8613],[-91.0393,14.8615],[-91.0393,14.8616],[-91.0392,14.8617],[-91.0391,14.8618],[-91.0389,14.8618],[-91.0387,14.8619],[-91.0386,14.8619],[-91.0386,14.8621],[-91.0386,14.8622],[-91.0385,14.8624],[-91.0383,14.8625],[-91.038,14.8625],[-91.0379,14.8625],[-91.0377,14.8625],[-91.0376,14.8625],[-91.0375,14.8626],[-91.0374,14.8627],[-91.0372,14.8627],[-91.0371,14.8627],[-91.0369,14.8627],[-91.0367,14.8627],[-91.0367,14.8629],[-91.0367,14.863],[-91.0366,14.8632],[-91.0365,14.8633],[-91.0363,14.8633],[-91.0361,14.8633],[-91.0359,14.8634],[-91.0358,14.8636],[-91.0357,14.8638],[-91.0357,14.864],[-91.0357,14.8641],[-91.0356,14.8643],[-91.0356,14.8645],[-91.0354,14.8646],[-91.0352,14.8646],[-91.0351,14.8647],[-91.035,14.8648],[-91.035,14.8649],[-91.035,14.865],[-91.0349,14.8652],[-91.0348,14.8653],[-91.0346,14.8654],[-91.0344,14.8654],[-91.0342,14.8653],[-91.0341,14.8654],[-91.0339,14.8654],[-91.0338,14.8655],[-91.0337,14.8657],[-91.0337,14.8658],[-91.0337,14.8659],[-91.0338,14.866],[-91.0338,14.8662],[-91.0338,14.8663],[-91.0336,14.8664],[-91.0333,14.8665],[-91.0332,14.8666],[-91.0332,14.8667],[-91.0331,14.8669],[-91.0331,14.867],[-91.0331,14.8672],[-91.0332,14.8672],[-91.0334,14.8673],[-91.0335,14.8675],[-91.0336,14.8677],[-91.0336,14.8678],[-91.0335,14.8679],[-91.0334,14.8681],[-91.0334,14.8682],[-91.0334,14.8684],[-91.0334,14.8686],[-91.0334,14.8687],[-91.0336,14.8688],[-91.0339,14.8689],[-91.034,14.869],[-91.0341,14.8691],[-91.0341,14.8692],[-91.034,14.8693],[-91.0339,14.8695],[-91.0337,14.8695],[-91.0335,14.8697],[-91.0335,14.8698],[-91.0334,14.87],[-91.0332,14.8701],[-91.0331,14.8703],[-91.0332,14.8704],[-91.0332,14.8706],[-91.0332,14.8708],[-91.033,14.8709],[-91.0329,14.871],[-91.0329,14.8711],[-91.0326,14.8712],[-91.0324,14.8711],[-91.0322,14.8711],[-91.032,14.8711],[-91.0318,14.8712],[-91.0316,14.8713],[-91.0314,14.8713],[-91.0311,14.8712],[-91.031,14.8711],[-91.0308,14.8711],[-91.0307,14.871],[-91.0305,14.8709],[-91.0303,14.871],[-91.0303,14.8711],[-91.0303,14.8712],[-91.0303,14.8713],[-91.0302,14.8714],[-91.0301,14.8715],[-91.0301,14.8718],[-91.0302,14.8719],[-91.0303,14.8719],[-91.0304,14.872],[-91.0305,14.8722],[-91.0305,14.8723],[-91.0304,14.8724],[-91.0304,14.8726],[-91.0304,14.8728],[-91.0306,14.873],[-91.0306,14.8733],[-91.0305,14.8735],[-91.0306,14.8736],[-91.0306,14.8737],[-91.0304,14.874],[-91.0302,14.8741],[-91.03,14.8742],[-91.0298,14.8742],[-91.0296,14.8742],[-91.0294,14.8742],[-91.0293,14.8741],[-91.0292,14.874],[-91.029,14.8739],[-91.0289,14.8739],[-91.0287,14.874],[-91.0287,14.8741],[-91.0286,14.8743],[-91.0286,14.8746],[-91.0286,14.8748],[-91.0285,14.8751],[-91.0286,14.8753],[-91.0287,14.8755],[-91.029,14.8759],[-91.029,14.8759],[-91.029,14.876],[-91.0291,14.8762],[-91.0291,14.8763],[-91.029,14.8765],[-91.0289,14.8767],[-91.0287,14.8768],[-91.0285,14.8767],[-91.0282,14.8767],[-91.028,14.8768],[-91.028,14.8768],[-91.0278,14.8768],[-91.0275,14.8768],[-91.0272,14.8769],[-91.027,14.8771],[-91.0267,14.8772],[-91.0264,14.8773],[-91.0262,14.8773],[-91.026,14.8774],[-91.026,14.8776],[-91.0258,14.8778],[-91.0257,14.878],[-91.0254,14.878],[-91.0252,14.8779],[-91.025,14.8778],[-91.0249,14.8777],[-91.0248,14.8775],[-91.0248,14.8772],[-91.0246,14.877],[-91.0245,14.8768],[-91.0243,14.8767],[-91.0241,14.8768],[-91.024,14.877],[-91.0239,14.8772],[-91.0237,14.8774],[-91.0237,14.8776],[-91.0236,14.8778],[-91.0236,14.878],[-91.0234,14.8781],[-91.0232,14.8781],[-91.0231,14.8781],[-91.023,14.8782],[-91.0231,14.8784],[-91.023,14.8785],[-91.0228,14.8786],[-91.0227,14.8787],[-91.0227,14.8789],[-91.0226,14.8791],[-91.0225,14.8792],[-91.0224,14.8792],[-91.0222,14.8792],[-91.0221,14.8793],[-91.022,14.8794],[-91.0218,14.8795],[-91.0216,14.8795],[-91.0215,14.8795],[-91.0214,14.8796],[-91.0213,14.8797],[-91.0213,14.8799],[-91.0213,14.8802],[-91.0213,14.8803],[-91.0214,14.8805],[-91.0215,14.8806],[-91.0216,14.8808],[-91.0214,14.881],[-91.0213,14.881],[-91.0212,14.8811],[-91.0212,14.8813],[-91.0212,14.8814],[-91.0213,14.8816],[-91.0214,14.8816],[-91.0215,14.8817],[-91.0216,14.8818],[-91.0215,14.882],[-91.0214,14.8822],[-91.0213,14.8823],[-91.0212,14.8825],[-91.021,14.8826],[-91.0209,14.8827],[-91.0208,14.8827],[-91.0208,14.8828],[-91.0208,14.8831],[-91.0208,14.8832],[-91.0207,14.8834],[-91.0206,14.8836],[-91.0205,14.8837],[-91.0204,14.8837],[-91.0202,14.8839],[-91.0201,14.8841],[-91.0202,14.8843],[-91.0202,14.8845],[-91.0201,14.8847],[-91.02,14.8849],[-91.0199,14.885],[-91.0198,14.885],[-91.0198,14.8851],[-91.0198,14.8853],[-91.0199,14.8855],[-91.02,14.8856],[-91.0202,14.8858],[-91.0203,14.886],[-91.0205,14.8861],[-91.0206,14.8862],[-91.0207,14.8864],[-91.0208,14.8864],[-91.021,14.8867],[-91.0211,14.8867],[-91.0213,14.8867],[-91.0214,14.8867],[-91.0216,14.8866],[-91.0217,14.8867],[-91.0217,14.8868],[-91.0217,14.8871],[-91.0217,14.8871],[-91.0218,14.8874],[-91.0219,14.8875],[-91.0221,14.8877],[-91.0223,14.8878],[-91.0224,14.888],[-91.0225,14.8882],[-91.0226,14.8885],[-91.0226,14.8889],[-91.0226,14.8892],[-91.0226,14.8895],[-91.0227,14.8899],[-91.0227,14.8903],[-91.0228,14.8905],[-91.0228,14.8908],[-91.0229,14.891],[-91.0228,14.8912],[-91.0226,14.8914],[-91.0226,14.8916],[-91.0226,14.8918],[-91.0227,14.892],[-91.0229,14.8921],[-91.0231,14.8922],[-91.0232,14.8924],[-91.023,14.8926],[-91.0229,14.8926],[-91.0227,14.8927],[-91.0225,14.8928],[-91.0224,14.893],[-91.0225,14.8931],[-91.0227,14.8933],[-91.0229,14.8934],[-91.0231,14.8935],[-91.0232,14.8936],[-91.0233,14.8938],[-91.0233,14.8941],[-91.0232,14.8944],[-91.0232,14.8946],[-91.0232,14.8948],[-91.023,14.8949],[-91.0229,14.8951],[-91.0228,14.8953],[-91.0227,14.8955],[-91.0228,14.8957],[-91.0229,14.8958],[-91.023,14.8959],[-91.0229,14.8961],[-91.0228,14.8963],[-91.0228,14.8965],[-91.0229,14.8967],[-91.0231,14.8967],[-91.0231,14.8968],[-91.0233,14.8969],[-91.0234,14.8969],[-91.0235,14.8968],[-91.0236,14.8969],[-91.0237,14.8969],[-91.0238,14.8971],[-91.0239,14.8973],[-91.024,14.8974],[-91.0239,14.8976],[-91.0238,14.8977],[-91.0238,14.8979],[-91.0238,14.8981],[-91.0239,14.8982],[-91.0241,14.8983],[-91.0242,14.8984],[-91.0243,14.8986],[-91.0243,14.8989],[-91.0242,14.899],[-91.0242,14.8992],[-91.0244,14.8994],[-91.0245,14.8996],[-91.0244,14.8997],[-91.0243,14.8999],[-91.0241,14.8999],[-91.0239,14.9],[-91.0238,14.9001],[-91.0237,14.9001],[-91.0236,14.9003],[-91.0234,14.9004],[-91.0233,14.9006],[-91.0233,14.9007],[-91.0232,14.9009],[-91.0232,14.9011],[-91.0232,14.9013],[-91.0234,14.9014],[-91.0235,14.9014],[-91.0235,14.9016],[-91.0235,14.9017],[-91.0236,14.9019],[-91.0237,14.902],[-91.0239,14.9021],[-91.024,14.9022],[-91.0241,14.9024],[-91.0242,14.9025],[-91.0244,14.9026],[-91.0246,14.9027],[-91.0248,14.9028],[-91.0249,14.9029],[-91.0251,14.903],[-91.0253,14.9031],[-91.0254,14.9032],[-91.0256,14.9035],[-91.0257,14.9037],[-91.0259,14.9038],[-91.0262,14.904],[-91.0262,14.9041],[-91.0261,14.9044],[-91.026,14.9045],[-91.0256,14.9044],[-91.0254,14.9043],[-91.0249,14.9044],[-91.0247,14.9045],[-91.0246,14.9048],[-91.0246,14.9051],[-91.0247,14.9058],[-91.0248,14.9061],[-91.0249,14.9064],[-91.0252,14.9067],[-91.0254,14.907],[-91.0253,14.9074],[-91.025,14.9077],[-91.0247,14.9078],[-91.0244,14.9079],[-91.0239,14.908],[-91.0234,14.908],[-91.0233,14.908],[-91.0232,14.9082],[-91.0233,14.9085],[-91.0234,14.9087],[-91.0234,14.909],[-91.0234,14.9092],[-91.0231,14.9092],[-91.0228,14.9091],[-91.0225,14.9091],[-91.0221,14.9092],[-91.0221,14.9093],[-91.0219,14.9096],[-91.0219,14.9098],[-91.0219,14.9099],[-91.0218,14.9101],[-91.0215,14.9102],[-91.0214,14.9102],[-91.0209,14.9103],[-91.0207,14.9103],[-91.0206,14.9102],[-91.0205,14.9101],[-91.0205,14.9099],[-91.0204,14.9096],[-91.0203,14.9095],[-91.0201,14.9095],[-91.0199,14.9096],[-91.0196,14.9095],[-91.0195,14.9093],[-91.0194,14.9092],[-91.0192,14.9091],[-91.0192,14.9088],[-91.0191,14.9087],[-91.019,14.9086],[-91.019,14.9086],[-91.0186,14.9088],[-91.0184,14.9091],[-91.0184,14.9092],[-91.0183,14.9095],[-91.018,14.9098],[-91.0179,14.91],[-91.0177,14.9102],[-91.0176,14.9105],[-91.0175,14.9108],[-91.0174,14.9114],[-91.0175,14.9119],[-91.0176,14.9122],[-91.0178,14.9123],[-91.018,14.9125],[-91.0183,14.9127],[-91.0186,14.9128],[-91.0188,14.913],[-91.0189,14.9132],[-91.019,14.9134],[-91.0189,14.9137],[-91.0187,14.9138],[-91.0185,14.9141],[-91.0184,14.9143],[-91.0181,14.9146],[-91.0179,14.9148],[-91.0177,14.9151],[-91.0175,14.9154],[-91.0173,14.9157],[-91.017,14.9158],[-91.0167,14.916],[-91.0163,14.9161],[-91.016,14.9163],[-91.0159,14.9166],[-91.0159,14.9169],[-91.0157,14.9171],[-91.0155,14.9173],[-91.0152,14.9176],[-91.0152,14.9177],[-91.0151,14.9179],[-91.0151,14.9181],[-91.0151,14.9184],[-91.0151,14.9187],[-91.0152,14.9192],[-91.0152,14.9193],[-91.0153,14.9195],[-91.0155,14.9198],[-91.0156,14.92],[-91.0156,14.9202],[-91.0157,14.9204],[-91.0156,14.9206],[-91.0155,14.9207],[-91.0153,14.9208],[-91.0151,14.9209],[-91.0148,14.921],[-91.0147,14.921],[-91.0145,14.9211],[-91.0145,14.9212],[-91.0145,14.9214],[-91.0146,14.9216],[-91.0148,14.9218],[-91.0149,14.9219],[-91.0149,14.9221],[-91.0147,14.9223],[-91.0144,14.9225],[-91.0142,14.9226],[-91.014,14.9226],[-91.0138,14.9225],[-91.0136,14.9225],[-91.0135,14.9226],[-91.0134,14.9227],[-91.0134,14.9229],[-91.0133,14.923],[-91.0131,14.9231],[-91.0129,14.9232],[-91.0128,14.9234],[-91.0128,14.9236],[-91.0128,14.9238],[-91.0129,14.9241],[-91.0129,14.9243],[-91.0131,14.9245],[-91.0133,14.9247],[-91.0134,14.9249],[-91.0136,14.9251],[-91.0137,14.9252],[-91.0138,14.9255],[-91.0137,14.9258],[-91.0136,14.926],[-91.0134,14.9262],[-91.0133,14.9264],[-91.0131,14.9266],[-91.0129,14.9268],[-91.0127,14.927],[-91.0127,14.9272],[-91.0126,14.9275],[-91.0126,14.9276],[-91.0127,14.9279],[-91.0125,14.9281],[-91.0122,14.9283],[-91.0122,14.9286],[-91.0122,14.9289],[-91.0123,14.9291],[-91.0124,14.9294],[-91.0125,14.9296],[-91.0127,14.9297],[-91.0128,14.93],[-91.0128,14.9302],[-91.0127,14.9304],[-91.0125,14.9306],[-91.0123,14.9308],[-91.0123,14.9309],[-91.0121,14.9312],[-91.012,14.9313],[-91.0119,14.9315],[-91.0117,14.9318],[-91.0116,14.932],[-91.0115,14.9321],[-91.0111,14.9321],[-91.011,14.9321],[-91.0109,14.932],[-91.0106,14.9319],[-91.0103,14.9319],[-91.01,14.9319],[-91.0098,14.932],[-91.0095,14.9321],[-91.0093,14.9323],[-91.0093,14.9324],[-91.0091,14.9324],[-91.0089,14.9324],[-91.0087,14.9323],[-91.0085,14.9322],[-91.0083,14.9321],[-91.0081,14.932],[-91.0079,14.9321],[-91.0077,14.9321],[-91.0075,14.9323],[-91.0074,14.9324],[-91.0073,14.9325],[-91.0072,14.9325],[-91.0072,14.9326],[-91.0071,14.9327],[-91.0069,14.9327],[-91.0069,14.9325],[-91.0067,14.9324],[-91.0065,14.9323],[-91.0063,14.9322],[-91.0061,14.9322],[-91.0059,14.9322],[-91.0058,14.9322],[-91.0057,14.9323],[-91.0055,14.9324],[-91.0054,14.9325],[-91.0052,14.9325],[-91.005,14.9326],[-91.0048,14.9328],[-91.0047,14.9329],[-91.0046,14.933],[-91.0044,14.9331],[-91.0041,14.9331],[-91.0039,14.933],[-91.0038,14.9329],[-91.0036,14.9329],[-91.0034,14.9328],[-91.0033,14.9328],[-91.0032,14.9327],[-91.003,14.9327],[-91.0027,14.9326],[-91.0025,14.9326],[-91.0023,14.9327],[-91.0023,14.9328],[-91.0021,14.933],[-91.002,14.9331],[-91.0018,14.9332],[-91.0018,14.9332],[-91.0017,14.9334],[-91.0017,14.9335],[-91.0017,14.9337],[-91.0017,14.9338],[-91.0018,14.9339],[-91.0019,14.9342],[-91.0019,14.9344],[-91.0018,14.9347],[-91.0018,14.9348],[-91.0017,14.9351],[-91.0016,14.9352],[-91.0016,14.9354],[-91.0014,14.9354],[-91.0012,14.9354],[-91.001,14.9355],[-91.0007,14.9355],[-91.0003,14.9356],[-90.9998,14.9357],[-90.9996,14.9357],[-90.9995,14.9358],[-90.9994,14.936],[-90.9993,14.9362],[-90.9993,14.9365],[-90.9993,14.9365],[-90.9992,14.9367],[-90.9991,14.9368],[-90.999,14.9369],[-90.9987,14.9369],[-90.9985,14.937],[-90.9984,14.937],[-90.9983,14.9371],[-90.9982,14.9372],[-90.9981,14.9373],[-90.9981,14.9375],[-90.998,14.9376],[-90.9979,14.9377],[-90.9978,14.9379],[-90.9977,14.938],[-90.9977,14.9382],[-90.9977,14.9384],[-90.9974,14.9384],[-90.9971,14.9385],[-90.9968,14.9385],[-90.9965,14.9384],[-90.9962,14.9382],[-90.9961,14.9381],[-90.996,14.9379],[-90.996,14.9378],[-90.9958,14.9376],[-90.9956,14.9374],[-90.9954,14.9373],[-90.9953,14.9372],[-90.9951,14.9372],[-90.9949,14.9371],[-90.9947,14.9371],[-90.9945,14.9371],[-90.9942,14.9371],[-90.9939,14.937],[-90.9936,14.9368],[-90.9933,14.9367],[-90.9931,14.9366],[-90.993,14.9363],[-90.9929,14.9362],[-90.9927,14.936],[-90.9925,14.9359],[-90.9923,14.9358],[-90.9922,14.9356],[-90.992,14.9356],[-90.9917,14.9357],[-90.9916,14.9359],[-90.9915,14.9362],[-90.9915,14.9364],[-90.9914,14.9366],[-90.9913,14.9367],[-90.9912,14.9369],[-90.9911,14.9369],[-90.9909,14.9369],[-90.9907,14.9369],[-90.9904,14.9368],[-90.9903,14.9367],[-90.9901,14.9366],[-90.99,14.9364],[-90.99,14.9362],[-90.99,14.9359],[-90.9901,14.9357],[-90.9903,14.9354],[-90.9904,14.9352],[-90.9904,14.9351],[-90.9904,14.9349],[-90.9903,14.9346],[-90.9902,14.9345],[-90.99,14.9344],[-90.99,14.9343],[-90.9897,14.9341],[-90.9896,14.934],[-90.9894,14.9339],[-90.989,14.9337],[-90.9889,14.9336],[-90.9886,14.9337],[-90.9883,14.9338],[-90.988,14.934],[-90.9877,14.9341],[-90.9876,14.9343],[-90.9875,14.9345],[-90.9873,14.9346],[-90.9871,14.9347],[-90.9869,14.9347],[-90.9866,14.9347],[-90.9864,14.9349],[-90.9861,14.935],[-90.9857,14.9351],[-90.9854,14.9351],[-90.9851,14.9352],[-90.9846,14.9354],[-90.9842,14.9355],[-90.9838,14.9355],[-90.9834,14.9356],[-90.9831,14.9355],[-90.9827,14.9354],[-90.9823,14.9353],[-90.982,14.9352],[-90.9816,14.9352],[-90.9811,14.9352],[-90.9806,14.9353],[-90.9801,14.9353],[-90.9797,14.9352],[-90.9795,14.9351],[-90.9792,14.935],[-90.9788,14.9351],[-90.9786,14.9351],[-90.9783,14.9352],[-90.9781,14.9353],[-90.9777,14.9354],[-90.9774,14.9352],[-90.9773,14.935],[-90.9772,14.9349],[-90.977,14.9347],[-90.9768,14.9346],[-90.9768,14.9346],[-90.9763,14.9344],[-90.9757,14.9344],[-90.9755,14.9344],[-90.9752,14.9345],[-90.9749,14.9347],[-90.9747,14.9347],[-90.9746,14.9348],[-90.9743,14.9349],[-90.9741,14.935],[-90.9739,14.9351],[-90.9735,14.9351],[-90.9733,14.9349],[-90.9732,14.9347],[-90.9731,14.9345],[-90.9729,14.934],[-90.9728,14.9335],[-90.9727,14.9333],[-90.9727,14.933],[-90.9727,14.9328],[-90.9728,14.9328],[-90.9728,14.9326],[-90.9728,14.9324],[-90.9728,14.9322],[-90.9727,14.9321],[-90.9725,14.9322],[-90.9724,14.9322],[-90.972,14.9323],[-90.9717,14.9324],[-90.9714,14.9325],[-90.9709,14.9326],[-90.9705,14.9326],[-90.9702,14.9325],[-90.9701,14.9323],[-90.9699,14.9322],[-90.9697,14.9319],[-90.9695,14.9318],[-90.9687,14.9315],[-90.9683,14.9312],[-90.9681,14.931],[-90.9679,14.9307],[-90.9677,14.9304],[-90.9674,14.9303],[-90.9667,14.9302],[-90.9664,14.9301],[-90.9661,14.9299],[-90.9658,14.9297],[-90.9656,14.9294],[-90.9655,14.9291],[-90.9653,14.9289],[-90.9652,14.9285],[-90.965,14.9283],[-90.9649,14.928],[-90.9648,14.9275],[-90.9647,14.9272],[-90.9647,14.927],[-90.9646,14.9267],[-90.9645,14.9262],[-90.9645,14.926],[-90.9644,14.926],[-90.9644,14.9259],[-90.9643,14.9259],[-90.9639,14.9258],[-90.9635,14.9258],[-90.9631,14.9257],[-90.9627,14.9255],[-90.9623,14.9254],[-90.9618,14.9254],[-90.9611,14.9254],[-90.9605,14.9254],[-90.96,14.9255],[-90.9596,14.9254],[-90.959,14.9252],[-90.9584,14.9251],[-90.958,14.925],[-90.9577,14.9249],[-90.9575,14.9248],[-90.9572,14.9246],[-90.957,14.9244],[-90.9567,14.9242],[-90.9565,14.9241],[-90.9563,14.924],[-90.956,14.9239],[-90.9557,14.9238],[-90.9555,14.9238],[-90.9553,14.9239],[-90.9553,14.924],[-90.9553,14.9242],[-90.9552,14.9245],[-90.9551,14.9247],[-90.9548,14.9248],[-90.9546,14.9247],[-90.9541,14.9245],[-90.9538,14.9243],[-90.9535,14.924],[-90.9533,14.9238],[-90.9532,14.9237],[-90.9528,14.9234],[-90.9524,14.9231],[-90.9522,14.923],[-90.952,14.9227],[-90.9518,14.9225],[-90.9515,14.9223],[-90.9513,14.9221],[-90.9511,14.922],[-90.9508,14.9219],[-90.9505,14.9219],[-90.9501,14.922],[-90.9499,14.9222],[-90.9498,14.9223],[-90.9498,14.9225],[-90.9499,14.9226],[-90.9499,14.9228],[-90.9497,14.9231],[-90.9492,14.9232],[-90.9488,14.9233],[-90.9485,14.9235],[-90.9483,14.9239],[-90.948,14.9241],[-90.9477,14.9245],[-90.9475,14.9247],[-90.9452,14.9257],[-90.9449,14.9258],[-90.9447,14.9259],[-90.9445,14.9259],[-90.9442,14.926],[-90.944,14.926],[-90.9438,14.9258],[-90.9437,14.9255],[-90.9436,14.9251],[-90.9434,14.9248],[-90.9433,14.9246],[-90.9432,14.9243],[-90.943,14.924],[-90.9429,14.9238],[-90.9428,14.9236],[-90.9427,14.9234],[-90.9427,14.9234],[-90.9425,14.9233],[-90.9424,14.9233],[-90.9422,14.9233],[-90.942,14.9236],[-90.9418,14.9239],[-90.9415,14.9242],[-90.941,14.9244],[-90.9404,14.9243],[-90.9401,14.9242],[-90.9396,14.9241],[-90.9391,14.9241],[-90.9387,14.9241],[-90.9381,14.924],[-90.9376,14.9238],[-90.937,14.9236],[-90.9365,14.9236],[-90.9362,14.9236],[-90.9359,14.9236],[-90.9355,14.9237],[-90.935,14.9237],[-90.9347,14.9238],[-90.9342,14.9237],[-90.9336,14.9236],[-90.9329,14.9235],[-90.9326,14.9231],[-90.9323,14.9226],[-90.9322,14.9222],[-90.9321,14.9217],[-90.9319,14.9213],[-90.9315,14.921],[-90.931,14.921],[-90.9302,14.921],[-90.9295,14.921],[-90.929,14.9209],[-90.9284,14.9208],[-90.9277,14.9206],[-90.9272,14.9206],[-90.9266,14.9205],[-90.9262,14.9205],[-90.9257,14.9206],[-90.9253,14.9206],[-90.925,14.9208],[-90.9247,14.9212],[-90.9242,14.9214],[-90.9239,14.9214],[-90.9236,14.9216],[-90.923,14.9218],[-90.9225,14.9222],[-90.9223,14.9222],[-90.9219,14.9219],[-90.9218,14.9216],[-90.9216,14.9212],[-90.9211,14.9207],[-90.9206,14.9206],[-90.9202,14.9205],[-90.92,14.9205],[-90.9197,14.9202],[-90.9194,14.9199],[-90.919,14.9197],[-90.9184,14.9197],[-90.918,14.9198],[-90.9177,14.92],[-90.9176,14.9201],[-90.9175,14.9203],[-90.9174,14.9206],[-90.9174,14.9207],[-90.9174,14.9209],[-90.9175,14.9213],[-90.9178,14.9219],[-90.9179,14.9223],[-90.918,14.9228],[-90.9177,14.9236],[-90.9175,14.9239],[-90.9174,14.9242],[-90.9171,14.9248],[-90.9166,14.9251],[-90.916,14.9251],[-90.9155,14.925],[-90.9153,14.9246],[-90.915,14.9245],[-90.9146,14.9244],[-90.914,14.9242],[-90.9134,14.9238],[-90.9131,14.9234],[-90.9128,14.9233],[-90.9125,14.9233],[-90.9119,14.9235],[-90.9114,14.9238],[-90.9112,14.9241],[-90.911,14.9244],[-90.9108,14.9248],[-90.9107,14.9252],[-90.9105,14.9257],[-90.9101,14.9261],[-90.9097,14.9264],[-90.9091,14.9266],[-90.9087,14.9268],[-90.9083,14.9272],[-90.9078,14.9274],[-90.9077,14.9276],[-90.9074,14.9278],[-90.9067,14.928],[-90.9062,14.928],[-90.9058,14.928],[-90.9054,14.9281],[-90.9054,14.9284],[-90.9056,14.9289],[-90.9057,14.9292],[-90.9055,14.9294],[-90.9051,14.9295],[-90.9046,14.9294],[-90.9041,14.9292],[-90.9037,14.9293],[-90.9031,14.9292],[-90.9026,14.9291],[-90.902,14.9291],[-90.9015,14.9294],[-90.9012,14.9294],[-90.901,14.9296],[-90.901,14.9299],[-90.901,14.9302],[-90.901,14.9306],[-90.9008,14.9308],[-90.9004,14.9309],[-90.8999,14.931],[-90.8995,14.9311],[-90.8992,14.9311],[-90.8986,14.931],[-90.8982,14.9308],[-90.8977,14.9305],[-90.8973,14.9305],[-90.8963,14.9303],[-90.8956,14.93],[-90.8947,14.9297],[-90.8938,14.9298],[-90.8933,14.9298],[-90.8928,14.93],[-90.8922,14.9303],[-90.8917,14.9305],[-90.8915,14.9306],[-90.8913,14.9309],[-90.8911,14.9311],[-90.8906,14.9316],[-90.8903,14.9323],[-90.8901,14.9328],[-90.8896,14.933],[-90.8887,14.9335],[-90.888,14.9342],[-90.888,14.9344],[-90.8874,14.9349],[-90.8869,14.9351],[-90.8861,14.9351],[-90.8855,14.935],[-90.8848,14.9347],[-90.8841,14.9342],[-90.8835,14.9338],[-90.883,14.9336],[-90.8825,14.9334],[-90.882,14.9332],[-90.8814,14.9329],[-90.8805,14.9327],[-90.8802,14.9328],[-90.8801,14.9332],[-90.8801,14.9336],[-90.88,14.9338],[-90.8795,14.934],[-90.8791,14.934],[-90.8786,14.934],[-90.8781,14.9338],[-90.8777,14.9335],[-90.8775,14.9334],[-90.8767,14.9332],[-90.8764,14.9335],[-90.8764,14.9338],[-90.8764,14.9339],[-90.8764,14.934],[-90.8762,14.9344],[-90.8758,14.9347],[-90.8752,14.9349],[-90.8747,14.935],[-90.8739,14.9352],[-90.8737,14.9355],[-90.8732,14.9359],[-90.8724,14.9359],[-90.8721,14.936],[-90.8718,14.936],[-90.8715,14.9354],[-90.8714,14.935],[-90.8711,14.9347],[-90.8706,14.9344],[-90.8702,14.9343],[-90.87,14.934],[-90.87,14.9336],[-90.8701,14.9332],[-90.8702,14.933],[-90.8702,14.9329],[-90.8702,14.9327],[-90.8701,14.9327],[-90.8699,14.9327],[-90.8693,14.9327],[-90.8687,14.9326],[-90.8684,14.9323],[-90.8681,14.932],[-90.8676,14.9318],[-90.867,14.9315],[-90.8666,14.931],[-90.866,14.9308],[-90.8656,14.9309],[-90.8651,14.9311],[-90.8648,14.9313],[-90.8643,14.9317],[-90.8639,14.9321],[-90.8636,14.9322],[-90.8632,14.9322],[-90.8628,14.932],[-90.8622,14.9319],[-90.8619,14.9319],[-90.8616,14.932],[-90.8613,14.9321],[-90.8605,14.9322],[-90.8596,14.9322],[-90.8588,14.9321],[-90.8578,14.9318],[-90.8573,14.9316],[-90.8566,14.9316],[-90.8555,14.9317],[-90.8541,14.9312],[-90.8534,14.9309],[-90.8528,14.9303],[-90.8525,14.9295],[-90.8521,14.9288],[-90.8516,14.9285],[-90.8507,14.9281],[-90.8498,14.9281],[-90.8492,14.9283],[-90.8487,14.9285],[-90.8481,14.9285],[-90.8476,14.9282],[-90.8476,14.9279],[-90.8477,14.9275],[-90.8479,14.9272],[-90.848,14.9272],[-90.8482,14.9269],[-90.8484,14.9265],[-90.8483,14.9261],[-90.8481,14.9259],[-90.8476,14.9259],[-90.8476,14.9259],[-90.8474,14.9261],[-90.8473,14.9263],[-90.8468,14.9265],[-90.8463,14.9264],[-90.846,14.9263],[-90.8456,14.9262],[-90.8453,14.9262],[-90.8448,14.9263],[-90.8442,14.9264],[-90.8439,14.9265],[-90.8434,14.9266],[-90.8428,14.9264],[-90.8426,14.9263],[-90.8421,14.9261],[-90.8416,14.9258],[-90.841,14.9255],[-90.8406,14.9253],[-90.8402,14.9252],[-90.84,14.9254],[-90.8399,14.9255],[-90.8399,14.9257],[-90.8396,14.9259],[-90.8393,14.9259],[-90.839,14.926],[-90.8383,14.9261],[-90.8377,14.926],[-90.8371,14.9259],[-90.8364,14.926],[-90.836,14.9262],[-90.8353,14.9263],[-90.835,14.9264],[-90.8342,14.9265],[-90.8333,14.9264],[-90.833,14.9263],[-90.8325,14.9262],[-90.8323,14.9262],[-90.8322,14.9263],[-90.8322,14.9264],[-90.8323,14.9265],[-90.832,14.9268],[-90.8315,14.9269],[-90.8312,14.9269],[-90.8308,14.9269],[-90.8304,14.9268],[-90.8302,14.9265],[-90.8299,14.9263],[-90.8296,14.9262],[-90.8292,14.9262],[-90.8287,14.9262],[-90.8284,14.9262],[-90.828,14.9262],[-90.8276,14.926],[-90.8275,14.9258],[-90.8275,14.9256],[-90.8273,14.9254],[-90.8271,14.9251],[-90.8268,14.9251],[-90.8265,14.9252],[-90.8264,14.9254],[-90.8263,14.9256],[-90.8262,14.9259],[-90.8258,14.9261],[-90.8253,14.9262],[-90.8251,14.9264],[-90.8247,14.9267],[-90.8242,14.9265],[-90.8238,14.9262],[-90.8235,14.9259],[-90.823,14.9255],[-90.8224,14.9248],[-90.8222,14.9245],[-90.822,14.924],[-90.8216,14.9236],[-90.8212,14.9233],[-90.8209,14.9233],[-90.8207,14.9235],[-90.8206,14.9239],[-90.8205,14.9243],[-90.8204,14.9245],[-90.82,14.9247],[-90.8197,14.9248],[-90.8192,14.9247],[-90.8189,14.9245],[-90.8187,14.9241],[-90.8183,14.9238],[-90.8182,14.9238],[-90.8181,14.9237],[-90.818,14.9237],[-90.8179,14.9238],[-90.8178,14.9239],[-90.8175,14.9241],[-90.8172,14.9242],[-90.8168,14.9243],[-90.8162,14.9244],[-90.8158,14.9243],[-90.8154,14.9241],[-90.8149,14.9239],[-90.8146,14.9236],[-90.8143,14.9236],[-90.814,14.9237],[-90.8138,14.924],[-90.8137,14.9244],[-90.8135,14.9247],[-90.8133,14.9249],[-90.8128,14.9252],[-90.8123,14.9251],[-90.812,14.9249],[-90.8119,14.9245],[-90.8117,14.9241],[-90.8115,14.9237],[-90.8114,14.9229],[-90.8113,14.9222],[-90.811,14.9219],[-90.8104,14.9219],[-90.81,14.9221],[-90.8097,14.9225],[-90.8096,14.9227],[-90.8092,14.923],[-90.8086,14.9233],[-90.8082,14.9235],[-90.8078,14.9237],[-90.8073,14.9237],[-90.8068,14.9236],[-90.8066,14.9233],[-90.8064,14.923],[-90.8057,14.9229],[-90.8053,14.923],[-90.805,14.9232],[-90.8046,14.9235],[-90.8041,14.9236],[-90.8036,14.9237],[-90.8031,14.9236],[-90.8026,14.9232],[-90.8023,14.9229],[-90.8021,14.9226],[-90.8017,14.9224],[-90.8011,14.922],[-90.8007,14.9217],[-90.8002,14.9215],[-90.7997,14.9215],[-90.7992,14.9215],[-90.7989,14.9218],[-90.7986,14.9222],[-90.7984,14.9225],[-90.7982,14.9228],[-90.7976,14.9231],[-90.7969,14.9232],[-90.7964,14.9229],[-90.7959,14.9225],[-90.7958,14.9223],[-90.7956,14.9215],[-90.7955,14.9213],[-90.7954,14.9212],[-90.7952,14.921],[-90.7951,14.921],[-90.7945,14.921],[-90.7935,14.9211],[-90.7931,14.9214],[-90.7927,14.9215],[-90.7922,14.9217],[-90.7917,14.9217],[-90.7913,14.9214],[-90.7908,14.921],[-90.7905,14.9208],[-90.79,14.9205],[-90.7897,14.9203],[-90.7894,14.9202],[-90.7889,14.92],[-90.7885,14.9197],[-90.7881,14.9196],[-90.7876,14.9194],[-90.787,14.9189],[-90.7861,14.9184],[-90.7858,14.9184],[-90.7854,14.9184],[-90.785,14.9183],[-90.7845,14.9183],[-90.7841,14.9184],[-90.7837,14.9186],[-90.7834,14.9189],[-90.7829,14.9192],[-90.7826,14.9195],[-90.7824,14.9199],[-90.7822,14.92],[-90.7817,14.9202],[-90.7813,14.9201],[-90.7811,14.9198],[-90.7809,14.9195],[-90.7805,14.9196],[-90.7802,14.9198],[-90.7801,14.9201],[-90.78,14.9207],[-90.7801,14.9211],[-90.7801,14.9217],[-90.7798,14.922],[-90.7793,14.9222],[-90.7785,14.9225],[-90.7783,14.9228],[-90.7779,14.9232],[-90.7777,14.9234],[-90.7771,14.9236],[-90.7766,14.9238],[-90.7762,14.924],[-90.7755,14.9241],[-90.7752,14.9239],[-90.775,14.9237],[-90.7747,14.9238],[-90.7744,14.9239],[-90.7743,14.924],[-90.7743,14.9242],[-90.7742,14.9244],[-90.7737,14.9245],[-90.7735,14.9247],[-90.7733,14.9249],[-90.773,14.9251],[-90.7725,14.9253],[-90.772,14.9255],[-90.7716,14.926],[-90.7713,14.9263],[-90.7712,14.9265],[-90.7709,14.9268],[-90.7708,14.927],[-90.7705,14.9275],[-90.7702,14.9278],[-90.7697,14.9279],[-90.769,14.9273],[-90.7686,14.927],[-90.7682,14.9265],[-90.7677,14.9262],[-90.7673,14.9258],[-90.767,14.9254],[-90.7665,14.9251],[-90.7661,14.925],[-90.7655,14.9249],[-90.7648,14.9247],[-90.7641,14.9246],[-90.7637,14.9245],[-90.7635,14.9244],[-90.7633,14.9242],[-90.7631,14.9241],[-90.7627,14.9241],[-90.762,14.9243],[-90.7618,14.9246],[-90.7617,14.9249],[-90.7613,14.9252],[-90.761,14.9253],[-90.7603,14.9251],[-90.7597,14.9251],[-90.7592,14.925],[-90.7587,14.9249],[-90.7582,14.9249],[-90.7582,14.9249],[-90.7581,14.9249],[-90.7576,14.9248],[-90.7573,14.9248],[-90.7567,14.9247],[-90.7562,14.9248],[-90.7556,14.9248],[-90.7551,14.9248],[-90.7545,14.9246],[-90.754,14.9244],[-90.7533,14.9241],[-90.7526,14.9238],[-90.752,14.9231],[-90.7518,14.9227],[-90.7514,14.9225],[-90.7511,14.9223],[-90.7505,14.9219],[-90.7497,14.9213],[-90.7494,14.9206],[-90.7489,14.9194],[-90.7484,14.9187],[-90.748,14.9183],[-90.7471,14.9181],[-90.7466,14.918],[-90.7461,14.9178],[-90.7457,14.9176],[-90.7453,14.9173],[-90.745,14.9169],[-90.7446,14.9164],[-90.7443,14.9161],[-90.7436,14.9156],[-90.7431,14.9152],[-90.7429,14.9152],[-90.7423,14.9152],[-90.7417,14.9153],[-90.741,14.9154],[-90.7405,14.9154],[-90.7401,14.9153],[-90.7399,14.9153],[-90.7394,14.9154],[-90.7389,14.9156],[-90.7385,14.9158],[-90.7378,14.9161],[-90.7373,14.9157],[-90.737,14.9154],[-90.7365,14.9152],[-90.7361,14.9148],[-90.7357,14.9144],[-90.7352,14.9142],[-90.7346,14.9142],[-90.7338,14.9141],[-90.7328,14.9141],[-90.7321,14.9141],[-90.7314,14.9143],[-90.731,14.9145],[-90.7305,14.9148],[-90.73,14.9151],[-90.7293,14.9154],[-90.7284,14.9158],[-90.7282,14.916],[-90.7278,14.9161],[-90.7274,14.9159],[-90.7271,14.9154],[-90.7268,14.9149],[-90.7267,14.9144],[-90.7265,14.9141],[-90.7261,14.9141],[-90.7258,14.9143],[-90.7254,14.9147],[-90.725,14.9149],[-90.7244,14.9149],[-90.7241,14.915],[-90.7233,14.9153],[-90.7229,14.9156],[-90.7223,14.9159],[-90.7219,14.9161],[-90.7214,14.9161],[-90.7213,14.9158],[-90.721,14.9156],[-90.7206,14.9154],[-90.7203,14.915],[-90.72,14.9146],[-90.7196,14.9146],[-90.7192,14.9147],[-90.7186,14.9147],[-90.7181,14.9148],[-90.7178,14.9151],[-90.7174,14.9154],[-90.7169,14.9157],[-90.7161,14.9158],[-90.7156,14.9156],[-90.7152,14.9152],[-90.7149,14.9149],[-90.7146,14.9144],[-90.7143,14.9137],[-90.7139,14.913],[-90.7139,14.9126],[-90.7138,14.912],[-90.7137,14.9117],[-90.7134,14.9111],[-90.7129,14.9107],[-90.7124,14.9105],[-90.7116,14.9099],[-90.7109,14.9094],[-90.7098,14.9089],[-90.7091,14.9087],[-90.7084,14.9086],[-90.7078,14.9085],[-90.7067,14.9084],[-90.7059,14.9084],[-90.705,14.9085],[-90.7037,14.9088],[-90.7031,14.9087],[-90.7024,14.9084],[-90.7016,14.9081],[-90.7012,14.9077],[-90.7007,14.9072],[-90.7004,14.907],[-90.7004,14.907],[-90.6999,14.9071],[-90.6996,14.9075],[-90.6995,14.9077],[-90.6995,14.9082],[-90.6995,14.9084],[-90.6995,14.9086],[-90.6993,14.9093],[-90.6992,14.9097],[-90.699,14.9101],[-90.6985,14.9102],[-90.6981,14.9101],[-90.6978,14.9098],[-90.6977,14.9095],[-90.6976,14.909],[-90.6976,14.9086],[-90.6975,14.9082],[-90.697,14.9077],[-90.6964,14.9074],[-90.6957,14.9072],[-90.695,14.9072],[-90.6947,14.9075],[-90.6946,14.9079],[-90.6944,14.9086],[-90.694,14.9092],[-90.6933,14.9096],[-90.6927,14.9098],[-90.6924,14.9099],[-90.6924,14.9099],[-90.6918,14.9099],[-90.6913,14.9097],[-90.6907,14.9093],[-90.6901,14.9091],[-90.6894,14.9089],[-90.6888,14.9085],[-90.6884,14.9079],[-90.6883,14.9075],[-90.6882,14.907],[-90.688,14.9066],[-90.6876,14.906],[-90.6874,14.9056],[-90.6872,14.9049],[-90.6869,14.9045],[-90.6863,14.9043],[-90.6856,14.9041],[-90.6847,14.9038],[-90.684,14.9038],[-90.6831,14.9036],[-90.6827,14.9033],[-90.6822,14.9028],[-90.682,14.9024],[-90.6816,14.9021],[-90.6812,14.9019],[-90.6805,14.9016],[-90.6803,14.9014],[-90.6802,14.901],[-90.6802,14.9009],[-90.6802,14.9006],[-90.6802,14.9004],[-90.6801,14.9],[-90.68,14.8998],[-90.6797,14.8991],[-90.6792,14.8987],[-90.6788,14.8985],[-90.678,14.8984],[-90.6774,14.8983],[-90.6766,14.8981],[-90.676,14.8978],[-90.6754,14.8974],[-90.6744,14.8969],[-90.6734,14.8965],[-90.6719,14.8961],[-90.6704,14.8957],[-90.6687,14.8949],[-90.6676,14.8939],[-90.6661,14.8924],[-90.6646,14.8909],[-90.6638,14.8903],[-90.663,14.89],[-90.662,14.8897],[-90.6609,14.8894],[-90.6601,14.8894],[-90.659,14.8891],[-90.6585,14.8888],[-90.6579,14.8884],[-90.6573,14.8879],[-90.6568,14.8875],[-90.6562,14.887],[-90.6558,14.8868],[-90.6551,14.8864],[-90.6545,14.886],[-90.6542,14.8857],[-90.6532,14.8853],[-90.6525,14.8851],[-90.6516,14.8849],[-90.6508,14.885],[-90.6498,14.8856],[-90.6493,14.886],[-90.6489,14.8863],[-90.6485,14.8868],[-90.6482,14.8874],[-90.6481,14.8881],[-90.6478,14.8887],[-90.6473,14.8895],[-90.6468,14.8903],[-90.6458,14.8909],[-90.6452,14.8908],[-90.6446,14.8906],[-90.6438,14.8901],[-90.6428,14.8897],[-90.6422,14.8899],[-90.6416,14.8902],[-90.6412,14.8904],[-90.6401,14.8905],[-90.6395,14.8905],[-90.6389,14.89],[-90.6387,14.8895],[-90.6382,14.8887],[-90.6379,14.8883],[-90.6372,14.8881],[-90.6368,14.8884],[-90.6362,14.8888],[-90.6354,14.8894],[-90.6343,14.8898],[-90.6333,14.89],[-90.6327,14.8899],[-90.6321,14.8895],[-90.6318,14.8888],[-90.6316,14.8882],[-90.6311,14.8863],[-90.631,14.8858],[-90.6308,14.8853],[-90.6304,14.8853],[-90.6302,14.8852],[-90.6296,14.8854],[-90.6285,14.8856],[-90.6276,14.8859],[-90.6262,14.8863],[-90.6254,14.8866],[-90.6245,14.8866],[-90.6246,14.887],[-90.6247,14.8875],[-90.6249,14.8878],[-90.6249,14.8881],[-90.6248,14.8881],[-90.6245,14.8881],[-90.6239,14.8881],[-90.6232,14.888],[-90.6226,14.8879],[-90.6222,14.8881],[-90.621,14.8912],[-90.6183,14.898],[-90.6151,14.9015],[-90.6149,14.9073],[-90.6149,14.9075],[-90.6153,14.9092],[-90.6158,14.9117],[-90.6166,14.9148],[-90.6166,14.9151],[-90.6196,14.9162],[-90.63,14.9199],[-90.6323,14.9217],[-90.634,14.923],[-90.6366,14.9249],[-90.6363,14.9264],[-90.6355,14.9303],[-90.6374,14.9331],[-90.6409,14.9382],[-90.6409,14.9384],[-90.6421,14.9465],[-90.6461,14.9526],[-90.6477,14.9531],[-90.6488,14.9534],[-90.6556,14.9557],[-90.6585,14.9606],[-90.6602,14.9632],[-90.6604,14.9642],[-90.6603,14.966],[-90.6602,14.9676],[-90.6602,14.9676],[-90.6589,14.9773],[-90.6589,14.9777],[-90.6578,14.984],[-90.6575,14.9859],[-90.6556,14.9867],[-90.6528,14.9877],[-90.6551,14.9906],[-90.6542,14.996],[-90.6556,14.997],[-90.75,15.064],[-90.7763,15.1025],[-90.7787,15.1066],[-90.8058,15.1526],[-90.8058,15.1536],[-90.809,15.2352],[-90.8035,15.2324],[-90.7916,15.2376],[-90.789,15.2348],[-90.7877,15.2342],[-90.7835,15.2323],[-90.7783,15.222],[-90.7772,15.2199],[-90.7644,15.2216],[-90.7633,15.2217],[-90.7631,15.2216],[-90.7588,15.2193],[-90.7524,15.2213],[-90.7466,15.218],[-90.7361,15.2124],[-90.7332,15.2048],[-90.7286,15.205],[-90.7264,15.2065],[-90.7221,15.2048],[-90.7179,15.2075],[-90.7112,15.2044],[-90.7042,15.2073],[-90.6968,15.2048],[-90.691,15.2052],[-90.6829,15.2037],[-90.6794,15.2056],[-90.6747,15.2054],[-90.6673,15.2068],[-90.66,15.2073],[-90.6577,15.2058],[-90.6514,15.2087],[-90.6478,15.2112],[-90.6438,15.2118],[-90.6426,15.2072],[-90.6352,15.2071],[-90.6333,15.2115],[-90.6274,15.2092],[-90.6263,15.2068],[-90.6209,15.2056],[-90.6173,15.2057],[-90.6136,15.2068],[-90.6094,15.2065],[-90.6073,15.2027],[-90.6042,15.1993],[-90.5992,15.1988],[-90.596,15.2037],[-90.5955,15.2049],[-90.5918,15.2068],[-90.59,15.2137],[-90.5866,15.2125],[-90.5844,15.2089],[-90.5764,15.2091],[-90.5714,15.2114],[-90.5664,15.2071],[-90.5617,15.2033],[-90.5584,15.2021],[-90.5551,15.2022],[-90.5533,15.2023],[-90.5478,15.2038],[-90.542,15.2047],[-90.5373,15.2069],[-90.5317,15.212],[-90.5315,15.212],[-90.5281,15.2162],[-90.5265,15.2211],[-90.5234,15.2239],[-90.5228,15.2303],[-90.5221,15.235],[-90.5154,15.2383],[-90.5158,15.2427],[-90.5087,15.2471],[-90.506,15.2558],[-90.5021,15.2574],[-90.4977,15.2591],[-90.4966,15.2611],[-90.4951,15.2637],[-90.4916,15.2664],[-90.491,15.2665],[-90.4906,15.2695],[-90.4927,15.271],[-90.4924,15.2743],[-90.4881,15.2752],[-90.4849,15.2832],[-90.4848,15.284],[-90.4838,15.2898],[-90.4785,15.2963],[-90.4759,15.3019],[-90.4778,15.3109],[-90.4803,15.3201],[-90.4802,15.3221],[-90.4994,15.3326],[-90.5001,15.3324],[-90.5053,15.3306],[-90.5077,15.3327],[-90.5107,15.3355],[-90.5177,15.337],[-90.5209,15.3376],[-90.5242,15.3383],[-90.5291,15.3394],[-90.5365,15.3396],[-90.5449,15.3378],[-90.552,15.3389],[-90.5561,15.3372],[-90.5593,15.3389],[-90.5633,15.3412],[-90.5652,15.3405],[-90.5679,15.3395],[-90.5764,15.3401],[-90.582,15.3426],[-90.5864,15.3409],[-90.5908,15.3417],[-90.5922,15.3419],[-90.5933,15.3421],[-90.5955,15.3394],[-90.5984,15.34],[-90.6004,15.3405],[-90.6018,15.3408],[-90.6084,15.3399],[-90.6128,15.3425],[-90.6148,15.343],[-90.6183,15.344],[-90.6197,15.3441],[-90.622,15.3444],[-90.6234,15.3453],[-90.6244,15.3459],[-90.629,15.3463],[-90.6337,15.3467],[-90.6394,15.3465],[-90.6455,15.3469],[-90.6486,15.3499],[-90.6491,15.3502],[-90.6531,15.3524],[-90.6559,15.3548],[-90.6591,15.3551],[-90.6591,15.3551],[-90.6661,15.3542],[-90.6743,15.3592],[-90.6745,15.3593],[-90.6747,15.3593],[-90.6798,15.359],[-90.6872,15.3619],[-90.6913,15.3632],[-90.692,15.3648],[-90.6935,15.3684],[-90.6942,15.3719],[-90.6978,15.3741],[-90.7021,15.3773],[-90.7029,15.3805],[-90.708,15.3838],[-90.7094,15.3898],[-90.7093,15.3926],[-90.7105,15.3978],[-90.7115,15.4008],[-90.7108,15.4053],[-90.7094,15.4119],[-90.7127,15.4141],[-90.7116,15.4204],[-90.704,15.429],[-90.7019,15.4337],[-90.6993,15.4376],[-90.6992,15.4405],[-90.6915,15.4392],[-90.672,15.4367],[-90.6719,15.4366],[-90.6699,15.4357],[-90.6674,15.4353],[-90.6653,15.4335],[-90.6629,15.4314],[-90.6569,15.4392],[-90.6547,15.4418],[-90.6506,15.4469],[-90.6498,15.4482],[-90.6492,15.4491],[-90.6491,15.4494],[-90.6489,15.4502],[-90.6487,15.451],[-90.6486,15.4526],[-90.6486,15.4541],[-90.6486,15.4548],[-90.6488,15.4557],[-90.6495,15.4575],[-90.6499,15.4585],[-90.65,15.4599],[-90.65,15.4613],[-90.6506,15.4643],[-90.6459,15.4713],[-90.645,15.4726],[-90.6416,15.4763],[-90.6415,15.4765],[-90.6384,15.4834],[-90.6374,15.4857],[-90.6369,15.4859],[-90.635,15.4872],[-90.6309,15.4882],[-90.6285,15.4902],[-90.6269,15.4932],[-90.6257,15.4952],[-90.624,15.4957],[-90.6218,15.499],[-90.6197,15.5011],[-90.6183,15.5011],[-90.6169,15.4993],[-90.613,15.4988],[-90.6123,15.5018],[-90.6109,15.5031],[-90.606,15.5046],[-90.6046,15.5073],[-90.6046,15.5081],[-90.6046,15.5094],[-90.6052,15.511],[-90.6056,15.5121],[-90.6048,15.5154],[-90.6044,15.5172],[-90.6042,15.5182],[-90.6053,15.522],[-90.6072,15.5265],[-90.6075,15.5273],[-90.6072,15.5314],[-90.607,15.5337],[-90.6075,15.5374],[-90.6085,15.5405],[-90.6121,15.5441],[-90.6134,15.5473],[-90.6139,15.5484],[-90.613,15.5504],[-90.613,15.5505],[-90.6133,15.5534],[-90.6136,15.5536],[-90.6149,15.5546],[-90.6139,15.5556],[-90.614,15.5558],[-90.6147,15.5579],[-90.6149,15.5582],[-90.6155,15.5597],[-90.6166,15.5623],[-90.6183,15.5643],[-90.6183,15.566],[-90.6194,15.5699],[-90.6226,15.5739],[-90.6242,15.5752],[-90.6276,15.5764],[-90.6321,15.5757],[-90.6351,15.5766],[-90.6369,15.5784],[-90.64,15.5794],[-90.6417,15.5823],[-90.642,15.5828],[-90.6424,15.587],[-90.6418,15.5888],[-90.6372,15.5908],[-90.6338,15.5929],[-90.6327,15.5951],[-90.6319,15.5962],[-90.6322,15.5987],[-90.6319,15.6],[-90.6319,15.6017],[-90.6307,15.6027],[-90.6303,15.6035],[-90.6298,15.6045],[-90.631,15.6052],[-90.6321,15.6058],[-90.6309,15.6078],[-90.6307,15.6096],[-90.6306,15.6099],[-90.6302,15.6116],[-90.6308,15.612],[-90.632,15.6119],[-90.6334,15.6114],[-90.634,15.6114],[-90.6363,15.6115],[-90.6379,15.6123],[-90.6384,15.6125],[-90.6391,15.6132],[-90.6386,15.614],[-90.6383,15.6146],[-90.6381,15.6151],[-90.6384,15.6157],[-90.6391,15.6173],[-90.64,15.6182],[-90.6411,15.6184],[-90.643,15.6189],[-90.6444,15.6199],[-90.6448,15.6216],[-90.6453,15.623],[-90.6456,15.6237],[-90.646,15.6288],[-90.6465,15.6304],[-90.6454,15.6327],[-90.6453,15.6328],[-90.6454,15.6336],[-90.6466,15.635],[-90.6497,15.6373],[-90.6524,15.6385],[-90.6559,15.6387],[-90.6574,15.6391],[-90.6587,15.6404],[-90.6598,15.6417],[-90.6603,15.6422],[-90.6607,15.6432],[-90.6599,15.6439],[-90.6582,15.6446],[-90.6565,15.645],[-90.6552,15.6464],[-90.6553,15.6473],[-90.6553,15.6481],[-90.6557,15.6493],[-90.6569,15.6499],[-90.6605,15.65],[-90.6631,15.6506],[-90.6661,15.6509],[-90.6685,15.6516],[-90.6725,15.6507],[-90.6744,15.6507],[-90.681,15.6504],[-90.6844,15.6506],[-90.6867,15.6493],[-90.6878,15.6492],[-90.6885,15.6495],[-90.6891,15.6499],[-90.6911,15.6497],[-90.6919,15.6501],[-90.6936,15.6508],[-90.6948,15.6516],[-90.6951,15.6525],[-90.6952,15.6537],[-90.6954,15.6542],[-90.6961,15.6546],[-90.6972,15.6544],[-90.6988,15.6534],[-90.6997,15.6534],[-90.7006,15.6539],[-90.7021,15.6549],[-90.7028,15.6554],[-90.7035,15.6556],[-90.7045,15.6558],[-90.7063,15.6562],[-90.7069,15.6565],[-90.7075,15.657],[-90.7085,15.6574],[-90.7097,15.6575],[-90.7106,15.6575],[-90.7123,15.658],[-90.7135,15.658],[-90.7139,15.6581],[-90.7143,15.6585],[-90.7148,15.6588],[-90.716,15.6593],[-90.7168,15.6595],[-90.7178,15.6596],[-90.7189,15.6595],[-90.7204,15.6592],[-90.7213,15.6592],[-90.7224,15.6596],[-90.724,15.66],[-90.726,15.6605],[-90.7289,15.6611],[-90.7307,15.6616],[-90.7326,15.6622],[-90.7339,15.6624],[-90.735,15.6628],[-90.7367,15.6634],[-90.738,15.6641],[-90.7386,15.6643],[-90.7391,15.6644],[-90.74,15.6643],[-90.7408,15.6645],[-90.7424,15.6651],[-90.7445,15.6662],[-90.7462,15.6671],[-90.7473,15.6673],[-90.7504,15.6682],[-90.7516,15.6685],[-90.7525,15.6685],[-90.7532,15.6686],[-90.7547,15.6688],[-90.7559,15.6692],[-90.7563,15.6694],[-90.7568,15.6697],[-90.7573,15.6699],[-90.7575,15.67],[-90.7585,15.6704],[-90.7601,15.6711],[-90.7609,15.6716],[-90.7619,15.6722],[-90.7628,15.6725],[-90.7632,15.6725],[-90.7639,15.6727],[-90.765,15.6731],[-90.7656,15.6734],[-90.7664,15.6737],[-90.7675,15.6741],[-90.7682,15.6743],[-90.769,15.6748],[-90.7697,15.675],[-90.7707,15.6755],[-90.7715,15.676],[-90.772,15.6764],[-90.7727,15.6766],[-90.7732,15.6768],[-90.7739,15.677],[-90.7745,15.6773],[-90.7752,15.6774],[-90.7764,15.6775],[-90.7769,15.6775],[-90.7776,15.6775],[-90.7782,15.6776],[-90.7788,15.6778],[-90.7795,15.678],[-90.7802,15.6782],[-90.7807,15.6783],[-90.7816,15.6786],[-90.7822,15.679],[-90.7826,15.6791],[-90.7833,15.679],[-90.7837,15.6788],[-90.7843,15.6786],[-90.7858,15.6782],[-90.7868,15.6779],[-90.7873,15.6779],[-90.788,15.6777],[-90.7886,15.6777],[-90.789,15.6778],[-90.7896,15.678],[-90.7902,15.678],[-90.7906,15.6782],[-90.791,15.6783],[-90.7915,15.6786],[-90.792,15.6788],[-90.7926,15.6789],[-90.7931,15.6788],[-90.7936,15.6788],[-90.7938,15.6791],[-90.794,15.6795],[-90.794,15.6797],[-90.7939,15.6801],[-90.794,15.6805],[-90.7941,15.6806],[-90.7942,15.6811],[-90.7943,15.6814],[-90.7943,15.6817],[-90.7944,15.6822],[-90.7944,15.6829],[-90.7945,15.6837],[-90.7946,15.6843],[-90.7945,15.6851],[-90.7942,15.6856],[-90.794,15.6862],[-90.7937,15.6867],[-90.7936,15.6871],[-90.7935,15.6875],[-90.7932,15.6878],[-90.7929,15.6881],[-90.7928,15.6885],[-90.7927,15.6889],[-90.7924,15.6893],[-90.7921,15.6898],[-90.7918,15.6903],[-90.7916,15.6907],[-90.7913,15.6909],[-90.7911,15.691],[-90.7907,15.6914],[-90.7906,15.6916],[-90.7905,15.6919],[-90.7903,15.6922],[-90.7899,15.6925],[-90.7895,15.6928],[-90.7891,15.6931],[-90.7884,15.6935],[-90.788,15.6937],[-90.7877,15.6939],[-90.7872,15.6942],[-90.787,15.6945],[-90.7869,15.695],[-90.7866,15.6954],[-90.7863,15.6957],[-90.7859,15.6961],[-90.7855,15.6964],[-90.7854,15.6966],[-90.785,15.6971],[-90.7845,15.6976],[-90.784,15.698],[-90.7834,15.6986],[-90.7829,15.699],[-90.7824,15.6995],[-90.7817,15.7001],[-90.7812,15.7009],[-90.7806,15.7014],[-90.78,15.7019],[-90.7797,15.7023],[-90.7794,15.7028],[-90.7789,15.7032],[-90.7787,15.7035],[-90.7786,15.7036],[-90.7783,15.7037],[-90.778,15.7036],[-90.7776,15.7035],[-90.7771,15.7035],[-90.7766,15.7037],[-90.7759,15.7039],[-90.7753,15.7042],[-90.7749,15.7044],[-90.7746,15.7044],[-90.7742,15.7041],[-90.7737,15.7038],[-90.7731,15.7034],[-90.7727,15.7032],[-90.7723,15.7031],[-90.7717,15.7031],[-90.7714,15.7032],[-90.7711,15.7034],[-90.771,15.7036],[-90.771,15.7037],[-90.7709,15.7039],[-90.7709,15.7045],[-90.7711,15.7055],[-90.7714,15.7062],[-90.7717,15.7067],[-90.7722,15.7071],[-90.7726,15.7073],[-90.7735,15.7081],[-90.774,15.7089],[-90.7746,15.7093],[-90.7753,15.7097],[-90.7759,15.7101],[-90.7766,15.7104],[-90.7773,15.7107],[-90.7775,15.7108],[-90.7781,15.7115],[-90.7785,15.7119],[-90.779,15.7124],[-90.7794,15.7128],[-90.7801,15.7135],[-90.7804,15.7143],[-90.7808,15.715],[-90.781,15.7159],[-90.7814,15.7167],[-90.7826,15.7186],[-90.7837,15.7201],[-90.7843,15.7207],[-90.7853,15.721],[-90.7861,15.7211],[-90.7869,15.7209],[-90.7872,15.7208],[-90.7884,15.7204],[-90.7895,15.7197],[-90.7908,15.7188],[-90.792,15.7181],[-90.793,15.7175],[-90.7939,15.7174],[-90.7949,15.7176],[-90.7957,15.7179],[-90.7964,15.7182],[-90.7969,15.7185],[-90.7975,15.7189],[-90.7976,15.7193],[-90.7976,15.72],[-90.7973,15.7205],[-90.7964,15.7218],[-90.7952,15.7228],[-90.7943,15.7235],[-90.793,15.724],[-90.7917,15.7243],[-90.791,15.7245],[-90.7904,15.7243],[-90.7898,15.7242],[-90.7892,15.7239],[-90.7887,15.7234],[-90.7883,15.7228],[-90.7879,15.7224],[-90.7873,15.7222],[-90.7867,15.7222],[-90.7861,15.7222],[-90.7856,15.7224],[-90.7852,15.7226],[-90.7844,15.723],[-90.784,15.7232],[-90.7837,15.7238],[-90.7832,15.7242],[-90.7828,15.7245],[-90.7825,15.7247],[-90.7818,15.7249],[-90.7811,15.725],[-90.7805,15.725],[-90.78,15.7251],[-90.7793,15.7254],[-90.7789,15.7257],[-90.7786,15.7262],[-90.7786,15.7263],[-90.7785,15.7267],[-90.7785,15.7278],[-90.7786,15.7294],[-90.7786,15.73],[-90.7789,15.7307],[-90.7793,15.7314],[-90.7796,15.7318],[-90.7804,15.7329],[-90.781,15.734],[-90.7813,15.7348],[-90.7817,15.7352],[-90.7824,15.7362],[-90.7828,15.7367],[-90.7831,15.7374],[-90.7831,15.7376],[-90.7833,15.7385],[-90.7835,15.7394],[-90.7836,15.7401],[-90.7836,15.741],[-90.7836,15.7412],[-90.7837,15.7416],[-90.7839,15.7424],[-90.7841,15.7431],[-90.7843,15.7437],[-90.7846,15.744],[-90.7851,15.7441],[-90.786,15.7441],[-90.7868,15.7441],[-90.7874,15.7441],[-90.7884,15.7446],[-90.7892,15.7451],[-90.79,15.7459],[-90.7905,15.7464],[-90.7912,15.7469],[-90.7922,15.7475],[-90.793,15.7479],[-90.7937,15.7483],[-90.7947,15.7486],[-90.7955,15.7487],[-90.7967,15.7483],[-90.7977,15.7479],[-90.7986,15.7474],[-90.7993,15.7465],[-90.7998,15.7458],[-90.8003,15.7452],[-90.8008,15.7445],[-90.8013,15.7439],[-90.8016,15.7434],[-90.8023,15.7426],[-90.803,15.7422],[-90.8038,15.7417],[-90.8046,15.7414],[-90.8057,15.7414],[-90.8065,15.7414],[-90.8077,15.7417],[-90.8086,15.7419],[-90.8097,15.7423],[-90.8108,15.7426],[-90.8116,15.7429],[-90.8127,15.7433],[-90.8132,15.7436],[-90.8135,15.7441],[-90.8138,15.7444],[-90.8142,15.7452],[-90.8145,15.7455],[-90.8151,15.7457],[-90.8159,15.7458],[-90.8173,15.7463],[-90.818,15.7465],[-90.819,15.747],[-90.8197,15.7475],[-90.8201,15.748],[-90.8201,15.7481],[-90.8207,15.7489],[-90.8206,15.7495],[-90.8204,15.7502],[-90.8197,15.7511],[-90.8182,15.7521],[-90.8166,15.7529],[-90.8156,15.7535],[-90.8148,15.7537],[-90.8138,15.754],[-90.813,15.7543],[-90.8122,15.7546],[-90.8116,15.755],[-90.8113,15.7554],[-90.811,15.7562],[-90.8109,15.7569],[-90.8109,15.758],[-90.8108,15.7591],[-90.8108,15.7601],[-90.8104,15.7614],[-90.8102,15.7624],[-90.81,15.7638],[-90.8098,15.7652],[-90.8097,15.7664],[-90.8097,15.7675],[-90.8095,15.7687],[-90.8092,15.7699],[-90.808,15.7713],[-90.8069,15.7718],[-90.806,15.7723],[-90.8047,15.7726],[-90.8035,15.7726],[-90.8017,15.773],[-90.7996,15.7732],[-90.7987,15.7733],[-90.7976,15.7734],[-90.7968,15.7736],[-90.796,15.774],[-90.7954,15.7744],[-90.795,15.775],[-90.7949,15.7758],[-90.7948,15.7769],[-90.7948,15.7773],[-90.7948,15.7775],[-90.7949,15.7783],[-90.795,15.7792],[-90.7952,15.78],[-90.7954,15.7808],[-90.7954,15.7817],[-90.7949,15.7827],[-90.7942,15.7833],[-90.7934,15.7837],[-90.7924,15.7841],[-90.7917,15.7843],[-90.7911,15.7845],[-90.7908,15.785],[-90.7902,15.786],[-90.7899,15.7866],[-90.7898,15.787],[-90.7894,15.7873],[-90.7884,15.7881],[-90.7876,15.7885],[-90.7866,15.7888],[-90.7853,15.7888],[-90.7846,15.7889],[-90.7839,15.7893],[-90.7836,15.7896],[-90.7834,15.79],[-90.7833,15.7903],[-90.7833,15.7909],[-90.7834,15.7914],[-90.7834,15.7915],[-90.7836,15.7922],[-90.7838,15.7932],[-90.7837,15.7938],[-90.7833,15.7946],[-90.7826,15.7954],[-90.7818,15.7959],[-90.7806,15.7961],[-90.7793,15.7965],[-90.7783,15.7969],[-90.7779,15.7972],[-90.7775,15.7979],[-90.7772,15.7984],[-90.7771,15.7986],[-90.7769,15.799],[-90.777,15.7999],[-90.7772,15.8003],[-90.7774,15.8006],[-90.7779,15.801],[-90.7783,15.8012],[-90.7805,15.8025],[-90.7812,15.803],[-90.7818,15.8036],[-90.782,15.804],[-90.7822,15.8048],[-90.7823,15.8056],[-90.782,15.8067],[-90.7815,15.8077],[-90.7807,15.8086],[-90.7802,15.8095],[-90.7797,15.8105],[-90.7795,15.8114],[-90.7795,15.8125],[-90.7797,15.8139],[-90.7796,15.815],[-90.7791,15.8157],[-90.7788,15.8162],[-90.7783,15.8165],[-90.7778,15.8166],[-90.777,15.8164],[-90.7765,15.8162],[-90.7757,15.8162],[-90.7747,15.8164],[-90.7742,15.8165],[-90.7736,15.817],[-90.7733,15.8175],[-90.7734,15.818],[-90.7736,15.819],[-90.7736,15.8199],[-90.7735,15.8206],[-90.7733,15.8216],[-90.7726,15.8227],[-90.7719,15.8243],[-90.7712,15.8251],[-90.771,15.8256],[-90.7704,15.8268],[-90.7697,15.8279],[-90.7693,15.8289],[-90.769,15.8299],[-90.7687,15.8306],[-90.7684,15.8311],[-90.7677,15.8315],[-90.7673,15.8319],[-90.767,15.8324],[-90.7668,15.8328],[-90.7663,15.8333],[-90.7645,15.8343],[-90.7628,15.8354],[-90.7616,15.8362],[-90.7612,15.8366],[-90.7609,15.837],[-90.7606,15.8375],[-90.7601,15.8376],[-90.7595,15.8376],[-90.759,15.8376],[-90.7584,15.8376],[-90.7579,15.8375],[-90.7569,15.8372],[-90.7563,15.8369],[-90.7557,15.8365],[-90.7552,15.8361],[-90.7549,15.8358],[-90.7546,15.8355],[-90.7543,15.8352],[-90.7543,15.8351],[-90.754,15.8349],[-90.7535,15.8348],[-90.7526,15.8346],[-90.7518,15.8347],[-90.7512,15.8351],[-90.7507,15.8356],[-90.7504,15.8362],[-90.7503,15.8366],[-90.7501,15.8376],[-90.7501,15.8383],[-90.7499,15.8392],[-90.7496,15.8398],[-90.7493,15.8402],[-90.7487,15.8406],[-90.748,15.8409],[-90.7476,15.8411],[-90.7473,15.8415],[-90.7469,15.8419],[-90.7467,15.8422],[-90.7463,15.8424],[-90.746,15.8425],[-90.7456,15.8425],[-90.7445,15.8425],[-90.7441,15.8424],[-90.7437,15.8421],[-90.7433,15.842],[-90.7429,15.842],[-90.7425,15.8421],[-90.7421,15.8423],[-90.7419,15.8427],[-90.7416,15.8432],[-90.7414,15.8437],[-90.7409,15.8447],[-90.7407,15.8452],[-90.7407,15.8457],[-90.7406,15.8462],[-90.7406,15.8467],[-90.7407,15.8471],[-90.7408,15.8474],[-90.7408,15.8479],[-90.7407,15.8483],[-90.7404,15.8486],[-90.7399,15.8488],[-90.7396,15.849],[-90.7392,15.8492],[-90.7387,15.8494],[-90.7383,15.8496],[-90.7379,15.8497],[-90.7376,15.8497],[-90.7373,15.85],[-90.7371,15.8503],[-90.7369,15.8507],[-90.7367,15.8512],[-90.7365,15.8517],[-90.7364,15.852],[-90.7363,15.8525],[-90.7362,15.8528],[-90.736,15.8534],[-90.7358,15.854],[-90.7355,15.8545],[-90.7349,15.8551],[-90.7344,15.8556],[-90.7341,15.8561],[-90.7339,15.8564],[-90.7336,15.8571],[-90.7335,15.8573],[-90.7334,15.8575],[-90.7331,15.8577],[-90.7325,15.8579],[-90.7322,15.858],[-90.7321,15.8582],[-90.7319,15.8585],[-90.7313,15.8591],[-90.7308,15.86],[-90.7304,15.8607],[-90.7302,15.8614],[-90.7302,15.8618],[-90.7302,15.8625],[-90.7302,15.8629],[-90.7302,15.863],[-90.7303,15.8634],[-90.7304,15.8638],[-90.7306,15.8642],[-90.7308,15.8645],[-90.731,15.865],[-90.7314,15.8654],[-90.7318,15.8658],[-90.7322,15.866],[-90.7325,15.8662],[-90.7329,15.8665],[-90.7333,15.8666],[-90.734,15.8666],[-90.7345,15.8665],[-90.7347,15.8664],[-90.7352,15.8664],[-90.7356,15.8665],[-90.7358,15.8666],[-90.7359,15.867],[-90.7361,15.8673],[-90.7363,15.8674],[-90.7366,15.8675],[-90.7368,15.8677],[-90.7371,15.8678],[-90.7373,15.868],[-90.7376,15.8682],[-90.7378,15.8683],[-90.7382,15.8684],[-90.7385,15.8684],[-90.7388,15.8685],[-90.7389,15.8687],[-90.739,15.8689],[-90.739,15.8694],[-90.7389,15.8699],[-90.7388,15.8704],[-90.7386,15.8709],[-90.7385,15.8713],[-90.7385,15.8717],[-90.7384,15.8721],[-90.7383,15.8722],[-90.7381,15.8724],[-90.7379,15.8724],[-90.7376,15.8723],[-90.7372,15.8721],[-90.7369,15.8721],[-90.7365,15.8721],[-90.7359,15.8722],[-90.7356,15.8725],[-90.7354,15.873],[-90.7351,15.874],[-90.735,15.8748],[-90.735,15.8755],[-90.7353,15.8763],[-90.7355,15.8768],[-90.7358,15.8771],[-90.7361,15.8776],[-90.7363,15.878],[-90.7365,15.8785],[-90.7365,15.8785],[-90.7368,15.879],[-90.7371,15.8798],[-90.7372,15.8807],[-90.7372,15.881],[-90.7375,15.8819],[-90.7387,15.8831],[-90.7399,15.8842],[-90.7408,15.8847],[-90.7423,15.8854],[-90.7436,15.8858],[-90.7448,15.8861],[-90.7464,15.8859],[-90.7473,15.8855],[-90.7482,15.8851],[-90.7493,15.8846],[-90.7508,15.8838],[-90.7518,15.8834],[-90.7529,15.8832],[-90.754,15.8829],[-90.7549,15.8829],[-90.756,15.8831],[-90.7573,15.8835],[-90.7584,15.8841],[-90.7585,15.8842],[-90.7592,15.8851],[-90.7597,15.8863],[-90.7599,15.8873],[-90.7599,15.8883],[-90.7597,15.8894],[-90.7592,15.8909],[-90.7588,15.8919],[-90.7585,15.8924],[-90.7581,15.8927],[-90.7575,15.8935],[-90.7564,15.8958],[-90.7561,15.8964],[-90.7556,15.8977],[-90.7553,15.8984],[-90.7549,15.899],[-90.7542,15.9008],[-90.7529,15.9032],[-90.7524,15.9045],[-90.7521,15.9055],[-90.7518,15.9065],[-90.7517,15.9079],[-90.7517,15.9081],[-90.7517,15.9091],[-90.7518,15.9111],[-90.7521,15.9124],[-90.7524,15.9133],[-90.7526,15.9138],[-90.7528,15.9145],[-90.7531,15.9162],[-90.7531,15.9168],[-90.7528,15.9173],[-90.7524,15.918],[-90.7517,15.9189],[-90.7511,15.9197],[-90.7507,15.9203],[-90.7505,15.9209],[-90.7502,15.9215],[-90.7495,15.9221],[-90.7485,15.9228],[-90.7476,15.9235],[-90.7468,15.9242],[-90.746,15.9248],[-90.7453,15.925],[-90.7444,15.9253],[-90.7436,15.9256],[-90.7426,15.9261],[-90.7418,15.9266],[-90.7409,15.9273],[-90.7401,15.928],[-90.739,15.9287],[-90.7382,15.9296],[-90.7379,15.9305],[-90.7376,15.9313],[-90.7375,15.9321],[-90.7377,15.9327],[-90.7379,15.9333],[-90.7381,15.9339],[-90.7382,15.9347],[-90.7382,15.9352],[-90.738,15.9361],[-90.7378,15.9368],[-90.7376,15.9376],[-90.7373,15.9389],[-90.7371,15.9396],[-90.7365,15.9407],[-90.7358,15.9418],[-90.7352,15.9425],[-90.7349,15.9429],[-90.7345,15.9434],[-90.7339,15.9441],[-90.7336,15.9448],[-90.7333,15.9454],[-90.733,15.9464],[-90.7333,15.9471],[-90.7335,15.9476],[-90.734,15.9481],[-90.7345,15.9485],[-90.7353,15.9489],[-90.7358,15.9491],[-90.7366,15.9494],[-90.7376,15.9494],[-90.738,15.9491],[-90.7383,15.9486],[-90.7386,15.9481],[-90.7388,15.9476],[-90.7393,15.9472],[-90.74,15.9468],[-90.7406,15.9465],[-90.7413,15.9462],[-90.7421,15.9457],[-90.7429,15.9452],[-90.7432,15.9446],[-90.7437,15.9438],[-90.7438,15.9437],[-90.7442,15.9434],[-90.7444,15.9434],[-90.745,15.9432],[-90.7454,15.9432],[-90.7459,15.9433],[-90.7464,15.9438],[-90.7469,15.9442],[-90.7473,15.9445],[-90.7478,15.9448],[-90.7481,15.9452],[-90.7483,15.9455],[-90.7487,15.9463],[-90.749,15.9469],[-90.7493,15.9475],[-90.7497,15.9482],[-90.7502,15.9492],[-90.7507,15.9504],[-90.7509,15.951],[-90.7511,15.9517],[-90.7516,15.9528],[-90.7522,15.9542],[-90.7529,15.9552],[-90.7537,15.9559],[-90.7548,15.9568],[-90.7561,15.9574],[-90.7577,15.9579],[-90.7587,15.9583],[-90.7589,15.9584],[-90.7597,15.959],[-90.7604,15.9597],[-90.761,15.9605],[-90.7613,15.961],[-90.7613,15.9619],[-90.7611,15.9627],[-90.7607,15.9633],[-90.7601,15.9639],[-90.7596,15.9644],[-90.7589,15.965],[-90.7581,15.9652],[-90.7573,15.9654],[-90.7564,15.9655],[-90.7553,15.9658],[-90.7544,15.9662],[-90.7533,15.9668],[-90.7528,15.9672],[-90.7522,15.9677],[-90.7512,15.9682],[-90.7508,15.9685],[-90.7502,15.9687],[-90.7497,15.9689],[-90.749,15.969],[-90.7486,15.9691],[-90.748,15.969],[-90.7477,15.9688],[-90.7474,15.9684],[-90.7471,15.968],[-90.7466,15.9675],[-90.746,15.9672],[-90.7451,15.9669],[-90.7441,15.9668],[-90.7431,15.9667],[-90.7421,15.9668],[-90.7409,15.9672],[-90.74,15.9676],[-90.7395,15.968],[-90.7382,15.9686],[-90.7374,15.9692],[-90.7369,15.9702],[-90.7364,15.9713],[-90.7361,15.9727],[-90.7359,15.9736],[-90.7359,15.9737],[-90.7361,15.9748],[-90.7365,15.9756],[-90.7369,15.9765],[-90.7369,15.9765],[-90.7373,15.9774],[-90.7376,15.9782],[-90.7378,15.979],[-90.7378,15.9798],[-90.7378,15.9805],[-90.7375,15.9814],[-90.7372,15.9821],[-90.7368,15.9826],[-90.7361,15.9831],[-90.735,15.9838],[-90.7341,15.9841],[-90.7332,15.9843],[-90.7318,15.9844],[-90.7304,15.9844],[-90.7293,15.9843],[-90.7283,15.9841],[-90.7273,15.9838],[-90.7262,15.9832],[-90.725,15.9827],[-90.7241,15.9819],[-90.7235,15.9813],[-90.7228,15.9809],[-90.7218,15.9803],[-90.721,15.9797],[-90.7201,15.9791],[-90.7191,15.9787],[-90.7179,15.9782],[-90.7167,15.9779],[-90.7157,15.9777],[-90.7146,15.9774],[-90.7136,15.9769],[-90.7126,15.9762],[-90.7121,15.9753],[-90.7116,15.9745],[-90.7109,15.974],[-90.7103,15.9734],[-90.7096,15.9731],[-90.7091,15.973],[-90.708,15.9728],[-90.7066,15.9729],[-90.705,15.9733],[-90.704,15.9737],[-90.7031,15.9745],[-90.7025,15.9753],[-90.702,15.9767],[-90.7019,15.9775],[-90.7018,15.9779],[-90.7016,15.979],[-90.7017,15.9811],[-90.7017,15.9822],[-90.7023,15.9833],[-90.7031,15.9842],[-90.704,15.9849],[-90.7049,15.9859],[-90.7058,15.9867],[-90.707,15.9883],[-90.7075,15.9892],[-90.7079,15.9903],[-90.708,15.9904],[-90.7083,15.9915],[-90.7087,15.9926],[-90.7087,15.994],[-90.7085,15.9954],[-90.7084,15.9954],[-90.708,15.9962],[-90.7073,15.9972],[-90.7062,15.9979],[-90.7047,15.9984],[-90.7032,15.9988],[-90.702,15.9987],[-90.6972,15.9966],[-90.6966,15.9964],[-90.6957,15.9965],[-90.6953,15.9967],[-90.6951,15.9971],[-90.695,15.9975],[-90.695,15.9978],[-90.6951,15.9986],[-90.6951,15.9993],[-90.6951,15.9999],[-90.6952,16.0009],[-90.6951,16.002],[-90.6948,16.003],[-90.6945,16.004],[-90.6943,16.0051],[-90.6943,16.0062],[-90.6945,16.0069],[-90.6948,16.0077],[-90.6952,16.0082],[-90.6958,16.0087],[-90.6963,16.0091],[-90.6972,16.0096],[-90.6979,16.0102],[-90.6986,16.0109],[-90.6992,16.0116],[-90.6996,16.0121],[-90.7007,16.0137],[-90.7013,16.0151],[-90.7016,16.0158],[-90.7018,16.0166],[-90.7019,16.0171],[-90.702,16.0175],[-90.702,16.0181],[-90.702,16.0187],[-90.7019,16.0193],[-90.7016,16.0198],[-90.7014,16.0202],[-90.7011,16.0205],[-90.7009,16.0205],[-90.7005,16.0204],[-90.6999,16.0201],[-90.6994,16.0196],[-90.699,16.019],[-90.6983,16.0183],[-90.6979,16.0179],[-90.6976,16.0177],[-90.6964,16.0173],[-90.6953,16.017],[-90.6939,16.017],[-90.6925,16.0174],[-90.6921,16.0176],[-90.6912,16.0182],[-90.6911,16.0183],[-90.6902,16.0191],[-90.6892,16.0196],[-90.688,16.0201],[-90.686,16.0207],[-90.6852,16.021],[-90.6842,16.0213],[-90.6836,16.0215],[-90.6824,16.0221],[-90.6819,16.0224],[-90.6817,16.0226],[-90.6814,16.023],[-90.681,16.0234],[-90.681,16.0238],[-90.681,16.024],[-90.681,16.0242],[-90.6809,16.0245],[-90.6809,16.0248],[-90.681,16.0251],[-90.681,16.0254],[-90.6809,16.0255],[-90.6806,16.0255],[-90.6802,16.0256],[-90.6797,16.0256],[-90.6792,16.0257],[-90.6788,16.0258],[-90.6783,16.026],[-90.678,16.0261],[-90.6777,16.0263],[-90.6777,16.0263],[-90.6774,16.0266],[-90.6772,16.027],[-90.6769,16.0273],[-90.6767,16.0275],[-90.6764,16.0276],[-90.6759,16.0278],[-90.6756,16.0279],[-90.6755,16.028],[-90.6751,16.0282],[-90.6748,16.0283],[-90.6738,16.029],[-90.6732,16.0296],[-90.6728,16.0303],[-90.6725,16.0313],[-90.6723,16.0322],[-90.6722,16.0323],[-90.672,16.0333],[-90.6718,16.0343],[-90.6716,16.0351],[-90.6715,16.0352],[-90.6715,16.0353],[-90.6713,16.0359],[-90.6708,16.0368],[-90.6707,16.0371],[-90.6705,16.0373],[-90.6702,16.038],[-90.6698,16.0385],[-90.6695,16.039],[-90.6691,16.0393],[-90.6686,16.0394],[-90.6679,16.0395],[-90.6666,16.0391],[-90.665,16.0385],[-90.6639,16.038],[-90.6629,16.0376],[-90.6622,16.0374],[-90.6616,16.0369],[-90.6611,16.0361],[-90.6603,16.0356],[-90.6602,16.0356],[-90.6588,16.0351],[-90.6582,16.0353],[-90.6575,16.0358],[-90.6572,16.0365],[-90.6569,16.0376],[-90.6569,16.0376],[-90.6568,16.0382],[-90.6564,16.0391],[-90.6561,16.0399],[-90.6555,16.0407],[-90.6549,16.0412],[-90.6543,16.0415],[-90.6534,16.0417],[-90.6528,16.0418],[-90.6522,16.0415],[-90.6519,16.0409],[-90.6518,16.0403],[-90.6518,16.0402],[-90.6518,16.0399],[-90.6515,16.039],[-90.6514,16.0388],[-90.6513,16.0384],[-90.6507,16.0377],[-90.6499,16.0373],[-90.6485,16.0366],[-90.6482,16.0365],[-90.648,16.0364],[-90.6479,16.0364],[-90.647,16.0363],[-90.6462,16.0363],[-90.6448,16.0364],[-90.6436,16.0367],[-90.6422,16.0376],[-90.6413,16.0381],[-90.6398,16.0389],[-90.6386,16.0394],[-90.6369,16.0401],[-90.6353,16.0403],[-90.6341,16.0399],[-90.6335,16.0394],[-90.633,16.0389],[-90.6328,16.0386],[-90.6324,16.0381],[-90.632,16.0373],[-90.6314,16.0364],[-90.6309,16.0355],[-90.6302,16.0345],[-90.6296,16.0338],[-90.6288,16.0332],[-90.6273,16.0325],[-90.627,16.0323],[-90.6265,16.0317],[-90.6249,16.0305],[-90.6233,16.0293],[-90.6222,16.0287],[-90.6217,16.0276],[-90.6211,16.0267],[-90.6208,16.0263],[-90.6201,16.0256],[-90.6192,16.0248],[-90.6181,16.0239],[-90.6165,16.0235],[-90.6165,16.0235],[-90.6153,16.0235],[-90.6144,16.0236],[-90.6133,16.0243],[-90.6129,16.0249],[-90.6123,16.0258],[-90.6116,16.0273],[-90.6101,16.029],[-90.6098,16.0295],[-90.6087,16.0309],[-90.6082,16.0315],[-90.6073,16.0322],[-90.6063,16.0329],[-90.6054,16.0336],[-90.6048,16.0343],[-90.6037,16.0355],[-90.6021,16.0365],[-90.601,16.0368],[-90.5995,16.0369],[-90.5981,16.0365],[-90.5973,16.0362],[-90.5965,16.0347],[-90.5962,16.0341],[-90.5962,16.033],[-90.5963,16.0327],[-90.5965,16.0322],[-90.5969,16.0314],[-90.5973,16.0307],[-90.5978,16.0298],[-90.5979,16.0291],[-90.5976,16.0282],[-90.5971,16.0275],[-90.5963,16.0263],[-90.5957,16.025],[-90.5953,16.0236],[-90.5953,16.0221],[-90.5952,16.0213],[-90.5953,16.0202],[-90.5956,16.0194],[-90.5961,16.0185],[-90.5962,16.0184],[-90.5966,16.0179],[-90.5975,16.0175],[-90.5985,16.0173],[-90.5996,16.0173],[-90.6007,16.0175],[-90.6019,16.0178],[-90.602,16.0179],[-90.6028,16.0183],[-90.6038,16.0188],[-90.6047,16.0193],[-90.6057,16.0196],[-90.6066,16.0196],[-90.6079,16.0193],[-90.6092,16.0188],[-90.6103,16.0181],[-90.6114,16.0177],[-90.6118,16.0173],[-90.6122,16.0166],[-90.6122,16.016],[-90.6121,16.0151],[-90.612,16.0144],[-90.6119,16.0136],[-90.6108,16.0126],[-90.6103,16.0119],[-90.6092,16.0113],[-90.6081,16.0108],[-90.6075,16.0108],[-90.6052,16.0108],[-90.6039,16.011],[-90.6038,16.011],[-90.6019,16.0114],[-90.5998,16.012],[-90.5983,16.0124],[-90.5968,16.0128],[-90.5953,16.0134],[-90.5949,16.0136],[-90.5933,16.0142],[-90.5919,16.0147],[-90.5908,16.0149],[-90.5893,16.0148],[-90.5884,16.0146],[-90.5872,16.0144],[-90.5861,16.0143],[-90.5849,16.014],[-90.5841,16.0136],[-90.5835,16.0127],[-90.5832,16.0119],[-90.5829,16.011],[-90.5823,16.01],[-90.5817,16.0092],[-90.5808,16.0085],[-90.5801,16.0083],[-90.5791,16.0081],[-90.578,16.0078],[-90.5774,16.0076],[-90.5764,16.007],[-90.5759,16.0064],[-90.5755,16.0056],[-90.5752,16.0046],[-90.5749,16.0034],[-90.5749,16.0025],[-90.575,16.0017],[-90.5753,16.0006],[-90.5756,15.9998],[-90.576,15.9988],[-90.5766,15.9978],[-90.5767,15.997],[-90.5764,15.9961],[-90.5759,15.9957],[-90.5756,15.9956],[-90.575,15.9956],[-90.5743,15.9956],[-90.5734,15.9956],[-90.5724,15.9957],[-90.5715,15.9956],[-90.5713,15.9956],[-90.5705,15.9954],[-90.5698,15.9952],[-90.5692,15.9953],[-90.5683,15.9956],[-90.5676,15.9958],[-90.5668,15.9962],[-90.5663,15.9968],[-90.5659,15.9974],[-90.5656,15.998],[-90.5655,15.9983],[-90.5654,15.9989],[-90.5653,15.9997],[-90.565,16.0006],[-90.5645,16.0015],[-90.5637,16.0019],[-90.5629,16.0025],[-90.5618,16.0027],[-90.5606,16.0026],[-90.5597,16.0021],[-90.5595,16.0006],[-90.5592,16],[-90.559,15.999],[-90.559,15.9979],[-90.5593,15.9968],[-90.5595,15.9959],[-90.5594,15.9954],[-90.5592,15.9946],[-90.5589,15.9939],[-90.5583,15.9936],[-90.5582,15.9935],[-90.5573,15.9935],[-90.5565,15.994],[-90.5558,15.9946],[-90.5552,15.9954],[-90.5549,15.9961],[-90.5548,15.9963],[-90.5547,15.9968],[-90.5545,15.9975],[-90.5542,15.9982],[-90.5541,15.9991],[-90.554,15.9998],[-90.554,16.0004],[-90.5539,16.0012],[-90.5535,16.002],[-90.5529,16.0026],[-90.5525,16.0027],[-90.5521,16.0029],[-90.5511,16.0031],[-90.5498,16.0034],[-90.5485,16.0035],[-90.5474,16.0035],[-90.5469,16.0034],[-90.5463,16.0033],[-90.5456,16.0028],[-90.5452,16.0021],[-90.5449,16.0012],[-90.5446,16.0005],[-90.5445,16.0003],[-90.5443,15.9994],[-90.5441,15.9985],[-90.5438,15.9975],[-90.5437,15.997],[-90.5437,15.9969],[-90.5433,15.9963],[-90.5429,15.9956],[-90.5424,15.9954],[-90.5419,15.9953],[-90.5412,15.9952],[-90.5405,15.9956],[-90.5403,15.9957],[-90.5402,15.996],[-90.5397,15.9972],[-90.5397,15.9979],[-90.5397,15.9984],[-90.5398,15.9994],[-90.5402,16.0002],[-90.5401,16.0014],[-90.5397,16.0021],[-90.5388,16.0033],[-90.5379,16.0041],[-90.5363,16.0045],[-90.5352,16.0047],[-90.534,16.0046],[-90.5329,16.0044],[-90.5322,16.0042],[-90.531,16.0037],[-90.5303,16.0033],[-90.5296,16.0026],[-90.5289,16.0016],[-90.5279,16.0008],[-90.5271,16.0004],[-90.5261,16.0002],[-90.5259,16.0002],[-90.5247,16.0005],[-90.5237,16.0009],[-90.5226,16.0014],[-90.5217,16.0019],[-90.5214,16.0019],[-90.5203,16.0023],[-90.519,16.002],[-90.5182,16.0019],[-90.5176,16.0014],[-90.5173,16.0008],[-90.5176,15.9993],[-90.5188,15.998],[-90.5196,15.9975],[-90.5196,15.9974],[-90.5203,15.9966],[-90.5213,15.9958],[-90.5222,15.9951],[-90.5231,15.9938],[-90.5237,15.993],[-90.524,15.9922],[-90.5243,15.9914],[-90.5238,15.9904],[-90.5234,15.9902],[-90.5228,15.9899],[-90.522,15.99],[-90.5213,15.9903],[-90.5207,15.9908],[-90.5199,15.9916],[-90.5192,15.9925],[-90.5185,15.9932],[-90.5175,15.9937],[-90.5162,15.9941],[-90.515,15.9943],[-90.5139,15.9942],[-90.5128,15.9937],[-90.5116,15.9932],[-90.5105,15.9929],[-90.5091,15.9927],[-90.5082,15.993],[-90.5076,15.9932],[-90.5074,15.9933],[-90.5067,15.994],[-90.5063,15.9951],[-90.5062,15.9957],[-90.5061,15.9963],[-90.5063,15.9971],[-90.5061,15.9982],[-90.5057,15.9993],[-90.5051,16.0006],[-90.5041,16.0011],[-90.503,16.0014],[-90.5016,16.0011],[-90.5008,16.0008],[-90.5003,16.0001],[-90.4998,15.9992],[-90.4994,15.9983],[-90.499,15.9972],[-90.4989,15.9961],[-90.4989,15.9948],[-90.4992,15.9936],[-90.4988,15.9917],[-90.4992,15.9911],[-90.5002,15.991],[-90.5007,15.991],[-90.5014,15.991],[-90.5017,15.9911],[-90.5029,15.9908],[-90.5038,15.9902],[-90.5047,15.9894],[-90.5054,15.9886],[-90.5064,15.9875],[-90.5077,15.9869],[-90.5092,15.986],[-90.5099,15.9858],[-90.5108,15.9856],[-90.5117,15.9854],[-90.513,15.9847],[-90.5137,15.9842],[-90.5139,15.9838],[-90.514,15.9834],[-90.514,15.9831],[-90.5138,15.9828],[-90.5137,15.9827],[-90.5131,15.9826],[-90.5131,15.9826],[-90.5126,15.9825],[-90.5122,15.9825],[-90.5117,15.9826],[-90.5112,15.9827],[-90.5104,15.9829],[-90.509,15.9836],[-90.5083,15.9838],[-90.5076,15.9838],[-90.5067,15.9838],[-90.5061,15.9839],[-90.5056,15.9842],[-90.5053,15.9846],[-90.505,15.9851],[-90.5043,15.9857],[-90.5037,15.9862],[-90.5032,15.9866],[-90.5023,15.987],[-90.5015,15.9873],[-90.5006,15.9876],[-90.4993,15.9882],[-90.4987,15.9883],[-90.4981,15.9898],[-90.4976,15.9912],[-90.4964,15.9971],[-90.4951,16.0003],[-90.4924,16.004],[-90.4916,16.0052],[-90.4913,16.0058],[-90.491,16.0068],[-90.491,16.0096],[-90.4909,16.0099],[-90.4907,16.0124],[-90.4896,16.0143],[-90.4876,16.016],[-90.4838,16.0176],[-90.4824,16.0179],[-90.4797,16.018],[-90.4773,16.0169],[-90.4755,16.0159],[-90.475,16.0152],[-90.4746,16.0141],[-90.4745,16.0122],[-90.4745,16.0073],[-90.4743,16.0065],[-90.4741,16.0053],[-90.4731,16.0044],[-90.4722,16.0036],[-90.4713,16.0035],[-90.47,16.0038],[-90.4672,16.0043],[-90.4651,16.0057],[-90.4626,16.0081],[-90.4623,16.0084],[-90.4608,16.0102],[-90.4593,16.0129],[-90.4591,16.0135],[-90.4588,16.0147],[-90.457,16.0164],[-90.456,16.0169],[-90.455,16.017],[-90.4544,16.0169],[-90.4531,16.0158],[-90.4521,16.015],[-90.452,16.015],[-90.4505,16.0144],[-90.4482,16.0143],[-90.4466,16.0148],[-90.4457,16.0152],[-90.445,16.0158],[-90.4444,16.0165],[-90.4438,16.0175],[-90.4433,16.0182],[-90.4421,16.0198],[-90.4417,16.0203],[-90.4403,16.0222],[-90.4403,16.0241],[-90.4405,16.0277],[-90.4403,16.029],[-90.4402,16.03],[-90.4394,16.0303],[-90.4385,16.0306],[-90.4368,16.0306],[-90.435,16.0306],[-90.4331,16.0298],[-90.4314,16.0287],[-90.4297,16.0273],[-90.4284,16.0254],[-90.4275,16.0241],[-90.427,16.023],[-90.4263,16.0224],[-90.4253,16.022],[-90.4253,16.022],[-90.4246,16.022],[-90.4239,16.0223],[-90.4236,16.0228],[-90.4235,16.0235],[-90.4239,16.0243],[-90.4239,16.025],[-90.4236,16.0259],[-90.4236,16.0276],[-90.4237,16.0293],[-90.4244,16.0322],[-90.4251,16.0348],[-90.4265,16.0372],[-90.4279,16.039],[-90.4292,16.0401],[-90.4321,16.0411],[-90.4346,16.0416],[-90.4373,16.0418],[-90.4404,16.041],[-90.4413,16.0416],[-90.4423,16.0431],[-90.4423,16.0434],[-90.4425,16.0444],[-90.4422,16.0458],[-90.4412,16.0464],[-90.4405,16.0464],[-90.4396,16.0458],[-90.4381,16.0444],[-90.4367,16.044],[-90.4351,16.0438],[-90.4342,16.0441],[-90.4337,16.0442],[-90.4321,16.0456],[-90.4302,16.048],[-90.4291,16.05],[-90.429,16.0517],[-90.4287,16.0541],[-90.4285,16.0552],[-90.4279,16.0562],[-90.4263,16.0579],[-90.4225,16.0615],[-90.4194,16.063],[-90.4189,16.0636],[-90.4184,16.0643],[-90.4179,16.0654],[-90.418,16.0669],[-90.4186,16.0682],[-90.4198,16.0694],[-90.4209,16.0697],[-90.4232,16.07],[-90.4243,16.0698],[-90.4266,16.0691],[-90.428,16.0679],[-90.4294,16.0662],[-90.4309,16.0636],[-90.432,16.0626],[-90.4332,16.0622],[-90.4351,16.0622],[-90.4362,16.0628],[-90.4381,16.0646],[-90.4411,16.0701],[-90.4419,16.0728],[-90.4422,16.074]]]}},{"type":"Feature","properties":{"name":"Chiquimula","id":"GT-CQ"},"geometry":{"type":"Polygon","coordinates":[[[-89.7204,14.7509],[-89.7203,14.7508],[-89.7076,14.7485],[-89.6876,14.7483],[-89.6839,14.7531],[-89.6802,14.7571],[-89.6703,14.7572],[-89.6612,14.7549],[-89.6609,14.7534],[-89.6596,14.7476],[-89.6556,14.7428],[-89.6575,14.7384],[-89.6595,14.7289],[-89.6599,14.7222],[-89.6607,14.717],[-89.6615,14.711],[-89.6612,14.705],[-89.6555,14.7044],[-89.6483,14.706],[-89.6488,14.702],[-89.6499,14.6843],[-89.6506,14.6742],[-89.6508,14.6612],[-89.6509,14.6569],[-89.6558,14.6494],[-89.66,14.6436],[-89.6592,14.638],[-89.6641,14.6298],[-89.6634,14.6243],[-89.6617,14.6182],[-89.6724,14.5979],[-89.6797,14.5841],[-89.6939,14.5572],[-89.694,14.5571],[-89.694,14.5571],[-89.682,14.5436],[-89.6793,14.5432],[-89.6817,14.5307],[-89.6396,14.5633],[-89.6149,14.5514],[-89.6198,14.5114],[-89.5642,14.5129],[-89.5452,14.5134],[-89.5372,14.5136],[-89.5187,14.5142],[-89.5073,14.5095],[-89.5075,14.5094],[-89.5076,14.5093],[-89.5077,14.5092],[-89.5077,14.509],[-89.5075,14.5086],[-89.5073,14.5082],[-89.5068,14.5081],[-89.5066,14.5081],[-89.5064,14.5083],[-89.506,14.5084],[-89.5057,14.5082],[-89.5057,14.5079],[-89.5057,14.5078],[-89.5058,14.5073],[-89.5057,14.507],[-89.5056,14.5067],[-89.5056,14.5064],[-89.5055,14.506],[-89.5055,14.5056],[-89.5056,14.5052],[-89.5057,14.5051],[-89.506,14.505],[-89.5062,14.5052],[-89.5064,14.5056],[-89.5066,14.5057],[-89.5068,14.5058],[-89.5071,14.5057],[-89.5076,14.5054],[-89.5078,14.5052],[-89.5078,14.505],[-89.5075,14.5047],[-89.507,14.5039],[-89.5066,14.5033],[-89.5063,14.503],[-89.506,14.5026],[-89.5057,14.5024],[-89.5053,14.5025],[-89.5052,14.5029],[-89.5054,14.5032],[-89.5054,14.5035],[-89.5053,14.5037],[-89.5051,14.5038],[-89.5049,14.5039],[-89.5045,14.504],[-89.504,14.504],[-89.5038,14.5039],[-89.5036,14.5036],[-89.5033,14.503],[-89.5032,14.5029],[-89.503,14.5025],[-89.5031,14.5022],[-89.5034,14.5021],[-89.5037,14.502],[-89.504,14.5018],[-89.5042,14.5015],[-89.5044,14.5013],[-89.5047,14.5012],[-89.505,14.5011],[-89.5051,14.5008],[-89.5052,14.5005],[-89.5053,14.5001],[-89.5051,14.4995],[-89.5051,14.499],[-89.5048,14.4981],[-89.5051,14.4976],[-89.5054,14.4973],[-89.5057,14.4971],[-89.5063,14.497],[-89.5068,14.497],[-89.5072,14.4971],[-89.5075,14.4971],[-89.5078,14.497],[-89.5081,14.4969],[-89.5086,14.4968],[-89.5089,14.4967],[-89.5092,14.4965],[-89.5093,14.4963],[-89.5091,14.4961],[-89.5089,14.4959],[-89.5085,14.4958],[-89.5082,14.4957],[-89.5079,14.4956],[-89.5077,14.4956],[-89.5073,14.4954],[-89.5072,14.4952],[-89.5072,14.4951],[-89.5073,14.4947],[-89.5078,14.4943],[-89.5083,14.4941],[-89.5088,14.4939],[-89.509,14.4936],[-89.5091,14.4932],[-89.5091,14.4929],[-89.5091,14.4928],[-89.5091,14.4926],[-89.5091,14.4923],[-89.5094,14.4919],[-89.5097,14.4917],[-89.5098,14.4916],[-89.5103,14.4914],[-89.5107,14.491],[-89.5112,14.4902],[-89.5115,14.4901],[-89.512,14.4899],[-89.5122,14.4897],[-89.5124,14.4894],[-89.5126,14.489],[-89.5129,14.4888],[-89.5132,14.4884],[-89.5134,14.4878],[-89.5136,14.4873],[-89.5137,14.4868],[-89.5137,14.4862],[-89.5133,14.4855],[-89.5133,14.4854],[-89.5132,14.4851],[-89.5132,14.4847],[-89.5131,14.4842],[-89.5129,14.4837],[-89.5123,14.4833],[-89.5117,14.4828],[-89.5112,14.4824],[-89.5109,14.4823],[-89.5103,14.4825],[-89.5096,14.4827],[-89.509,14.4825],[-89.5086,14.4821],[-89.5081,14.4817],[-89.5077,14.4814],[-89.5074,14.4813],[-89.5066,14.4812],[-89.5061,14.4808],[-89.5058,14.4804],[-89.5052,14.4802],[-89.5042,14.4794],[-89.5035,14.4784],[-89.5031,14.4775],[-89.5027,14.4772],[-89.5022,14.4769],[-89.5017,14.4768],[-89.5015,14.4769],[-89.5013,14.4772],[-89.5011,14.4775],[-89.5006,14.4777],[-89.5003,14.4775],[-89.4998,14.4769],[-89.4993,14.4762],[-89.4993,14.4757],[-89.4995,14.4749],[-89.4995,14.4742],[-89.4995,14.4741],[-89.4997,14.4727],[-89.4999,14.4722],[-89.5001,14.4717],[-89.5005,14.4716],[-89.5007,14.4717],[-89.5007,14.472],[-89.5009,14.4725],[-89.5011,14.4728],[-89.5015,14.4731],[-89.5021,14.473],[-89.5025,14.473],[-89.5028,14.4733],[-89.5031,14.4732],[-89.5033,14.4728],[-89.5034,14.4725],[-89.5035,14.472],[-89.5037,14.471],[-89.5037,14.47],[-89.5036,14.4693],[-89.5033,14.4688],[-89.503,14.4686],[-89.5026,14.4687],[-89.5023,14.4689],[-89.5021,14.4692],[-89.5019,14.4695],[-89.5015,14.4699],[-89.5011,14.47],[-89.5002,14.4697],[-89.4997,14.4692],[-89.4994,14.4687],[-89.4995,14.4683],[-89.4996,14.4682],[-89.4999,14.468],[-89.5004,14.4681],[-89.5008,14.468],[-89.5012,14.4677],[-89.5013,14.4674],[-89.5013,14.4672],[-89.5012,14.4668],[-89.501,14.4667],[-89.5002,14.4665],[-89.5001,14.4665],[-89.4992,14.4663],[-89.4988,14.4661],[-89.4985,14.4659],[-89.4985,14.4656],[-89.4987,14.4653],[-89.4991,14.4651],[-89.4996,14.4648],[-89.4996,14.4645],[-89.4996,14.4644],[-89.4995,14.4638],[-89.4996,14.4629],[-89.4999,14.4622],[-89.5004,14.4612],[-89.5009,14.4607],[-89.5012,14.4605],[-89.5013,14.4602],[-89.5014,14.4595],[-89.5017,14.459],[-89.5021,14.4584],[-89.5024,14.458],[-89.5027,14.4574],[-89.5029,14.4568],[-89.503,14.4563],[-89.503,14.4558],[-89.5031,14.4552],[-89.5033,14.4547],[-89.5034,14.4542],[-89.5034,14.4537],[-89.5032,14.4533],[-89.5029,14.4529],[-89.5028,14.4528],[-89.5024,14.4526],[-89.5017,14.4525],[-89.5012,14.4524],[-89.501,14.4521],[-89.5013,14.4516],[-89.5017,14.4513],[-89.5018,14.4511],[-89.5019,14.451],[-89.5017,14.4504],[-89.5016,14.4497],[-89.5016,14.449],[-89.5015,14.4484],[-89.5015,14.4479],[-89.5018,14.4475],[-89.502,14.4472],[-89.502,14.4465],[-89.5021,14.446],[-89.5022,14.4456],[-89.5032,14.444],[-89.5036,14.4434],[-89.5043,14.442],[-89.5052,14.4407],[-89.5057,14.44],[-89.5062,14.4396],[-89.5068,14.4393],[-89.5073,14.4393],[-89.5077,14.4392],[-89.508,14.439],[-89.5086,14.4388],[-89.509,14.4388],[-89.5093,14.4386],[-89.5095,14.4384],[-89.5098,14.4381],[-89.5102,14.4381],[-89.5105,14.4379],[-89.511,14.4376],[-89.5115,14.4376],[-89.5118,14.4374],[-89.512,14.4371],[-89.5123,14.4368],[-89.5128,14.4364],[-89.5135,14.4362],[-89.5139,14.4358],[-89.5148,14.4352],[-89.5153,14.4348],[-89.5163,14.4342],[-89.517,14.4337],[-89.518,14.433],[-89.5187,14.4326],[-89.5192,14.4324],[-89.5196,14.4322],[-89.5197,14.4317],[-89.5196,14.4313],[-89.5198,14.4308],[-89.5201,14.4303],[-89.5209,14.4294],[-89.5218,14.4284],[-89.522,14.4281],[-89.522,14.4278],[-89.5219,14.4275],[-89.5217,14.4271],[-89.5215,14.4267],[-89.5212,14.4265],[-89.521,14.4264],[-89.5207,14.4259],[-89.5202,14.4255],[-89.5198,14.425],[-89.5195,14.4244],[-89.5193,14.4239],[-89.5192,14.4234],[-89.5194,14.4232],[-89.5194,14.4232],[-89.5198,14.423],[-89.5199,14.4227],[-89.52,14.4221],[-89.5202,14.4213],[-89.5202,14.4206],[-89.5201,14.4202],[-89.5199,14.4199],[-89.5197,14.4197],[-89.5196,14.4197],[-89.5192,14.4195],[-89.5188,14.4195],[-89.5183,14.4198],[-89.5181,14.42],[-89.5181,14.4204],[-89.5182,14.4209],[-89.5181,14.4212],[-89.518,14.4214],[-89.5176,14.4214],[-89.5171,14.4215],[-89.5167,14.4213],[-89.5165,14.4212],[-89.5165,14.4208],[-89.5167,14.4204],[-89.5168,14.42],[-89.5167,14.4194],[-89.5165,14.4191],[-89.5161,14.4188],[-89.5157,14.4185],[-89.5155,14.4183],[-89.515,14.418],[-89.5146,14.4179],[-89.514,14.4179],[-89.5132,14.4178],[-89.5127,14.4177],[-89.5126,14.4173],[-89.5124,14.4168],[-89.5124,14.4161],[-89.5125,14.4157],[-89.5126,14.4152],[-89.5126,14.4151],[-89.5128,14.4146],[-89.5129,14.4136],[-89.5128,14.4132],[-89.5127,14.4127],[-89.5127,14.4122],[-89.5128,14.4116],[-89.513,14.411],[-89.5132,14.4104],[-89.5132,14.41],[-89.5131,14.4096],[-89.513,14.4091],[-89.5128,14.4089],[-89.5124,14.4087],[-89.5123,14.4087],[-89.5117,14.4085],[-89.5113,14.4082],[-89.5111,14.4078],[-89.5108,14.4074],[-89.5105,14.4067],[-89.5103,14.4075],[-89.5101,14.4081],[-89.5099,14.4086],[-89.5098,14.4088],[-89.5098,14.4091],[-89.5097,14.4094],[-89.5095,14.4096],[-89.5092,14.4098],[-89.509,14.41],[-89.5087,14.4101],[-89.5083,14.4103],[-89.5081,14.4103],[-89.5076,14.4101],[-89.5072,14.41],[-89.5069,14.4099],[-89.5067,14.4099],[-89.5064,14.4099],[-89.506,14.4099],[-89.5057,14.4098],[-89.5054,14.4097],[-89.5052,14.4095],[-89.5049,14.4093],[-89.5046,14.409],[-89.5044,14.4089],[-89.5043,14.4087],[-89.5041,14.4085],[-89.504,14.4083],[-89.504,14.408],[-89.5038,14.4076],[-89.5036,14.4073],[-89.5033,14.4071],[-89.5031,14.4068],[-89.5028,14.4066],[-89.5026,14.4064],[-89.5024,14.4062],[-89.502,14.406],[-89.5018,14.406],[-89.5015,14.4061],[-89.5012,14.4063],[-89.501,14.4065],[-89.501,14.4068],[-89.5008,14.407],[-89.5006,14.4073],[-89.5003,14.4077],[-89.5002,14.4078],[-89.5,14.4082],[-89.4998,14.4085],[-89.4996,14.4088],[-89.4994,14.409],[-89.4991,14.4091],[-89.4989,14.4091],[-89.4987,14.4091],[-89.4985,14.409],[-89.4984,14.4088],[-89.4982,14.4088],[-89.498,14.4088],[-89.4978,14.409],[-89.4976,14.4091],[-89.4974,14.4093],[-89.4971,14.4096],[-89.4968,14.4101],[-89.4967,14.4104],[-89.4965,14.4107],[-89.4964,14.411],[-89.4963,14.4113],[-89.4962,14.4116],[-89.4961,14.412],[-89.496,14.4122],[-89.4958,14.4126],[-89.4956,14.413],[-89.4953,14.4133],[-89.4951,14.4136],[-89.4949,14.4139],[-89.4947,14.4143],[-89.4946,14.4146],[-89.4945,14.4148],[-89.4943,14.4151],[-89.4942,14.4153],[-89.4939,14.4155],[-89.4934,14.4156],[-89.493,14.4157],[-89.4928,14.416],[-89.4925,14.4162],[-89.4924,14.4164],[-89.4922,14.4168],[-89.4919,14.4172],[-89.4917,14.4179],[-89.4915,14.4183],[-89.4914,14.4187],[-89.4915,14.419],[-89.4915,14.4194],[-89.4915,14.4196],[-89.4916,14.4197],[-89.4916,14.4199],[-89.4914,14.42],[-89.491,14.42],[-89.4907,14.4199],[-89.4897,14.4196],[-89.4892,14.4196],[-89.4886,14.4196],[-89.4878,14.4197],[-89.4866,14.42],[-89.4859,14.4201],[-89.4856,14.4201],[-89.4848,14.4202],[-89.4845,14.4203],[-89.4844,14.4207],[-89.4844,14.421],[-89.4843,14.4213],[-89.484,14.4215],[-89.4836,14.4217],[-89.4836,14.4219],[-89.4835,14.422],[-89.4834,14.4221],[-89.4831,14.4221],[-89.4825,14.422],[-89.4822,14.4221],[-89.482,14.4222],[-89.4817,14.4224],[-89.4815,14.4224],[-89.4808,14.4222],[-89.4806,14.4222],[-89.4801,14.4226],[-89.4798,14.4232],[-89.4784,14.4239],[-89.4773,14.4242],[-89.4767,14.4241],[-89.4765,14.4241],[-89.4764,14.4242],[-89.4763,14.4248],[-89.476,14.4257],[-89.4759,14.4266],[-89.4757,14.4269],[-89.4753,14.4269],[-89.475,14.4266],[-89.4747,14.4263],[-89.4745,14.4261],[-89.4738,14.4262],[-89.4733,14.4266],[-89.4728,14.4273],[-89.4721,14.4275],[-89.4722,14.4281],[-89.472,14.4286],[-89.4713,14.4294],[-89.4707,14.4296],[-89.47,14.4294],[-89.4694,14.4289],[-89.4691,14.4285],[-89.4694,14.428],[-89.4693,14.4276],[-89.4689,14.4273],[-89.4677,14.4269],[-89.4662,14.4268],[-89.4653,14.4257],[-89.4644,14.4248],[-89.4639,14.4244],[-89.4628,14.4239],[-89.4608,14.4239],[-89.4598,14.423],[-89.4586,14.4227],[-89.4567,14.4228],[-89.4563,14.4217],[-89.4557,14.4215],[-89.4549,14.4219],[-89.4534,14.4222],[-89.4528,14.4222],[-89.4522,14.422],[-89.4513,14.4219],[-89.4514,14.4214],[-89.4514,14.4207],[-89.4503,14.4206],[-89.4494,14.4207],[-89.4489,14.4206],[-89.4479,14.4204],[-89.447,14.4207],[-89.4464,14.4205],[-89.4461,14.42],[-89.4449,14.4189],[-89.4441,14.4185],[-89.4432,14.4184],[-89.4426,14.4176],[-89.4426,14.4171],[-89.4429,14.4165],[-89.4424,14.4161],[-89.4423,14.4152],[-89.4422,14.4149],[-89.4421,14.4147],[-89.4415,14.4145],[-89.4406,14.4146],[-89.4402,14.4147],[-89.4399,14.4145],[-89.44,14.4141],[-89.4402,14.4137],[-89.4402,14.4134],[-89.4398,14.4131],[-89.4397,14.4126],[-89.4393,14.4122],[-89.4383,14.4124],[-89.438,14.4121],[-89.4377,14.4119],[-89.4374,14.4118],[-89.4371,14.4119],[-89.437,14.4122],[-89.4368,14.4124],[-89.4363,14.4127],[-89.4359,14.4125],[-89.4356,14.4122],[-89.4352,14.4121],[-89.4348,14.4121],[-89.4342,14.4124],[-89.434,14.4126],[-89.4339,14.4132],[-89.4338,14.4137],[-89.4335,14.4141],[-89.4334,14.4144],[-89.4329,14.4146],[-89.4325,14.4146],[-89.4319,14.4144],[-89.4315,14.4147],[-89.4311,14.4152],[-89.4303,14.4149],[-89.43,14.4147],[-89.4295,14.4149],[-89.4289,14.4162],[-89.4283,14.4167],[-89.4275,14.417],[-89.4269,14.4169],[-89.4263,14.4171],[-89.4267,14.4181],[-89.4265,14.4187],[-89.4261,14.4191],[-89.4246,14.4198],[-89.4242,14.42],[-89.4229,14.4201],[-89.4226,14.4209],[-89.4221,14.4214],[-89.4213,14.4213],[-89.4202,14.4207],[-89.4199,14.4209],[-89.4199,14.4217],[-89.4192,14.4227],[-89.418,14.4236],[-89.4174,14.4239],[-89.4166,14.4237],[-89.4157,14.4241],[-89.4154,14.4248],[-89.4153,14.4255],[-89.4156,14.4258],[-89.4155,14.4265],[-89.4148,14.4266],[-89.4143,14.4262],[-89.4133,14.4263],[-89.413,14.4267],[-89.4134,14.4279],[-89.413,14.4287],[-89.4132,14.4297],[-89.413,14.4305],[-89.4123,14.4314],[-89.412,14.4324],[-89.4116,14.4327],[-89.411,14.4327],[-89.4106,14.4328],[-89.4102,14.4329],[-89.4096,14.4325],[-89.409,14.4326],[-89.4085,14.432],[-89.408,14.4316],[-89.4077,14.4315],[-89.4075,14.4317],[-89.4072,14.4319],[-89.4069,14.4328],[-89.4069,14.4334],[-89.4065,14.4336],[-89.4063,14.4349],[-89.4065,14.4355],[-89.4064,14.4361],[-89.4061,14.4363],[-89.4061,14.4366],[-89.4058,14.4367],[-89.4058,14.4372],[-89.4055,14.4377],[-89.4052,14.4381],[-89.4043,14.4411],[-89.4047,14.4416],[-89.4046,14.4424],[-89.4034,14.4433],[-89.4026,14.4448],[-89.4025,14.4465],[-89.4021,14.4469],[-89.4019,14.4471],[-89.4011,14.4471],[-89.4003,14.4473],[-89.3994,14.4471],[-89.3991,14.4467],[-89.3988,14.4466],[-89.3983,14.4466],[-89.3976,14.4469],[-89.3966,14.4476],[-89.3954,14.448],[-89.3949,14.4484],[-89.3945,14.4489],[-89.3943,14.4495],[-89.394,14.4497],[-89.3938,14.4498],[-89.3938,14.45],[-89.3939,14.4503],[-89.3939,14.4505],[-89.3938,14.4508],[-89.3935,14.451],[-89.3932,14.451],[-89.3929,14.451],[-89.3926,14.451],[-89.3924,14.4509],[-89.3919,14.4504],[-89.3915,14.45],[-89.3912,14.45],[-89.3909,14.45],[-89.3908,14.45],[-89.3906,14.45],[-89.3902,14.4496],[-89.39,14.4494],[-89.3897,14.4492],[-89.3894,14.449],[-89.3893,14.4488],[-89.389,14.4487],[-89.388,14.4469],[-89.3878,14.4468],[-89.3876,14.4467],[-89.3875,14.4465],[-89.3874,14.4463],[-89.3873,14.4455],[-89.3872,14.4444],[-89.3871,14.4442],[-89.3872,14.4441],[-89.3871,14.444],[-89.3872,14.4439],[-89.3871,14.4439],[-89.387,14.4439],[-89.387,14.4438],[-89.3869,14.4437],[-89.3869,14.4436],[-89.3867,14.4436],[-89.3867,14.4436],[-89.3865,14.4413],[-89.3865,14.4413],[-89.3852,14.4278],[-89.3851,14.4276],[-89.3849,14.4277],[-89.3848,14.4278],[-89.3847,14.4278],[-89.3846,14.4278],[-89.3846,14.4279],[-89.3845,14.4279],[-89.3845,14.428],[-89.3845,14.428],[-89.3845,14.4281],[-89.3845,14.4282],[-89.3845,14.4284],[-89.3843,14.4285],[-89.3842,14.4287],[-89.3841,14.429],[-89.3838,14.4298],[-89.3824,14.4314],[-89.3823,14.4316],[-89.3822,14.4329],[-89.3817,14.4344],[-89.3805,14.4362],[-89.3801,14.437],[-89.3798,14.4375],[-89.3797,14.4376],[-89.3797,14.4379],[-89.3789,14.4369],[-89.3781,14.4356],[-89.3773,14.4352],[-89.3755,14.4337],[-89.3736,14.4318],[-89.3727,14.4306],[-89.3729,14.4294],[-89.3725,14.4289],[-89.3691,14.428],[-89.3691,14.4279],[-89.3685,14.4279],[-89.3676,14.4275],[-89.367,14.4267],[-89.3652,14.4255],[-89.3642,14.4254],[-89.3616,14.424],[-89.3596,14.4236],[-89.3592,14.4235],[-89.3586,14.4231],[-89.3583,14.423],[-89.358,14.4229],[-89.3572,14.4228],[-89.3567,14.4228],[-89.3567,14.4218],[-89.3567,14.4217],[-89.356,14.4214],[-89.3554,14.4214],[-89.3553,14.4215],[-89.3551,14.4219],[-89.3548,14.4223],[-89.3545,14.4227],[-89.3542,14.4229],[-89.3539,14.4234],[-89.3537,14.4237],[-89.3535,14.424],[-89.3532,14.4244],[-89.3531,14.4247],[-89.3524,14.4254],[-89.3523,14.4258],[-89.3519,14.4262],[-89.3518,14.4262],[-89.3503,14.4287],[-89.3507,14.433],[-89.3505,14.4357],[-89.35,14.4375],[-89.3494,14.4381],[-89.3494,14.4382],[-89.3495,14.4386],[-89.3497,14.4388],[-89.3497,14.4392],[-89.3496,14.4396],[-89.3496,14.44],[-89.3499,14.4404],[-89.35,14.4408],[-89.3496,14.4416],[-89.3497,14.4419],[-89.3499,14.4422],[-89.3501,14.4425],[-89.3506,14.4433],[-89.3508,14.4437],[-89.351,14.4438],[-89.3512,14.4441],[-89.3513,14.4445],[-89.3513,14.4446],[-89.3518,14.4448],[-89.3524,14.445],[-89.3531,14.4453],[-89.3534,14.4457],[-89.3535,14.4464],[-89.3534,14.4466],[-89.3535,14.4467],[-89.3536,14.4468],[-89.3539,14.447],[-89.354,14.4472],[-89.3544,14.447],[-89.3545,14.4469],[-89.3548,14.4468],[-89.3551,14.4467],[-89.3553,14.4468],[-89.3554,14.4471],[-89.3553,14.4474],[-89.3551,14.4477],[-89.3549,14.4478],[-89.3546,14.4479],[-89.3543,14.448],[-89.354,14.448],[-89.3536,14.4482],[-89.3531,14.4484],[-89.3528,14.4486],[-89.3527,14.4488],[-89.3527,14.4492],[-89.3527,14.4501],[-89.3527,14.4503],[-89.3528,14.4505],[-89.353,14.4509],[-89.3532,14.4513],[-89.3531,14.4518],[-89.3529,14.4521],[-89.3526,14.4522],[-89.3521,14.4523],[-89.352,14.4526],[-89.3518,14.453],[-89.3519,14.4532],[-89.3525,14.4533],[-89.3528,14.4535],[-89.3527,14.4538],[-89.3525,14.4541],[-89.3522,14.4543],[-89.3521,14.4544],[-89.3521,14.4549],[-89.352,14.4549],[-89.3525,14.4555],[-89.3526,14.4561],[-89.3529,14.4563],[-89.3531,14.4565],[-89.3533,14.457],[-89.3534,14.4575],[-89.3532,14.458],[-89.3534,14.4581],[-89.3536,14.4588],[-89.3536,14.4592],[-89.3537,14.4592],[-89.3539,14.4593],[-89.354,14.4599],[-89.354,14.4601],[-89.354,14.4602],[-89.354,14.4603],[-89.3539,14.4605],[-89.3538,14.4607],[-89.3535,14.4609],[-89.3535,14.4609],[-89.3533,14.4613],[-89.3532,14.4614],[-89.3532,14.4614],[-89.3535,14.4616],[-89.3538,14.4615],[-89.354,14.4614],[-89.3543,14.4616],[-89.3543,14.4617],[-89.3542,14.4619],[-89.3538,14.4623],[-89.3537,14.4626],[-89.3535,14.463],[-89.3533,14.4631],[-89.3529,14.4633],[-89.3527,14.4634],[-89.3526,14.4635],[-89.3527,14.4636],[-89.3531,14.4638],[-89.3536,14.464],[-89.3542,14.464],[-89.3548,14.4641],[-89.3553,14.4643],[-89.3555,14.465],[-89.3552,14.4655],[-89.3553,14.4654],[-89.3555,14.4653],[-89.3558,14.4652],[-89.3561,14.4652],[-89.3563,14.4653],[-89.3565,14.4655],[-89.3564,14.4658],[-89.3563,14.4659],[-89.3562,14.4661],[-89.3561,14.4663],[-89.3564,14.4666],[-89.3565,14.4667],[-89.3567,14.4667],[-89.3568,14.4668],[-89.3567,14.467],[-89.3567,14.4671],[-89.3565,14.4673],[-89.3564,14.4676],[-89.3564,14.4678],[-89.3564,14.468],[-89.3563,14.4682],[-89.3561,14.4685],[-89.3555,14.4688],[-89.3551,14.4688],[-89.3549,14.469],[-89.3549,14.4692],[-89.3548,14.4694],[-89.3549,14.4696],[-89.3548,14.4698],[-89.3547,14.4699],[-89.3543,14.47],[-89.354,14.4701],[-89.3536,14.4701],[-89.3533,14.4702],[-89.3529,14.4704],[-89.3525,14.4706],[-89.3524,14.4707],[-89.3519,14.4707],[-89.3517,14.4708],[-89.3516,14.471],[-89.3516,14.4711],[-89.3515,14.4715],[-89.3514,14.4718],[-89.3512,14.472],[-89.3507,14.4723],[-89.3505,14.4723],[-89.3505,14.4725],[-89.3504,14.4726],[-89.3502,14.4727],[-89.35,14.4727],[-89.3499,14.4725],[-89.3496,14.4726],[-89.3493,14.4728],[-89.3491,14.4728],[-89.3489,14.4727],[-89.3489,14.4726],[-89.3489,14.4724],[-89.3488,14.4722],[-89.3488,14.4721],[-89.3486,14.472],[-89.3484,14.472],[-89.3481,14.4721],[-89.3477,14.4722],[-89.3473,14.4724],[-89.347,14.4726],[-89.3466,14.4727],[-89.3463,14.4727],[-89.3459,14.4729],[-89.3457,14.4731],[-89.3451,14.4736],[-89.3448,14.4738],[-89.3446,14.474],[-89.3444,14.4741],[-89.344,14.4742],[-89.3438,14.4743],[-89.3437,14.4744],[-89.3433,14.4745],[-89.343,14.4745],[-89.3428,14.4744],[-89.3424,14.4744],[-89.3421,14.4744],[-89.3417,14.4745],[-89.3415,14.4748],[-89.3414,14.4752],[-89.3412,14.4756],[-89.3407,14.4757],[-89.3404,14.476],[-89.3404,14.4762],[-89.3402,14.4765],[-89.34,14.4766],[-89.3397,14.4766],[-89.3394,14.4767],[-89.3392,14.4769],[-89.3391,14.4769],[-89.3388,14.477],[-89.3385,14.4769],[-89.3384,14.4768],[-89.3381,14.4768],[-89.3378,14.4768],[-89.3374,14.4769],[-89.3372,14.477],[-89.3371,14.4771],[-89.337,14.4773],[-89.3367,14.4773],[-89.3365,14.4772],[-89.3361,14.477],[-89.336,14.4768],[-89.3358,14.4768],[-89.3356,14.4768],[-89.3354,14.477],[-89.3352,14.4771],[-89.335,14.4773],[-89.3348,14.4776],[-89.3344,14.4778],[-89.3342,14.4779],[-89.334,14.478],[-89.3336,14.4784],[-89.3332,14.4785],[-89.3328,14.4786],[-89.3326,14.4788],[-89.3322,14.4789],[-89.3317,14.4792],[-89.3316,14.4794],[-89.3315,14.4797],[-89.3313,14.4799],[-89.3313,14.48],[-89.3313,14.4802],[-89.3313,14.4803],[-89.3313,14.4805],[-89.3311,14.4806],[-89.331,14.4806],[-89.3306,14.4805],[-89.3303,14.4805],[-89.33,14.4805],[-89.3297,14.4806],[-89.3296,14.4807],[-89.3295,14.4809],[-89.3295,14.4811],[-89.3296,14.4816],[-89.3295,14.4819],[-89.3292,14.4824],[-89.3288,14.4826],[-89.3284,14.4826],[-89.3281,14.4827],[-89.3279,14.4828],[-89.3277,14.4829],[-89.3275,14.4831],[-89.3271,14.4833],[-89.3251,14.4839],[-89.325,14.4838],[-89.3245,14.4838],[-89.3244,14.4839],[-89.3243,14.4839],[-89.3242,14.484],[-89.324,14.484],[-89.3238,14.4839],[-89.3237,14.4838],[-89.3235,14.4839],[-89.3233,14.4839],[-89.323,14.4839],[-89.3229,14.484],[-89.3228,14.4841],[-89.3224,14.4844],[-89.3221,14.4844],[-89.3219,14.4844],[-89.3216,14.4845],[-89.3214,14.4846],[-89.3211,14.485],[-89.3209,14.4852],[-89.3206,14.4856],[-89.3202,14.4859],[-89.3195,14.4861],[-89.3193,14.4864],[-89.3192,14.4867],[-89.319,14.4871],[-89.3189,14.4872],[-89.3187,14.4873],[-89.3184,14.4872],[-89.3182,14.4873],[-89.3182,14.4874],[-89.3182,14.4875],[-89.3181,14.4879],[-89.3178,14.4882],[-89.3175,14.4884],[-89.3173,14.4884],[-89.3172,14.4884],[-89.3169,14.4883],[-89.3166,14.4882],[-89.3165,14.4881],[-89.3163,14.4882],[-89.3162,14.4882],[-89.3161,14.4883],[-89.316,14.4885],[-89.3159,14.4887],[-89.3158,14.4892],[-89.3156,14.4894],[-89.3154,14.4894],[-89.3152,14.4893],[-89.3151,14.4892],[-89.3149,14.489],[-89.3148,14.4889],[-89.3147,14.489],[-89.3145,14.489],[-89.3144,14.4889],[-89.3142,14.4888],[-89.314,14.4889],[-89.3139,14.489],[-89.3138,14.4892],[-89.3135,14.4895],[-89.3133,14.4894],[-89.3131,14.4893],[-89.313,14.4892],[-89.3129,14.4892],[-89.3127,14.4891],[-89.3125,14.4891],[-89.3122,14.4886],[-89.312,14.4886],[-89.3119,14.4886],[-89.3117,14.4886],[-89.3114,14.4889],[-89.3113,14.4891],[-89.3111,14.4895],[-89.311,14.4896],[-89.3109,14.4898],[-89.3109,14.49],[-89.3108,14.4901],[-89.3105,14.4904],[-89.3102,14.4904],[-89.3101,14.4903],[-89.31,14.4901],[-89.3099,14.4899],[-89.3099,14.4898],[-89.3098,14.4898],[-89.3097,14.4898],[-89.3095,14.49],[-89.3092,14.4904],[-89.3091,14.4905],[-89.3088,14.4906],[-89.3086,14.4907],[-89.3084,14.4909],[-89.3085,14.491],[-89.3085,14.4912],[-89.3085,14.4914],[-89.3086,14.4915],[-89.3087,14.4916],[-89.3088,14.4917],[-89.3089,14.4918],[-89.3089,14.4919],[-89.3089,14.492],[-89.3088,14.4922],[-89.3087,14.4923],[-89.3085,14.4925],[-89.3084,14.4927],[-89.3083,14.4929],[-89.3083,14.493],[-89.3083,14.4931],[-89.3082,14.4933],[-89.308,14.4934],[-89.3077,14.4935],[-89.3076,14.4935],[-89.3073,14.4935],[-89.3072,14.4934],[-89.3071,14.4932],[-89.3069,14.4931],[-89.3068,14.4929],[-89.3066,14.4928],[-89.3064,14.4927],[-89.3062,14.4926],[-89.306,14.4926],[-89.3058,14.4927],[-89.3057,14.4928],[-89.3056,14.493],[-89.3055,14.4932],[-89.3054,14.4934],[-89.3053,14.4937],[-89.3052,14.4938],[-89.3051,14.494],[-89.305,14.4942],[-89.3049,14.4943],[-89.3046,14.4944],[-89.3044,14.4945],[-89.3042,14.4945],[-89.3041,14.4945],[-89.3038,14.4945],[-89.3036,14.4945],[-89.3032,14.4944],[-89.3029,14.4943],[-89.3027,14.4942],[-89.3024,14.4942],[-89.3022,14.494],[-89.302,14.4939],[-89.3019,14.4957],[-89.302,14.4957],[-89.3022,14.4959],[-89.3024,14.496],[-89.3025,14.4961],[-89.3027,14.4961],[-89.3028,14.4962],[-89.3031,14.4964],[-89.3031,14.4965],[-89.3031,14.4966],[-89.303,14.4967],[-89.303,14.4969],[-89.3029,14.4971],[-89.3029,14.4974],[-89.3029,14.4976],[-89.3027,14.4977],[-89.3027,14.498],[-89.3027,14.4982],[-89.3028,14.4984],[-89.3029,14.4986],[-89.303,14.4987],[-89.3031,14.4989],[-89.3032,14.499],[-89.3032,14.4991],[-89.3032,14.4994],[-89.3033,14.4997],[-89.3034,14.4997],[-89.3037,14.4996],[-89.304,14.4996],[-89.3041,14.4997],[-89.3042,14.4999],[-89.3043,14.5001],[-89.3043,14.5003],[-89.3044,14.5006],[-89.3045,14.5009],[-89.3046,14.5012],[-89.3046,14.5015],[-89.3045,14.5017],[-89.3045,14.5019],[-89.3045,14.5021],[-89.3045,14.5022],[-89.3046,14.5023],[-89.3045,14.5026],[-89.3047,14.5028],[-89.3049,14.503],[-89.305,14.5033],[-89.3049,14.5035],[-89.305,14.5037],[-89.305,14.5039],[-89.3051,14.5041],[-89.3055,14.5044],[-89.3056,14.5045],[-89.3057,14.5047],[-89.3058,14.5049],[-89.3057,14.5051],[-89.3057,14.5052],[-89.3056,14.5055],[-89.3056,14.5057],[-89.3057,14.5058],[-89.3056,14.506],[-89.3055,14.5061],[-89.3053,14.5063],[-89.3052,14.5065],[-89.3052,14.5066],[-89.3053,14.5067],[-89.3055,14.5069],[-89.3052,14.5071],[-89.305,14.5072],[-89.3049,14.5072],[-89.3046,14.5073],[-89.3045,14.5073],[-89.3043,14.5073],[-89.3041,14.5074],[-89.304,14.5073],[-89.3038,14.5073],[-89.3036,14.5074],[-89.3034,14.5075],[-89.3033,14.5076],[-89.3031,14.5076],[-89.3029,14.5077],[-89.3026,14.5076],[-89.3026,14.5075],[-89.3024,14.5075],[-89.3022,14.5074],[-89.3021,14.5073],[-89.302,14.5073],[-89.3018,14.5072],[-89.3017,14.5072],[-89.3014,14.5073],[-89.3013,14.5073],[-89.3011,14.5074],[-89.3009,14.5076],[-89.3008,14.5077],[-89.3004,14.5079],[-89.3,14.5082],[-89.2993,14.5085],[-89.2993,14.5087],[-89.2992,14.5088],[-89.2991,14.5091],[-89.2991,14.5091],[-89.299,14.5092],[-89.2989,14.5093],[-89.2987,14.5094],[-89.2984,14.5095],[-89.2983,14.5095],[-89.298,14.5098],[-89.2978,14.5099],[-89.2976,14.51],[-89.2974,14.5101],[-89.2973,14.5102],[-89.2968,14.5101],[-89.2967,14.51],[-89.2964,14.5101],[-89.2964,14.5101],[-89.2962,14.5103],[-89.296,14.5105],[-89.2959,14.5106],[-89.2956,14.5105],[-89.2953,14.5105],[-89.2951,14.5107],[-89.2951,14.5108],[-89.2948,14.511],[-89.2947,14.511],[-89.2946,14.5112],[-89.2945,14.5113],[-89.2945,14.5116],[-89.2945,14.5117],[-89.2946,14.5118],[-89.2946,14.512],[-89.2945,14.5121],[-89.2942,14.5122],[-89.2939,14.5122],[-89.2937,14.5123],[-89.2935,14.5123],[-89.2933,14.5124],[-89.2933,14.5126],[-89.2932,14.5127],[-89.2929,14.5128],[-89.2927,14.5131],[-89.2924,14.5135],[-89.2923,14.5137],[-89.2921,14.5138],[-89.2918,14.5139],[-89.2916,14.514],[-89.2916,14.514],[-89.2916,14.5143],[-89.2915,14.5145],[-89.2914,14.5149],[-89.2913,14.5151],[-89.2912,14.5152],[-89.291,14.5155],[-89.2908,14.5157],[-89.2905,14.5159],[-89.2902,14.516],[-89.2899,14.5162],[-89.2897,14.5163],[-89.2894,14.5163],[-89.2893,14.5163],[-89.2888,14.5163],[-89.2885,14.5159],[-89.2883,14.5159],[-89.2882,14.516],[-89.288,14.5162],[-89.2879,14.5165],[-89.288,14.5167],[-89.2882,14.5169],[-89.2882,14.517],[-89.2883,14.5171],[-89.2883,14.5173],[-89.2882,14.5177],[-89.2881,14.5179],[-89.2879,14.518],[-89.2878,14.5182],[-89.2876,14.5182],[-89.2875,14.5183],[-89.2873,14.5183],[-89.2871,14.5184],[-89.2869,14.5184],[-89.2867,14.5185],[-89.2867,14.5187],[-89.2868,14.5188],[-89.2869,14.5189],[-89.287,14.5191],[-89.2871,14.5192],[-89.287,14.5194],[-89.2869,14.5195],[-89.2868,14.5195],[-89.2866,14.5195],[-89.2863,14.5194],[-89.2861,14.5197],[-89.2861,14.5198],[-89.2861,14.5199],[-89.2862,14.5201],[-89.2858,14.5212],[-89.2857,14.5213],[-89.2854,14.5215],[-89.2854,14.5216],[-89.2854,14.5218],[-89.2854,14.5219],[-89.2854,14.522],[-89.2856,14.5221],[-89.2858,14.5222],[-89.2859,14.5222],[-89.286,14.5224],[-89.286,14.5225],[-89.2859,14.5227],[-89.2858,14.5229],[-89.2857,14.523],[-89.2857,14.5231],[-89.2857,14.5232],[-89.2858,14.5233],[-89.286,14.5235],[-89.2861,14.5237],[-89.2861,14.5238],[-89.286,14.524],[-89.2861,14.5242],[-89.2861,14.5243],[-89.2861,14.5244],[-89.286,14.5246],[-89.2859,14.5248],[-89.2859,14.5249],[-89.286,14.5251],[-89.2862,14.5252],[-89.2864,14.5253],[-89.2865,14.5254],[-89.2864,14.5256],[-89.2862,14.5258],[-89.286,14.526],[-89.2858,14.5261],[-89.2856,14.5262],[-89.2855,14.5263],[-89.2855,14.5264],[-89.2855,14.5265],[-89.2854,14.5266],[-89.2854,14.5266],[-89.2852,14.5266],[-89.2851,14.5267],[-89.285,14.5267],[-89.2849,14.5267],[-89.2848,14.5268],[-89.2848,14.5268],[-89.2848,14.5269],[-89.2849,14.527],[-89.2849,14.5271],[-89.2848,14.5271],[-89.2847,14.5273],[-89.2847,14.5274],[-89.2847,14.5275],[-89.2848,14.5276],[-89.2848,14.5277],[-89.2847,14.5277],[-89.2846,14.5278],[-89.2845,14.528],[-89.2845,14.5281],[-89.2844,14.5281],[-89.2843,14.5281],[-89.2841,14.5281],[-89.2841,14.5283],[-89.284,14.5284],[-89.2841,14.5285],[-89.2841,14.5287],[-89.2841,14.5288],[-89.2842,14.529],[-89.2841,14.5291],[-89.2841,14.5293],[-89.284,14.5295],[-89.284,14.5297],[-89.284,14.5297],[-89.284,14.5298],[-89.2839,14.5299],[-89.2837,14.53],[-89.2835,14.53],[-89.2834,14.53],[-89.2834,14.5301],[-89.2833,14.5302],[-89.2832,14.5303],[-89.2832,14.5304],[-89.2832,14.5306],[-89.2831,14.5309],[-89.2831,14.531],[-89.2831,14.5311],[-89.2831,14.5313],[-89.283,14.5314],[-89.283,14.5315],[-89.283,14.5317],[-89.283,14.5318],[-89.2831,14.5319],[-89.2831,14.5319],[-89.2832,14.532],[-89.2833,14.532],[-89.2835,14.5321],[-89.2836,14.5321],[-89.2836,14.5322],[-89.2837,14.5323],[-89.2837,14.5323],[-89.2837,14.5324],[-89.2837,14.5326],[-89.2837,14.5328],[-89.2836,14.5329],[-89.2834,14.533],[-89.2833,14.533],[-89.2831,14.5331],[-89.283,14.5331],[-89.2829,14.5332],[-89.2827,14.5332],[-89.2826,14.5333],[-89.2826,14.5334],[-89.2825,14.5336],[-89.2824,14.5337],[-89.2822,14.5339],[-89.2821,14.534],[-89.2821,14.534],[-89.282,14.5342],[-89.2819,14.5343],[-89.2819,14.5344],[-89.2818,14.5345],[-89.2818,14.5346],[-89.2818,14.5347],[-89.2817,14.5348],[-89.2817,14.5348],[-89.2815,14.5349],[-89.2814,14.5349],[-89.2813,14.5349],[-89.2812,14.5349],[-89.281,14.5349],[-89.2809,14.535],[-89.2807,14.535],[-89.2806,14.5351],[-89.2804,14.5351],[-89.2803,14.5352],[-89.2802,14.5352],[-89.2801,14.5354],[-89.2801,14.5355],[-89.28,14.5355],[-89.28,14.5356],[-89.2799,14.5358],[-89.2798,14.5359],[-89.2798,14.536],[-89.2796,14.5361],[-89.2795,14.5361],[-89.2795,14.5362],[-89.2793,14.5363],[-89.2792,14.5363],[-89.2791,14.5362],[-89.279,14.5361],[-89.2788,14.5361],[-89.2787,14.5361],[-89.2787,14.5361],[-89.2786,14.5362],[-89.2787,14.5363],[-89.2788,14.5364],[-89.2789,14.5365],[-89.2789,14.5366],[-89.2789,14.5368],[-89.2789,14.5369],[-89.2789,14.5371],[-89.2789,14.5372],[-89.279,14.5374],[-89.2791,14.5376],[-89.2791,14.5378],[-89.2791,14.538],[-89.2791,14.5381],[-89.279,14.5383],[-89.2788,14.5384],[-89.2786,14.5384],[-89.2785,14.5382],[-89.2784,14.5381],[-89.2782,14.538],[-89.278,14.538],[-89.2777,14.5381],[-89.2776,14.5382],[-89.2775,14.5384],[-89.2774,14.5387],[-89.2773,14.5391],[-89.2773,14.5393],[-89.2772,14.5398],[-89.2772,14.5403],[-89.2772,14.5409],[-89.2772,14.5412],[-89.277,14.5415],[-89.2766,14.5416],[-89.2764,14.5418],[-89.2763,14.5419],[-89.2763,14.542],[-89.2764,14.5422],[-89.2764,14.5423],[-89.2763,14.5423],[-89.2762,14.5423],[-89.276,14.5423],[-89.2759,14.5424],[-89.2758,14.5425],[-89.2757,14.5425],[-89.2756,14.5425],[-89.2755,14.5425],[-89.2753,14.5425],[-89.2751,14.5425],[-89.275,14.5425],[-89.2749,14.5426],[-89.2749,14.5427],[-89.2747,14.543],[-89.2746,14.5431],[-89.2744,14.5432],[-89.2743,14.5433],[-89.2741,14.5433],[-89.274,14.5432],[-89.274,14.5432],[-89.2739,14.5431],[-89.2738,14.543],[-89.2737,14.543],[-89.2735,14.543],[-89.2734,14.5431],[-89.2733,14.5432],[-89.2732,14.5435],[-89.2731,14.5437],[-89.273,14.544],[-89.2729,14.5441],[-89.2727,14.5443],[-89.2726,14.5443],[-89.2725,14.5443],[-89.2724,14.5443],[-89.2722,14.5442],[-89.2721,14.5442],[-89.272,14.5443],[-89.272,14.5445],[-89.272,14.5446],[-89.2719,14.5447],[-89.2719,14.5448],[-89.2716,14.545],[-89.2715,14.545],[-89.2713,14.5451],[-89.2711,14.5453],[-89.2707,14.5455],[-89.2705,14.5457],[-89.2705,14.546],[-89.2704,14.5462],[-89.2702,14.5464],[-89.2701,14.5466],[-89.27,14.5468],[-89.2697,14.5469],[-89.2696,14.5469],[-89.2695,14.5468],[-89.2694,14.5467],[-89.2693,14.5465],[-89.2692,14.5464],[-89.2691,14.5463],[-89.269,14.5463],[-89.2689,14.5463],[-89.2687,14.5463],[-89.2686,14.5464],[-89.2685,14.5465],[-89.2683,14.5466],[-89.2682,14.5466],[-89.2681,14.5465],[-89.2681,14.5465],[-89.2679,14.5463],[-89.2678,14.5461],[-89.2677,14.5461],[-89.2675,14.5461],[-89.2674,14.5462],[-89.2673,14.5462],[-89.2672,14.5464],[-89.2671,14.5466],[-89.2668,14.5469],[-89.2666,14.5471],[-89.2664,14.5473],[-89.2662,14.5473],[-89.266,14.5474],[-89.2659,14.5473],[-89.2656,14.5473],[-89.2653,14.5473],[-89.265,14.5474],[-89.2648,14.5474],[-89.2646,14.5473],[-89.2645,14.5473],[-89.2644,14.5472],[-89.2644,14.5471],[-89.2642,14.5471],[-89.264,14.547],[-89.2638,14.547],[-89.2637,14.547],[-89.2636,14.5471],[-89.2636,14.5472],[-89.2636,14.5473],[-89.2636,14.5476],[-89.2635,14.5478],[-89.2635,14.548],[-89.2634,14.5481],[-89.2633,14.5483],[-89.2631,14.5484],[-89.263,14.5485],[-89.2629,14.5487],[-89.2628,14.5489],[-89.2628,14.549],[-89.2627,14.5493],[-89.2627,14.5496],[-89.2627,14.5498],[-89.2627,14.55],[-89.2627,14.5502],[-89.2626,14.5504],[-89.2625,14.5505],[-89.2622,14.5505],[-89.262,14.5505],[-89.2617,14.5504],[-89.2616,14.5505],[-89.2615,14.5507],[-89.2614,14.5509],[-89.2614,14.5511],[-89.2616,14.5513],[-89.2616,14.5514],[-89.2616,14.5516],[-89.2616,14.5518],[-89.2614,14.5519],[-89.2612,14.5519],[-89.2612,14.552],[-89.2611,14.5522],[-89.261,14.5522],[-89.2609,14.5524],[-89.2608,14.5525],[-89.2608,14.5527],[-89.2609,14.5528],[-89.2609,14.5531],[-89.2609,14.5532],[-89.2608,14.5535],[-89.2608,14.5538],[-89.2604,14.5541],[-89.2603,14.5543],[-89.2603,14.5546],[-89.2602,14.5548],[-89.2601,14.555],[-89.2601,14.5551],[-89.26,14.5552],[-89.2598,14.5553],[-89.2595,14.5555],[-89.2593,14.5558],[-89.2589,14.5561],[-89.2587,14.5563],[-89.2586,14.5566],[-89.2584,14.5568],[-89.2582,14.5568],[-89.2579,14.5569],[-89.2577,14.5571],[-89.2576,14.5572],[-89.2572,14.5576],[-89.2574,14.5577],[-89.2576,14.5579],[-89.2577,14.558],[-89.2578,14.5582],[-89.2578,14.5584],[-89.2579,14.5586],[-89.2579,14.5588],[-89.2577,14.5589],[-89.2575,14.559],[-89.2574,14.5593],[-89.2574,14.5595],[-89.2572,14.5596],[-89.257,14.5597],[-89.2568,14.5599],[-89.2568,14.56],[-89.2568,14.5602],[-89.2567,14.5603],[-89.2566,14.5604],[-89.2565,14.5605],[-89.2563,14.5606],[-89.2561,14.5607],[-89.2558,14.5607],[-89.2556,14.5605],[-89.2556,14.5603],[-89.2556,14.5601],[-89.2555,14.56],[-89.2554,14.5599],[-89.2553,14.5599],[-89.2551,14.5598],[-89.2549,14.5597],[-89.2548,14.5596],[-89.2546,14.5595],[-89.2543,14.5596],[-89.2542,14.5598],[-89.2542,14.56],[-89.2542,14.5601],[-89.2541,14.5603],[-89.2541,14.5603],[-89.2539,14.5604],[-89.2537,14.5602],[-89.2536,14.56],[-89.2536,14.56],[-89.2535,14.5601],[-89.2533,14.5602],[-89.2533,14.5604],[-89.2533,14.5606],[-89.2532,14.5608],[-89.2531,14.5609],[-89.2529,14.561],[-89.2528,14.561],[-89.2525,14.561],[-89.2523,14.5611],[-89.2521,14.5612],[-89.2521,14.5612],[-89.2521,14.5614],[-89.2521,14.5616],[-89.2522,14.5618],[-89.2523,14.5619],[-89.2525,14.5619],[-89.2526,14.5621],[-89.2527,14.5623],[-89.2526,14.5625],[-89.2524,14.5626],[-89.2522,14.5627],[-89.252,14.5628],[-89.2518,14.5629],[-89.2517,14.5631],[-89.2516,14.5632],[-89.2515,14.5633],[-89.2517,14.5648],[-89.2518,14.5649],[-89.2518,14.5651],[-89.2518,14.5652],[-89.2518,14.5653],[-89.2518,14.5654],[-89.2526,14.566],[-89.2527,14.566],[-89.2529,14.5662],[-89.253,14.5663],[-89.2535,14.5668],[-89.2534,14.5674],[-89.2534,14.5675],[-89.2534,14.5677],[-89.2535,14.5678],[-89.2535,14.5681],[-89.2537,14.5683],[-89.2539,14.5683],[-89.2541,14.5683],[-89.2542,14.5684],[-89.2542,14.5685],[-89.2541,14.5687],[-89.2538,14.5689],[-89.2536,14.569],[-89.2534,14.569],[-89.2532,14.569],[-89.2531,14.569],[-89.2529,14.5691],[-89.2528,14.5692],[-89.2526,14.5693],[-89.2523,14.5694],[-89.2521,14.5695],[-89.2518,14.5697],[-89.2517,14.5698],[-89.2516,14.5699],[-89.2514,14.57],[-89.2513,14.5701],[-89.2513,14.5703],[-89.2514,14.5704],[-89.2514,14.5705],[-89.2513,14.5706],[-89.2511,14.5706],[-89.2509,14.5706],[-89.2508,14.5704],[-89.2508,14.5702],[-89.2507,14.5701],[-89.2507,14.5699],[-89.2506,14.5698],[-89.2505,14.5697],[-89.2503,14.5698],[-89.2503,14.57],[-89.2503,14.5702],[-89.2502,14.5704],[-89.2501,14.5704],[-89.2499,14.5704],[-89.2498,14.5704],[-89.2495,14.5704],[-89.2493,14.5705],[-89.2493,14.5706],[-89.2492,14.5708],[-89.2492,14.571],[-89.2491,14.5711],[-89.2489,14.5713],[-89.2487,14.5714],[-89.2488,14.5716],[-89.2489,14.5719],[-89.249,14.5721],[-89.249,14.5724],[-89.2489,14.5726],[-89.2488,14.5728],[-89.2487,14.5729],[-89.2486,14.573],[-89.2485,14.5731],[-89.2485,14.5733],[-89.2487,14.5735],[-89.2488,14.5736],[-89.2489,14.5737],[-89.249,14.5739],[-89.249,14.5741],[-89.2491,14.5743],[-89.2491,14.5745],[-89.249,14.5748],[-89.249,14.575],[-89.2489,14.5752],[-89.2488,14.5753],[-89.2488,14.5755],[-89.2487,14.5757],[-89.2486,14.5758],[-89.2485,14.5761],[-89.2484,14.5762],[-89.2481,14.5763],[-89.2479,14.5763],[-89.2478,14.5763],[-89.2476,14.5764],[-89.2475,14.5765],[-89.2473,14.5766],[-89.2471,14.5766],[-89.2469,14.5766],[-89.2467,14.5767],[-89.2465,14.5766],[-89.2463,14.5765],[-89.2461,14.5765],[-89.2459,14.5765],[-89.2457,14.5765],[-89.2455,14.5765],[-89.2454,14.5767],[-89.2453,14.5769],[-89.2454,14.5771],[-89.2454,14.5773],[-89.2455,14.5775],[-89.2454,14.5776],[-89.2453,14.5778],[-89.2452,14.5779],[-89.2451,14.578],[-89.245,14.5779],[-89.245,14.5778],[-89.2449,14.5777],[-89.2448,14.5776],[-89.2443,14.578],[-89.2441,14.5781],[-89.2439,14.5783],[-89.2439,14.5784],[-89.2439,14.5787],[-89.2438,14.5788],[-89.2436,14.579],[-89.2433,14.5792],[-89.2432,14.5793],[-89.243,14.5795],[-89.2428,14.5795],[-89.2427,14.5796],[-89.2426,14.5798],[-89.2424,14.58],[-89.2422,14.5802],[-89.242,14.5802],[-89.2418,14.5802],[-89.2417,14.5801],[-89.2415,14.5801],[-89.2413,14.58],[-89.2409,14.5801],[-89.2408,14.5802],[-89.2407,14.5803],[-89.2406,14.5804],[-89.2404,14.5805],[-89.2404,14.5806],[-89.2403,14.5807],[-89.2402,14.5808],[-89.2401,14.5814],[-89.2402,14.5816],[-89.2402,14.5817],[-89.2401,14.5818],[-89.24,14.5819],[-89.24,14.582],[-89.24,14.582],[-89.2401,14.5822],[-89.2401,14.5825],[-89.2401,14.5826],[-89.2399,14.5828],[-89.2399,14.5828],[-89.2398,14.5828],[-89.2397,14.5831],[-89.2391,14.5836],[-89.2392,14.5838],[-89.2392,14.584],[-89.2392,14.5842],[-89.2392,14.5844],[-89.2391,14.5845],[-89.2389,14.5846],[-89.2388,14.5847],[-89.2386,14.5848],[-89.2384,14.5848],[-89.2081,14.5829],[-89.2075,14.5831],[-89.2073,14.5831],[-89.2065,14.5831],[-89.2061,14.5833],[-89.2057,14.5832],[-89.2055,14.583],[-89.2053,14.5828],[-89.2049,14.5827],[-89.2047,14.5828],[-89.2046,14.583],[-89.2044,14.5832],[-89.2042,14.5833],[-89.204,14.5832],[-89.2038,14.5829],[-89.2035,14.5826],[-89.2032,14.5826],[-89.203,14.5825],[-89.2026,14.5824],[-89.2024,14.5822],[-89.2019,14.5817],[-89.2018,14.5815],[-89.2014,14.5811],[-89.2012,14.5806],[-89.201,14.5802],[-89.2005,14.5799],[-89.2003,14.5799],[-89.2001,14.5799],[-89.1998,14.5801],[-89.1996,14.5802],[-89.199,14.5798],[-89.1979,14.5793],[-89.1975,14.5793],[-89.1973,14.5793],[-89.1969,14.5792],[-89.1968,14.579],[-89.1967,14.5789],[-89.1965,14.5785],[-89.1964,14.5783],[-89.1962,14.5782],[-89.1958,14.5782],[-89.1954,14.5783],[-89.1952,14.5782],[-89.1948,14.578],[-89.1946,14.5777],[-89.1944,14.5775],[-89.1942,14.5771],[-89.1941,14.5769],[-89.1937,14.5767],[-89.1932,14.5767],[-89.1927,14.5769],[-89.1921,14.5771],[-89.1914,14.5774],[-89.1913,14.5775],[-89.1906,14.5781],[-89.1898,14.5782],[-89.1892,14.5781],[-89.1883,14.5779],[-89.1877,14.5777],[-89.1869,14.5773],[-89.1864,14.5766],[-89.185,14.5758],[-89.1846,14.5758],[-89.1837,14.5758],[-89.1777,14.5732],[-89.1774,14.5732],[-89.1768,14.5732],[-89.1761,14.5732],[-89.1756,14.5733],[-89.1748,14.5734],[-89.1744,14.5734],[-89.1737,14.5731],[-89.1733,14.5729],[-89.172,14.5726],[-89.1716,14.5728],[-89.1711,14.5732],[-89.1694,14.5735],[-89.1686,14.5731],[-89.1683,14.5725],[-89.1678,14.5719],[-89.1672,14.5719],[-89.1668,14.572],[-89.1662,14.5722],[-89.1658,14.5724],[-89.1653,14.5727],[-89.1642,14.573],[-89.1636,14.5731],[-89.1632,14.573],[-89.1625,14.5725],[-89.1618,14.5724],[-89.1618,14.5727],[-89.1616,14.5732],[-89.1607,14.5732],[-89.1604,14.5734],[-89.1598,14.5738],[-89.1597,14.5743],[-89.16,14.5748],[-89.1601,14.5752],[-89.1599,14.5756],[-89.1596,14.576],[-89.1594,14.5765],[-89.1594,14.577],[-89.1595,14.5771],[-89.1595,14.5771],[-89.1599,14.5774],[-89.1603,14.578],[-89.1605,14.579],[-89.1603,14.5794],[-89.1599,14.5796],[-89.1598,14.5796],[-89.1591,14.5799],[-89.1586,14.5801],[-89.1578,14.5801],[-89.1571,14.5805],[-89.1568,14.581],[-89.1569,14.5815],[-89.1568,14.5818],[-89.1568,14.5818],[-89.1571,14.583],[-89.1578,14.5832],[-89.1586,14.5835],[-89.1586,14.5842],[-89.1583,14.5843],[-89.1575,14.5842],[-89.1571,14.5842],[-89.1564,14.584],[-89.1556,14.5837],[-89.1549,14.5836],[-89.1541,14.5838],[-89.1535,14.5842],[-89.1534,14.5847],[-89.1536,14.5855],[-89.154,14.5859],[-89.1544,14.5863],[-89.1545,14.5866],[-89.1545,14.587],[-89.1545,14.5875],[-89.1546,14.5882],[-89.1544,14.5886],[-89.1543,14.5888],[-89.1542,14.5895],[-89.1542,14.5899],[-89.154,14.5902],[-89.1534,14.5904],[-89.153,14.5905],[-89.1525,14.5909],[-89.1526,14.5915],[-89.1533,14.592],[-89.1535,14.5923],[-89.1538,14.5929],[-89.1538,14.5932],[-89.1537,14.5941],[-89.1534,14.5945],[-89.1534,14.5948],[-89.1536,14.5952],[-89.1535,14.5955],[-89.1533,14.5956],[-89.1531,14.5958],[-89.1531,14.5961],[-89.1532,14.5964],[-89.1535,14.5967],[-89.1536,14.5969],[-89.1535,14.5975],[-89.1534,14.5977],[-89.1533,14.5979],[-89.1534,14.5983],[-89.1534,14.5985],[-89.1533,14.5987],[-89.153,14.5989],[-89.1525,14.5993],[-89.151,14.6001],[-89.1509,14.6011],[-89.1506,14.6016],[-89.1502,14.6018],[-89.1501,14.6018],[-89.15,14.6023],[-89.15,14.6025],[-89.1496,14.6028],[-89.1495,14.6031],[-89.1496,14.6032],[-89.1497,14.6039],[-89.1506,14.6043],[-89.151,14.6044],[-89.1517,14.6046],[-89.1521,14.6051],[-89.1521,14.6054],[-89.1522,14.6058],[-89.1522,14.6062],[-89.1518,14.6067],[-89.1513,14.607],[-89.151,14.6075],[-89.1508,14.6079],[-89.1507,14.6083],[-89.1509,14.6086],[-89.151,14.6089],[-89.1509,14.6092],[-89.1507,14.6094],[-89.1504,14.6096],[-89.1501,14.6096],[-89.1498,14.6098],[-89.1496,14.6099],[-89.1495,14.6101],[-89.1495,14.6105],[-89.1492,14.6107],[-89.1487,14.6107],[-89.1484,14.6108],[-89.1483,14.6109],[-89.1482,14.6112],[-89.1484,14.6116],[-89.1486,14.6118],[-89.1487,14.6119],[-89.1491,14.612],[-89.1498,14.6117],[-89.1499,14.6116],[-89.1505,14.6118],[-89.1507,14.612],[-89.1515,14.6119],[-89.1518,14.6118],[-89.1521,14.6122],[-89.1523,14.6125],[-89.1525,14.6127],[-89.153,14.6131],[-89.153,14.6133],[-89.1526,14.6136],[-89.1521,14.6137],[-89.1521,14.6142],[-89.1522,14.6145],[-89.1526,14.6148],[-89.1528,14.615],[-89.1532,14.6149],[-89.1535,14.6148],[-89.1539,14.6149],[-89.1541,14.6151],[-89.1542,14.6155],[-89.1542,14.6158],[-89.1541,14.6161],[-89.1542,14.6164],[-89.1543,14.6165],[-89.1549,14.6166],[-89.155,14.6167],[-89.1549,14.617],[-89.1549,14.6171],[-89.1553,14.6173],[-89.1557,14.6174],[-89.1557,14.6177],[-89.1554,14.6178],[-89.1551,14.618],[-89.155,14.6181],[-89.155,14.6185],[-89.1549,14.6188],[-89.1543,14.6189],[-89.154,14.6189],[-89.1538,14.6189],[-89.1532,14.6191],[-89.1529,14.6193],[-89.1525,14.6195],[-89.1516,14.6198],[-89.151,14.6202],[-89.1509,14.6209],[-89.151,14.6214],[-89.1508,14.6218],[-89.1506,14.6221],[-89.1504,14.6225],[-89.1504,14.6227],[-89.1502,14.6228],[-89.15,14.6229],[-89.1496,14.6229],[-89.1494,14.6232],[-89.1494,14.6232],[-89.1495,14.6234],[-89.1494,14.6236],[-89.1491,14.6237],[-89.1491,14.6239],[-89.149,14.6242],[-89.1489,14.6244],[-89.1488,14.6249],[-89.1487,14.625],[-89.1485,14.6252],[-89.1479,14.6252],[-89.1475,14.6253],[-89.1472,14.6255],[-89.147,14.6257],[-89.1469,14.6259],[-89.1469,14.626],[-89.1476,14.6265],[-89.1474,14.6274],[-89.1474,14.6274],[-89.1476,14.6276],[-89.1477,14.6278],[-89.1472,14.6281],[-89.1472,14.6281],[-89.1473,14.6302],[-89.1475,14.6304],[-89.148,14.6304],[-89.1483,14.6304],[-89.1484,14.6304],[-89.1485,14.6306],[-89.1484,14.631],[-89.1489,14.6314],[-89.1489,14.6346],[-89.1503,14.6359],[-89.1507,14.6428],[-89.1509,14.6432],[-89.151,14.6434],[-89.151,14.6436],[-89.151,14.6442],[-89.1509,14.6444],[-89.1525,14.6467],[-89.1529,14.6499],[-89.1553,14.6524],[-89.1553,14.6532],[-89.1555,14.6556],[-89.1549,14.6565],[-89.1549,14.6565],[-89.1537,14.6583],[-89.1539,14.6596],[-89.1561,14.6637],[-89.157,14.6666],[-89.1571,14.6693],[-89.1571,14.6693],[-89.1573,14.6695],[-89.1574,14.6698],[-89.1573,14.6701],[-89.1571,14.6704],[-89.1571,14.6708],[-89.1572,14.6711],[-89.1572,14.6714],[-89.1567,14.6718],[-89.1566,14.6721],[-89.1567,14.6724],[-89.1569,14.6727],[-89.1568,14.6731],[-89.1567,14.6734],[-89.1564,14.6735],[-89.156,14.6734],[-89.1558,14.6736],[-89.1555,14.6738],[-89.1554,14.6735],[-89.1553,14.6732],[-89.1551,14.6727],[-89.1548,14.6725],[-89.1543,14.6726],[-89.1541,14.6726],[-89.154,14.6727],[-89.1537,14.6728],[-89.1533,14.6731],[-89.153,14.6734],[-89.1528,14.6736],[-89.1523,14.6738],[-89.1519,14.6741],[-89.1517,14.6744],[-89.1516,14.6748],[-89.1514,14.6751],[-89.151,14.6755],[-89.1503,14.6757],[-89.1497,14.676],[-89.1492,14.6761],[-89.1486,14.6762],[-89.1485,14.6761],[-89.1319,14.7113],[-89.1323,14.7122],[-89.1341,14.7134],[-89.135,14.7134],[-89.1414,14.717],[-89.1439,14.7179],[-89.1518,14.7225],[-89.1533,14.7232],[-89.156,14.725],[-89.1571,14.7251],[-89.1615,14.7274],[-89.1624,14.7278],[-89.1635,14.7279],[-89.1665,14.7306],[-89.1661,14.7374],[-89.1666,14.7444],[-89.1665,14.7447],[-89.167,14.7508],[-89.1682,14.7595],[-89.1689,14.7637],[-89.1691,14.774],[-89.1697,14.7747],[-89.1703,14.775],[-89.1757,14.7789],[-89.178,14.7814],[-89.1792,14.782],[-89.187,14.7901],[-89.1879,14.7913],[-89.189,14.7919],[-89.1925,14.7954],[-89.1937,14.7967],[-89.1944,14.7972],[-89.1948,14.7977],[-89.1981,14.8011],[-89.2024,14.8059],[-89.2075,14.8127],[-89.2114,14.817],[-89.2132,14.8188],[-89.2178,14.825],[-89.2201,14.8279],[-89.2224,14.8299],[-89.2246,14.8339],[-89.2252,14.8501],[-89.2275,14.8624],[-89.2275,14.8689],[-89.2282,14.8732],[-89.2277,14.8781],[-89.2281,14.8825],[-89.2274,14.8829],[-89.2269,14.8832],[-89.2265,14.8834],[-89.2263,14.8837],[-89.2261,14.8842],[-89.226,14.8847],[-89.226,14.8851],[-89.2258,14.8856],[-89.2256,14.886],[-89.2252,14.8864],[-89.2247,14.8867],[-89.2244,14.8869],[-89.224,14.8871],[-89.2235,14.8873],[-89.2232,14.8875],[-89.2228,14.8877],[-89.2225,14.888],[-89.2221,14.8881],[-89.2216,14.8882],[-89.2213,14.8885],[-89.221,14.8887],[-89.2208,14.8889],[-89.2204,14.8893],[-89.2199,14.8895],[-89.2194,14.8895],[-89.2191,14.8893],[-89.2189,14.8892],[-89.2186,14.8893],[-89.2182,14.8895],[-89.2179,14.8896],[-89.2155,14.8902],[-89.2152,14.8904],[-89.215,14.8906],[-89.2147,14.8908],[-89.2143,14.891],[-89.2141,14.8913],[-89.2138,14.8918],[-89.2135,14.892],[-89.213,14.8923],[-89.2125,14.8925],[-89.2119,14.8928],[-89.2114,14.8931],[-89.2111,14.8936],[-89.2109,14.8939],[-89.2106,14.8941],[-89.21,14.8944],[-89.21,14.8945],[-89.2094,14.8962],[-89.2093,14.8963],[-89.2094,14.8964],[-89.2094,14.8967],[-89.2091,14.8968],[-89.2088,14.8969],[-89.2086,14.8971],[-89.2084,14.8974],[-89.2078,14.8978],[-89.2076,14.898],[-89.2074,14.898],[-89.207,14.8984],[-89.207,14.8987],[-89.207,14.8991],[-89.2068,14.8994],[-89.2063,14.8999],[-89.2058,14.9003],[-89.2056,14.9004],[-89.2054,14.9005],[-89.2052,14.9009],[-89.2049,14.9011],[-89.2046,14.9013],[-89.2042,14.9015],[-89.2039,14.9017],[-89.2036,14.902],[-89.2033,14.9021],[-89.203,14.902],[-89.2027,14.9019],[-89.2023,14.9017],[-89.202,14.9016],[-89.2016,14.9016],[-89.2011,14.9015],[-89.2008,14.9016],[-89.2005,14.9015],[-89.1999,14.9019],[-89.1995,14.9019],[-89.199,14.9019],[-89.198,14.9019],[-89.1973,14.9019],[-89.1969,14.9017],[-89.1963,14.9016],[-89.1958,14.9016],[-89.1953,14.9017],[-89.1948,14.9017],[-89.1938,14.9016],[-89.1931,14.9018],[-89.1925,14.9021],[-89.1921,14.9024],[-89.1917,14.9027],[-89.1914,14.903],[-89.1907,14.9032],[-89.1902,14.9033],[-89.1897,14.9034],[-89.1893,14.9036],[-89.189,14.9039],[-89.1887,14.9043],[-89.1882,14.9044],[-89.1879,14.9044],[-89.1876,14.9044],[-89.1873,14.9045],[-89.1868,14.9049],[-89.1866,14.9052],[-89.1861,14.9056],[-89.1857,14.9059],[-89.1851,14.9062],[-89.1848,14.9065],[-89.1844,14.9067],[-89.1842,14.9069],[-89.184,14.9071],[-89.1838,14.9076],[-89.1837,14.9082],[-89.1836,14.9086],[-89.1832,14.9087],[-89.1828,14.9092],[-89.1826,14.9096],[-89.1823,14.9102],[-89.182,14.9104],[-89.1823,14.9119],[-89.1818,14.9133],[-89.1817,14.9135],[-89.1817,14.9137],[-89.1816,14.9143],[-89.1817,14.9147],[-89.1817,14.9151],[-89.1817,14.9155],[-89.1816,14.916],[-89.1814,14.9163],[-89.181,14.9166],[-89.1805,14.9168],[-89.18,14.917],[-89.1795,14.9172],[-89.1793,14.9173],[-89.1793,14.918],[-89.1796,14.9183],[-89.1798,14.9188],[-89.18,14.9195],[-89.18,14.9199],[-89.1799,14.9203],[-89.1795,14.9206],[-89.1794,14.9208],[-89.1795,14.9212],[-89.1797,14.9216],[-89.1799,14.922],[-89.1799,14.9223],[-89.1798,14.9226],[-89.1795,14.9229],[-89.1793,14.9229],[-89.179,14.923],[-89.1804,14.9266],[-89.1812,14.927],[-89.182,14.9275],[-89.1822,14.9282],[-89.1823,14.9287],[-89.1828,14.9293],[-89.1833,14.9299],[-89.1837,14.9302],[-89.1843,14.9304],[-89.185,14.9306],[-89.1852,14.931],[-89.1856,14.9314],[-89.1861,14.9318],[-89.1867,14.9322],[-89.1869,14.9328],[-89.1871,14.9332],[-89.1874,14.9336],[-89.1875,14.9341],[-89.1878,14.9343],[-89.1886,14.9347],[-89.1889,14.9352],[-89.1893,14.9359],[-89.1895,14.9364],[-89.1903,14.937],[-89.1908,14.9378],[-89.1911,14.9387],[-89.1914,14.9396],[-89.1925,14.9406],[-89.1932,14.941],[-89.1939,14.9412],[-89.1947,14.9412],[-89.1949,14.9412],[-89.1955,14.9414],[-89.1958,14.9419],[-89.1959,14.9423],[-89.1959,14.9424],[-89.1961,14.9432],[-89.1964,14.9434],[-89.1969,14.9436],[-89.1974,14.9443],[-89.1983,14.9452],[-89.1992,14.9462],[-89.2,14.9473],[-89.2008,14.9478],[-89.2027,14.9484],[-89.2036,14.9484],[-89.209,14.9486],[-89.215,14.9492],[-89.2204,14.9498],[-89.2236,14.9498],[-89.2252,14.9488],[-89.2256,14.9478],[-89.2268,14.9459],[-89.227,14.9452],[-89.2287,14.9429],[-89.2365,14.9379],[-89.2368,14.9375],[-89.237,14.9373],[-89.2373,14.9371],[-89.2375,14.9369],[-89.2378,14.9368],[-89.2383,14.9369],[-89.2386,14.9369],[-89.2388,14.9367],[-89.239,14.9366],[-89.2391,14.9364],[-89.2393,14.9361],[-89.2393,14.9358],[-89.2394,14.9354],[-89.2394,14.9353],[-89.2393,14.9351],[-89.2391,14.9351],[-89.2388,14.9352],[-89.2387,14.9351],[-89.2384,14.935],[-89.2384,14.9349],[-89.2383,14.9348],[-89.2387,14.9346],[-89.2391,14.9343],[-89.2394,14.934],[-89.2394,14.9339],[-89.2392,14.9337],[-89.2389,14.9336],[-89.2386,14.9336],[-89.2385,14.9335],[-89.2383,14.9333],[-89.2384,14.933],[-89.2385,14.9327],[-89.2386,14.9324],[-89.2388,14.932],[-89.2389,14.932],[-89.2392,14.9318],[-89.2395,14.9318],[-89.2399,14.9319],[-89.2401,14.9316],[-89.2402,14.9313],[-89.2402,14.931],[-89.2402,14.9305],[-89.2402,14.9302],[-89.2403,14.9301],[-89.2406,14.93],[-89.2408,14.9299],[-89.2409,14.9298],[-89.241,14.9294],[-89.2407,14.9292],[-89.2405,14.9291],[-89.2404,14.9289],[-89.2404,14.9287],[-89.2404,14.9285],[-89.2403,14.9283],[-89.2402,14.9281],[-89.2402,14.928],[-89.2403,14.9274],[-89.2402,14.9271],[-89.2405,14.9268],[-89.2408,14.9264],[-89.241,14.926],[-89.2412,14.9256],[-89.2413,14.9252],[-89.2414,14.925],[-89.2416,14.9244],[-89.2415,14.9242],[-89.2415,14.9239],[-89.2416,14.9232],[-89.2417,14.9231],[-89.2417,14.923],[-89.2418,14.9228],[-89.2418,14.9226],[-89.2419,14.9223],[-89.2421,14.9222],[-89.2425,14.9219],[-89.2425,14.9218],[-89.2425,14.9216],[-89.2424,14.9212],[-89.2423,14.9209],[-89.2423,14.9208],[-89.2423,14.9206],[-89.2425,14.9204],[-89.2427,14.9205],[-89.2427,14.9206],[-89.2428,14.9207],[-89.243,14.9206],[-89.2432,14.9204],[-89.2433,14.9203],[-89.2433,14.92],[-89.2433,14.9198],[-89.2433,14.9198],[-89.2436,14.9195],[-89.2438,14.9194],[-89.244,14.9193],[-89.2442,14.9191],[-89.2442,14.919],[-89.2442,14.9189],[-89.2441,14.9187],[-89.2441,14.9186],[-89.2441,14.9185],[-89.2441,14.9184],[-89.2442,14.9183],[-89.2444,14.9183],[-89.2445,14.9183],[-89.2446,14.9181],[-89.2447,14.918],[-89.2446,14.9179],[-89.2445,14.9177],[-89.2443,14.9176],[-89.2442,14.9175],[-89.244,14.9172],[-89.244,14.917],[-89.244,14.917],[-89.2441,14.9169],[-89.2443,14.9166],[-89.2444,14.9164],[-89.2445,14.9161],[-89.251,14.909],[-89.253,14.9067],[-89.255,14.9041],[-89.2593,14.9004],[-89.2726,14.8958],[-89.2762,14.8948],[-89.2812,14.8943],[-89.2864,14.8964],[-89.2926,14.9001],[-89.3016,14.9045],[-89.3098,14.9078],[-89.3149,14.9109],[-89.3211,14.9119],[-89.3246,14.9115],[-89.3282,14.9099],[-89.3306,14.9095],[-89.3314,14.9089],[-89.336,14.9081],[-89.3417,14.906],[-89.343,14.905],[-89.351,14.9028],[-89.3585,14.9003],[-89.3613,14.8989],[-89.3647,14.8983],[-89.3659,14.8975],[-89.3704,14.8963],[-89.3725,14.8953],[-89.3784,14.8944],[-89.384,14.8956],[-89.3864,14.8966],[-89.3894,14.897],[-89.3962,14.8986],[-89.3988,14.8992],[-89.4021,14.9007],[-89.4072,14.9015],[-89.4082,14.902],[-89.4089,14.9024],[-89.4106,14.9025],[-89.4129,14.9035],[-89.4209,14.9051],[-89.4215,14.9055],[-89.4278,14.9061],[-89.4359,14.9026],[-89.446,14.9],[-89.4527,14.8995],[-89.4662,14.9002],[-89.4703,14.8996],[-89.4759,14.8978],[-89.4797,14.8955],[-89.482,14.8949],[-89.4849,14.893],[-89.4887,14.8896],[-89.4919,14.8824],[-89.4919,14.8812],[-89.4963,14.8742],[-89.4968,14.8735],[-89.4971,14.8731],[-89.4973,14.8726],[-89.4975,14.8719],[-89.4978,14.8714],[-89.4978,14.8711],[-89.4977,14.8708],[-89.4978,14.8701],[-89.4979,14.8697],[-89.4981,14.8693],[-89.4982,14.869],[-89.4983,14.8685],[-89.4984,14.8683],[-89.4985,14.8679],[-89.4986,14.8676],[-89.4987,14.8673],[-89.5007,14.8637],[-89.5019,14.8616],[-89.5062,14.8611],[-89.5108,14.8622],[-89.516,14.862],[-89.5251,14.8608],[-89.5409,14.8597],[-89.5475,14.8585],[-89.5604,14.8582],[-89.5676,14.8573],[-89.5683,14.8569],[-89.5811,14.8564],[-89.5844,14.8566],[-89.5864,14.8554],[-89.5879,14.8546],[-89.5893,14.8552],[-89.5926,14.8564],[-89.5963,14.8584],[-89.6019,14.8593],[-89.6044,14.8606],[-89.6134,14.8625],[-89.6167,14.8639],[-89.6231,14.8652],[-89.6277,14.8674],[-89.6316,14.8682],[-89.6368,14.8701],[-89.6484,14.8734],[-89.6494,14.8742],[-89.6532,14.8751],[-89.6665,14.8781],[-89.669,14.8756],[-89.6727,14.8736],[-89.6942,14.8562],[-89.6945,14.8555],[-89.6964,14.8549],[-89.6966,14.8542],[-89.6969,14.8532],[-89.7027,14.8476],[-89.7057,14.8456],[-89.7063,14.8446],[-89.7062,14.8437],[-89.7062,14.8413],[-89.7062,14.8401],[-89.7071,14.8366],[-89.7089,14.8333],[-89.7101,14.8289],[-89.7108,14.8282],[-89.7107,14.8274],[-89.7107,14.8267],[-89.7107,14.8236],[-89.7126,14.8183],[-89.7128,14.8177],[-89.7127,14.8173],[-89.7095,14.8085],[-89.7061,14.7979],[-89.7057,14.7972],[-89.7045,14.7931],[-89.7038,14.7872],[-89.7038,14.7871],[-89.703,14.7855],[-89.7031,14.7847],[-89.704,14.779],[-89.7063,14.7747],[-89.7076,14.7731],[-89.7112,14.7658],[-89.7116,14.7606],[-89.7125,14.7579],[-89.7143,14.7562],[-89.7184,14.7555],[-89.72,14.7544],[-89.7204,14.7509]]]}},{"type":"Feature","properties":{"name":"Sacatepéquez","id":"GT-SA"},"geometry":{"type":"Polygon","coordinates":[[[-90.6505,14.4524],[-90.6568,14.4602],[-90.664,14.4693],[-90.6662,14.4731],[-90.6691,14.4753],[-90.6707,14.4783],[-90.6673,14.5005],[-90.6587,14.5135],[-90.6631,14.5282],[-90.6629,14.5283],[-90.659,14.5312],[-90.652,14.5414],[-90.6505,14.5464],[-90.6549,14.5534],[-90.6551,14.5539],[-90.656,14.5564],[-90.656,14.5564],[-90.6514,14.5591],[-90.6496,14.5597],[-90.6477,14.5603],[-90.6441,14.5586],[-90.6416,14.5606],[-90.6423,14.5644],[-90.6595,14.5708],[-90.6633,14.5766],[-90.6639,14.5827],[-90.6637,14.584],[-90.6635,14.5864],[-90.6615,14.5882],[-90.6531,14.5895],[-90.6444,14.5874],[-90.6339,14.5818],[-90.6316,14.5768],[-90.6304,14.574],[-90.6275,14.5675],[-90.6253,14.5666],[-90.6233,14.5681],[-90.6243,14.5794],[-90.6247,14.5833],[-90.6213,14.5862],[-90.6143,14.5838],[-90.6125,14.5838],[-90.6093,14.5837],[-90.608,14.5843],[-90.6064,14.5852],[-90.606,14.5854],[-90.6048,14.586],[-90.6041,14.5869],[-90.604,14.5871],[-90.6039,14.5872],[-90.6038,14.5872],[-90.6035,14.5876],[-90.6034,14.5877],[-90.6029,14.5884],[-90.6045,14.5918],[-90.6109,14.5946],[-90.6252,14.5984],[-90.6325,14.6035],[-90.6335,14.614],[-90.6296,14.6162],[-90.6266,14.6202],[-90.6267,14.6241],[-90.6281,14.6256],[-90.632,14.6269],[-90.6343,14.6263],[-90.6401,14.6305],[-90.631,14.6533],[-90.6309,14.654],[-90.6315,14.6567],[-90.6321,14.6589],[-90.6393,14.6623],[-90.6423,14.6637],[-90.6555,14.6668],[-90.6609,14.6681],[-90.6659,14.6684],[-90.6675,14.6705],[-90.6714,14.6789],[-90.6737,14.6838],[-90.6755,14.6878],[-90.6798,14.7001],[-90.679,14.701],[-90.677,14.7034],[-90.6777,14.7066],[-90.6791,14.7129],[-90.6962,14.7153],[-90.6993,14.7102],[-90.701,14.7076],[-90.7051,14.7086],[-90.706,14.7087],[-90.7116,14.7017],[-90.7115,14.6963],[-90.7216,14.6963],[-90.7269,14.7005],[-90.7325,14.6994],[-90.7388,14.7077],[-90.7392,14.7114],[-90.7429,14.7142],[-90.749,14.7193],[-90.7534,14.7219],[-90.7549,14.72],[-90.7562,14.7184],[-90.7578,14.7141],[-90.7593,14.711],[-90.7625,14.7086],[-90.766,14.7094],[-90.7679,14.7059],[-90.7692,14.6989],[-90.7689,14.6942],[-90.77,14.6919],[-90.7708,14.6902],[-90.7699,14.6879],[-90.7691,14.686],[-90.7639,14.6731],[-90.7592,14.6619],[-90.7604,14.6575],[-90.7635,14.6505],[-90.7666,14.6458],[-90.7684,14.6429],[-90.7705,14.6411],[-90.7747,14.6401],[-90.7757,14.6382],[-90.7763,14.6369],[-90.7766,14.6361],[-90.7782,14.6342],[-90.777,14.6285],[-90.7775,14.627],[-90.7828,14.632],[-90.7853,14.6301],[-90.787,14.6274],[-90.7907,14.6242],[-90.7889,14.6111],[-90.7901,14.608],[-90.7923,14.6053],[-90.7928,14.5976],[-90.7933,14.5952],[-90.7975,14.5914],[-90.8,14.5884],[-90.8004,14.5831],[-90.8007,14.5814],[-90.8043,14.5795],[-90.8044,14.5794],[-90.8044,14.5794],[-90.8043,14.5727],[-90.8058,14.5695],[-90.8074,14.5664],[-90.8117,14.5608],[-90.8151,14.5581],[-90.8181,14.5547],[-90.8202,14.5546],[-90.823,14.5567],[-90.8293,14.5585],[-90.8359,14.5604],[-90.8376,14.5603],[-90.8498,14.5592],[-90.8588,14.5401],[-90.8616,14.5333],[-90.8684,14.5314],[-90.8741,14.5034],[-90.8742,14.5032],[-90.8732,14.4979],[-90.88,14.4716],[-90.8675,14.465],[-90.8612,14.4597],[-90.8528,14.45],[-90.8434,14.4473],[-90.8342,14.43],[-90.8339,14.423],[-90.8253,14.4174],[-90.8193,14.4089],[-90.8161,14.4077],[-90.8152,14.3985],[-90.8141,14.3888],[-90.8109,14.3861],[-90.8084,14.3845],[-90.808,14.3843],[-90.8054,14.3832],[-90.8025,14.3831],[-90.7967,14.3877],[-90.794,14.3959],[-90.7922,14.4009],[-90.7917,14.4035],[-90.7916,14.4057],[-90.7908,14.4088],[-90.7906,14.4121],[-90.7835,14.4297],[-90.7815,14.4312],[-90.7787,14.4304],[-90.776,14.4293],[-90.7734,14.4297],[-90.7709,14.4329],[-90.7688,14.4364],[-90.767,14.4392],[-90.7581,14.4466],[-90.7504,14.4533],[-90.7441,14.4578],[-90.7436,14.459],[-90.7429,14.4604],[-90.7416,14.4636],[-90.6697,14.4547],[-90.6505,14.4524]]]}},{"type":"Feature","properties":{"name":"Guatemala","id":"GT-GU"},"geometry":{"type":"Polygon","coordinates":[[[-90.3942,14.8744],[-90.3952,14.8749],[-90.3957,14.8755],[-90.3961,14.8762],[-90.3963,14.8769],[-90.3965,14.8776],[-90.3965,14.8779],[-90.3964,14.8783],[-90.3962,14.8787],[-90.396,14.8792],[-90.3961,14.8796],[-90.3963,14.8801],[-90.3966,14.8801],[-90.397,14.8802],[-90.3974,14.8805],[-90.3984,14.881],[-90.3986,14.8813],[-90.3988,14.8817],[-90.399,14.8822],[-90.3994,14.8826],[-90.3997,14.883],[-90.3999,14.8834],[-90.4002,14.884],[-90.4006,14.8845],[-90.401,14.8854],[-90.4011,14.8859],[-90.4013,14.8863],[-90.4016,14.8867],[-90.4019,14.8871],[-90.402,14.8875],[-90.402,14.8878],[-90.402,14.8883],[-90.4022,14.8887],[-90.4023,14.8892],[-90.4024,14.8896],[-90.4023,14.8901],[-90.4023,14.8906],[-90.4022,14.891],[-90.4021,14.8915],[-90.4019,14.8922],[-90.4018,14.8926],[-90.4016,14.893],[-90.4013,14.8934],[-90.401,14.8941],[-90.401,14.8946],[-90.4013,14.8951],[-90.4017,14.8954],[-90.4021,14.8957],[-90.4027,14.8958],[-90.4032,14.896],[-90.4036,14.8962],[-90.4038,14.8965],[-90.4038,14.897],[-90.4038,14.8973],[-90.4037,14.8977],[-90.4039,14.8981],[-90.4043,14.8984],[-90.4046,14.8987],[-90.4048,14.8991],[-90.4049,14.8992],[-90.4052,14.8994],[-90.4056,14.8995],[-90.406,14.8995],[-90.4066,14.8997],[-90.4069,14.9001],[-90.407,14.9004],[-90.4071,14.9007],[-90.4073,14.901],[-90.4076,14.9013],[-90.4078,14.9013],[-90.4078,14.9013],[-90.4081,14.9013],[-90.4082,14.9015],[-90.4081,14.9018],[-90.408,14.902],[-90.4079,14.9021],[-90.4079,14.9023],[-90.4079,14.9026],[-90.4079,14.9028],[-90.4078,14.903],[-90.4077,14.9034],[-90.4075,14.9037],[-90.4074,14.9039],[-90.4075,14.9043],[-90.4076,14.9046],[-90.4075,14.9049],[-90.4073,14.9052],[-90.4072,14.9056],[-90.4071,14.906],[-90.4072,14.9063],[-90.4072,14.9067],[-90.4071,14.907],[-90.4071,14.9072],[-90.4071,14.9075],[-90.407,14.9079],[-90.4069,14.9081],[-90.4067,14.9085],[-90.4066,14.9087],[-90.4066,14.909],[-90.4068,14.9093],[-90.4071,14.9096],[-90.4076,14.9098],[-90.4085,14.9104],[-90.4092,14.9106],[-90.4099,14.9108],[-90.4105,14.911],[-90.4113,14.9111],[-90.4122,14.911],[-90.4132,14.9109],[-90.4141,14.9109],[-90.4155,14.9111],[-90.4165,14.9113],[-90.4173,14.9115],[-90.4178,14.9118],[-90.4181,14.912],[-90.4185,14.9123],[-90.4189,14.9125],[-90.4196,14.9124],[-90.4202,14.9123],[-90.4205,14.9124],[-90.421,14.9127],[-90.4213,14.9129],[-90.4215,14.9132],[-90.4217,14.9135],[-90.422,14.914],[-90.4224,14.9143],[-90.4228,14.9146],[-90.4232,14.9148],[-90.4236,14.915],[-90.4243,14.9151],[-90.4248,14.915],[-90.4255,14.9146],[-90.4258,14.9142],[-90.4262,14.9137],[-90.4268,14.9132],[-90.4272,14.9128],[-90.4274,14.9124],[-90.4275,14.912],[-90.4278,14.9113],[-90.4279,14.9109],[-90.4281,14.9106],[-90.4285,14.9104],[-90.4287,14.9103],[-90.4294,14.9101],[-90.43,14.91],[-90.4306,14.9099],[-90.4316,14.9098],[-90.4323,14.9097],[-90.4326,14.9095],[-90.4329,14.9093],[-90.4332,14.9088],[-90.4333,14.908],[-90.4334,14.9077],[-90.4335,14.9077],[-90.4336,14.9073],[-90.4337,14.9067],[-90.4339,14.9059],[-90.4339,14.9056],[-90.4342,14.9054],[-90.4342,14.9054],[-90.4345,14.9053],[-90.4345,14.9049],[-90.4344,14.9045],[-90.4344,14.9041],[-90.4344,14.9039],[-90.4343,14.9035],[-90.4344,14.9034],[-90.4345,14.903],[-90.4346,14.9023],[-90.4345,14.902],[-90.4346,14.9015],[-90.4346,14.9014],[-90.4351,14.9008],[-90.4355,14.9002],[-90.4358,14.8994],[-90.4358,14.8989],[-90.4357,14.8981],[-90.4358,14.8975],[-90.4358,14.8966],[-90.4357,14.896],[-90.4354,14.8956],[-90.435,14.8952],[-90.4348,14.895],[-90.4348,14.8941],[-90.4349,14.8934],[-90.435,14.8928],[-90.4349,14.8922],[-90.4349,14.8916],[-90.4352,14.8911],[-90.4354,14.891],[-90.4359,14.8906],[-90.4365,14.8899],[-90.4372,14.8892],[-90.4375,14.8885],[-90.4376,14.8881],[-90.4375,14.888],[-90.4374,14.8878],[-90.437,14.8876],[-90.4367,14.8874],[-90.4361,14.8871],[-90.4357,14.887],[-90.4353,14.8869],[-90.4349,14.8869],[-90.4348,14.8867],[-90.4349,14.8863],[-90.4351,14.886],[-90.4353,14.8859],[-90.4357,14.8857],[-90.4361,14.8855],[-90.4362,14.8854],[-90.4369,14.8852],[-90.4374,14.885],[-90.4384,14.8847],[-90.4386,14.8846],[-90.4394,14.8845],[-90.4398,14.8843],[-90.4403,14.8837],[-90.4434,14.8826],[-90.4439,14.8826],[-90.4444,14.8825],[-90.4449,14.8824],[-90.4454,14.8826],[-90.4457,14.8828],[-90.4461,14.8831],[-90.4466,14.8831],[-90.4471,14.883],[-90.4474,14.8829],[-90.4479,14.8829],[-90.4484,14.8828],[-90.4487,14.8827],[-90.449,14.8825],[-90.4493,14.8822],[-90.4498,14.8819],[-90.4502,14.8817],[-90.4507,14.8817],[-90.4512,14.8818],[-90.4518,14.882],[-90.4522,14.8821],[-90.4529,14.8822],[-90.4534,14.882],[-90.4538,14.8818],[-90.4541,14.8816],[-90.4544,14.8815],[-90.4548,14.8815],[-90.4551,14.8816],[-90.4556,14.8815],[-90.4559,14.8816],[-90.4564,14.8818],[-90.4567,14.8821],[-90.457,14.8826],[-90.4573,14.883],[-90.4576,14.8831],[-90.4582,14.883],[-90.459,14.8829],[-90.4595,14.8827],[-90.4599,14.8826],[-90.4605,14.8825],[-90.4611,14.8825],[-90.4616,14.8825],[-90.4622,14.8827],[-90.4628,14.8829],[-90.4633,14.8831],[-90.4638,14.8832],[-90.4641,14.8832],[-90.4645,14.8832],[-90.4648,14.8831],[-90.4652,14.8829],[-90.4658,14.8825],[-90.4664,14.882],[-90.4666,14.8818],[-90.4668,14.8816],[-90.4674,14.8812],[-90.4678,14.8809],[-90.4683,14.8806],[-90.4686,14.8803],[-90.4689,14.8799],[-90.4692,14.8797],[-90.4696,14.8795],[-90.4703,14.8794],[-90.4713,14.8791],[-90.4722,14.879],[-90.4734,14.8789],[-90.4741,14.8791],[-90.4747,14.8793],[-90.4752,14.88],[-90.4757,14.8809],[-90.4762,14.8817],[-90.4767,14.8825],[-90.4774,14.8833],[-90.4781,14.8841],[-90.4787,14.8844],[-90.4794,14.8843],[-90.4803,14.884],[-90.481,14.8838],[-90.4818,14.8836],[-90.4822,14.8838],[-90.4825,14.8841],[-90.4829,14.8851],[-90.4835,14.8864],[-90.484,14.8869],[-90.4846,14.8874],[-90.4851,14.8877],[-90.4861,14.8878],[-90.4868,14.8878],[-90.4878,14.8876],[-90.4885,14.8877],[-90.4892,14.8878],[-90.4898,14.8882],[-90.4902,14.8886],[-90.4904,14.8887],[-90.4908,14.8893],[-90.4912,14.8898],[-90.4914,14.8903],[-90.4915,14.8905],[-90.4919,14.8912],[-90.4919,14.8919],[-90.4919,14.8925],[-90.4918,14.893],[-90.4919,14.8935],[-90.4921,14.894],[-90.4922,14.8944],[-90.4924,14.8949],[-90.4926,14.8953],[-90.493,14.8955],[-90.4934,14.8955],[-90.494,14.8953],[-90.4942,14.895],[-90.4942,14.8946],[-90.4942,14.8941],[-90.4942,14.8938],[-90.4942,14.8937],[-90.4943,14.8932],[-90.4945,14.8929],[-90.4948,14.8927],[-90.4952,14.8929],[-90.4952,14.8929],[-90.4955,14.8933],[-90.4959,14.8937],[-90.4966,14.8941],[-90.4972,14.8945],[-90.4976,14.8948],[-90.4982,14.8949],[-90.4985,14.8948],[-90.4986,14.8948],[-90.4992,14.8945],[-90.5003,14.8939],[-90.5011,14.8932],[-90.5018,14.8927],[-90.5024,14.8924],[-90.5027,14.8924],[-90.5035,14.8922],[-90.5044,14.8918],[-90.5055,14.8913],[-90.5062,14.8911],[-90.5069,14.8906],[-90.5076,14.8901],[-90.5082,14.8895],[-90.5088,14.8889],[-90.5095,14.8886],[-90.5104,14.8883],[-90.5112,14.8882],[-90.5119,14.8881],[-90.5127,14.888],[-90.5137,14.8878],[-90.5149,14.8872],[-90.5155,14.887],[-90.5163,14.887],[-90.5169,14.8871],[-90.5177,14.887],[-90.5186,14.8868],[-90.5193,14.8866],[-90.5199,14.8864],[-90.5205,14.8864],[-90.5211,14.8867],[-90.5219,14.887],[-90.5225,14.8872],[-90.5228,14.8872],[-90.5235,14.8872],[-90.524,14.8869],[-90.5245,14.8865],[-90.5249,14.8861],[-90.5249,14.8861],[-90.5253,14.8857],[-90.5258,14.8853],[-90.5261,14.8849],[-90.5267,14.8843],[-90.5271,14.8839],[-90.5273,14.8837],[-90.5276,14.8835],[-90.5282,14.8833],[-90.5287,14.8833],[-90.5295,14.8836],[-90.5303,14.8841],[-90.5306,14.8845],[-90.5308,14.8849],[-90.5312,14.8851],[-90.5317,14.8853],[-90.5322,14.8855],[-90.5328,14.8856],[-90.5334,14.8855],[-90.5339,14.8855],[-90.5339,14.8855],[-90.5345,14.8853],[-90.5351,14.8854],[-90.5352,14.8856],[-90.5355,14.8857],[-90.536,14.8858],[-90.5365,14.886],[-90.5368,14.8863],[-90.5372,14.8864],[-90.5376,14.8861],[-90.5378,14.8856],[-90.538,14.8851],[-90.5381,14.8847],[-90.5382,14.8843],[-90.5382,14.8841],[-90.5382,14.8837],[-90.5382,14.8834],[-90.5384,14.8831],[-90.5389,14.8829],[-90.539,14.8829],[-90.5396,14.8828],[-90.5399,14.8828],[-90.54,14.8828],[-90.5412,14.8831],[-90.5417,14.8833],[-90.5421,14.8834],[-90.5428,14.8835],[-90.5433,14.8834],[-90.5439,14.8829],[-90.5444,14.8824],[-90.5451,14.8816],[-90.5455,14.8811],[-90.5459,14.8806],[-90.5461,14.8801],[-90.5465,14.8795],[-90.5469,14.8787],[-90.5474,14.8782],[-90.5482,14.8778],[-90.5484,14.8774],[-90.5488,14.8769],[-90.5494,14.8766],[-90.55,14.8765],[-90.5508,14.8765],[-90.5514,14.8766],[-90.5519,14.8768],[-90.5526,14.8766],[-90.5534,14.8761],[-90.5548,14.8749],[-90.5555,14.8746],[-90.5562,14.8747],[-90.5568,14.8749],[-90.5574,14.8752],[-90.5581,14.8752],[-90.5592,14.8746],[-90.56,14.8738],[-90.5606,14.8733],[-90.5616,14.8727],[-90.5626,14.8722],[-90.5634,14.8722],[-90.5638,14.8723],[-90.5639,14.8723],[-90.564,14.8726],[-90.5642,14.873],[-90.564,14.8735],[-90.5639,14.8741],[-90.564,14.8747],[-90.564,14.8748],[-90.5642,14.8755],[-90.5646,14.8762],[-90.565,14.8766],[-90.5658,14.8765],[-90.5663,14.8761],[-90.5667,14.8755],[-90.5673,14.8747],[-90.5679,14.8742],[-90.5687,14.8734],[-90.5699,14.8729],[-90.5715,14.872],[-90.5723,14.8717],[-90.5732,14.8714],[-90.5739,14.8712],[-90.5748,14.8712],[-90.5753,14.8711],[-90.5759,14.8713],[-90.5763,14.8716],[-90.5767,14.8718],[-90.5772,14.8716],[-90.5774,14.8713],[-90.5774,14.8709],[-90.5777,14.8707],[-90.5782,14.8704],[-90.5783,14.8701],[-90.5783,14.8697],[-90.5785,14.8695],[-90.5789,14.8694],[-90.5794,14.8695],[-90.58,14.8699],[-90.5805,14.8701],[-90.581,14.8704],[-90.5818,14.8708],[-90.5833,14.8717],[-90.5845,14.8722],[-90.5851,14.8727],[-90.5856,14.8734],[-90.5859,14.8737],[-90.5868,14.8744],[-90.5876,14.8748],[-90.5884,14.8748],[-90.5889,14.8747],[-90.5892,14.8743],[-90.5895,14.8738],[-90.5897,14.8733],[-90.5898,14.8728],[-90.5898,14.8725],[-90.5898,14.872],[-90.59,14.8715],[-90.59,14.8713],[-90.5902,14.8708],[-90.5906,14.8707],[-90.5911,14.8709],[-90.5917,14.8712],[-90.5922,14.8715],[-90.5927,14.8718],[-90.5934,14.872],[-90.5942,14.8722],[-90.5949,14.8726],[-90.5954,14.8731],[-90.5964,14.8736],[-90.5971,14.8739],[-90.5978,14.8742],[-90.5981,14.8747],[-90.5986,14.8751],[-90.5992,14.8754],[-90.6,14.8759],[-90.6005,14.876],[-90.6015,14.8761],[-90.6022,14.8763],[-90.6023,14.8764],[-90.6027,14.8766],[-90.6031,14.8769],[-90.6039,14.8779],[-90.6042,14.8782],[-90.6051,14.8791],[-90.6057,14.8797],[-90.6064,14.88],[-90.6072,14.8802],[-90.6083,14.88],[-90.6093,14.8797],[-90.6106,14.8789],[-90.6116,14.8777],[-90.6121,14.8772],[-90.6129,14.8768],[-90.6136,14.8766],[-90.6142,14.8762],[-90.6147,14.8758],[-90.6152,14.8755],[-90.6157,14.8753],[-90.6157,14.8753],[-90.6166,14.8751],[-90.6175,14.8753],[-90.6176,14.8754],[-90.6181,14.8758],[-90.6192,14.877],[-90.6198,14.8772],[-90.6231,14.8781],[-90.6264,14.873],[-90.6325,14.8724],[-90.6374,14.8667],[-90.6437,14.8659],[-90.6469,14.8621],[-90.653,14.8639],[-90.6562,14.8618],[-90.6594,14.8599],[-90.6624,14.8581],[-90.6628,14.8579],[-90.6625,14.8575],[-90.6605,14.8545],[-90.6619,14.852],[-90.6636,14.8489],[-90.668,14.8465],[-90.668,14.8465],[-90.6714,14.8462],[-90.6759,14.8458],[-90.676,14.8456],[-90.6775,14.8438],[-90.6791,14.8417],[-90.6803,14.8403],[-90.6814,14.8397],[-90.6844,14.8379],[-90.6929,14.8332],[-90.6923,14.8271],[-90.6927,14.8244],[-90.6934,14.8204],[-90.6954,14.8161],[-90.6944,14.8142],[-90.694,14.8135],[-90.6884,14.8083],[-90.6852,14.8053],[-90.6874,14.8007],[-90.6923,14.7975],[-90.6943,14.7933],[-90.701,14.7925],[-90.7036,14.7885],[-90.7047,14.7866],[-90.7067,14.7835],[-90.7071,14.7802],[-90.7093,14.7778],[-90.7171,14.7769],[-90.719,14.7745],[-90.7192,14.7744],[-90.7199,14.7738],[-90.7202,14.7735],[-90.7221,14.7719],[-90.7247,14.7698],[-90.7308,14.7646],[-90.7316,14.764],[-90.7318,14.7638],[-90.7353,14.7609],[-90.7368,14.7602],[-90.7388,14.7594],[-90.7499,14.7479],[-90.7501,14.7477],[-90.7511,14.7464],[-90.7596,14.736],[-90.7595,14.7354],[-90.7593,14.7316],[-90.7562,14.7256],[-90.7534,14.7219],[-90.749,14.7193],[-90.7429,14.7142],[-90.7392,14.7114],[-90.7388,14.7077],[-90.7325,14.6994],[-90.7269,14.7005],[-90.7216,14.6963],[-90.7115,14.6963],[-90.7116,14.7017],[-90.706,14.7087],[-90.7051,14.7086],[-90.701,14.7076],[-90.6993,14.7102],[-90.6962,14.7153],[-90.6791,14.7129],[-90.6777,14.7066],[-90.677,14.7034],[-90.679,14.701],[-90.6798,14.7001],[-90.6755,14.6878],[-90.6737,14.6838],[-90.6714,14.6789],[-90.6675,14.6705],[-90.6659,14.6684],[-90.6609,14.6681],[-90.6555,14.6668],[-90.6423,14.6637],[-90.6393,14.6623],[-90.6321,14.6589],[-90.6315,14.6567],[-90.6309,14.654],[-90.631,14.6533],[-90.6401,14.6305],[-90.6343,14.6263],[-90.632,14.6269],[-90.6281,14.6256],[-90.6267,14.6241],[-90.6266,14.6202],[-90.6296,14.6162],[-90.6335,14.614],[-90.6325,14.6035],[-90.6252,14.5984],[-90.6109,14.5946],[-90.6045,14.5918],[-90.6029,14.5884],[-90.6034,14.5877],[-90.6035,14.5876],[-90.6038,14.5872],[-90.6039,14.5872],[-90.604,14.5871],[-90.6041,14.5869],[-90.6048,14.586],[-90.606,14.5854],[-90.6064,14.5852],[-90.608,14.5843],[-90.6093,14.5837],[-90.6125,14.5838],[-90.6143,14.5838],[-90.6213,14.5862],[-90.6247,14.5833],[-90.6243,14.5794],[-90.6233,14.5681],[-90.6253,14.5666],[-90.6275,14.5675],[-90.6304,14.574],[-90.6316,14.5768],[-90.6339,14.5818],[-90.6444,14.5874],[-90.6531,14.5895],[-90.6615,14.5882],[-90.6635,14.5864],[-90.6637,14.584],[-90.6639,14.5827],[-90.6633,14.5766],[-90.6595,14.5708],[-90.6423,14.5644],[-90.6416,14.5606],[-90.6441,14.5586],[-90.6477,14.5603],[-90.6496,14.5597],[-90.6514,14.5591],[-90.656,14.5564],[-90.656,14.5564],[-90.6551,14.5539],[-90.6549,14.5534],[-90.6505,14.5464],[-90.652,14.5414],[-90.659,14.5312],[-90.6629,14.5283],[-90.6631,14.5282],[-90.6587,14.5135],[-90.6673,14.5005],[-90.6707,14.4783],[-90.6691,14.4753],[-90.6662,14.4731],[-90.664,14.4693],[-90.6568,14.4602],[-90.6505,14.4524],[-90.6488,14.4514],[-90.6262,14.4377],[-90.6164,14.4344],[-90.5878,14.427],[-90.5905,14.406],[-90.5879,14.3956],[-90.5948,14.3833],[-90.5985,14.3768],[-90.6105,14.3554],[-90.6065,14.3455],[-90.5905,14.3067],[-90.5775,14.2988],[-90.5757,14.295],[-90.5757,14.2904],[-90.5718,14.2883],[-90.569,14.2863],[-90.5666,14.2813],[-90.5663,14.2785],[-90.5669,14.2759],[-90.5687,14.2719],[-90.573,14.2683],[-90.5736,14.2653],[-90.5736,14.2621],[-90.5729,14.2566],[-90.571,14.2571],[-90.5671,14.2592],[-90.5633,14.2629],[-90.5614,14.2664],[-90.5612,14.2682],[-90.5559,14.27],[-90.5544,14.2726],[-90.5532,14.2746],[-90.5504,14.2747],[-90.5481,14.276],[-90.5455,14.2773],[-90.5425,14.2751],[-90.541,14.2759],[-90.539,14.2781],[-90.537,14.2787],[-90.5326,14.2784],[-90.53,14.2805],[-90.5275,14.2836],[-90.5227,14.2838],[-90.5208,14.2864],[-90.515,14.2873],[-90.5132,14.2868],[-90.5122,14.2908],[-90.5096,14.298],[-90.508,14.2982],[-90.506,14.2985],[-90.5048,14.302],[-90.5012,14.3025],[-90.4958,14.3058],[-90.4933,14.3091],[-90.4875,14.3089],[-90.481,14.314],[-90.4763,14.3146],[-90.4743,14.3187],[-90.4688,14.3195],[-90.4561,14.3189],[-90.4542,14.3212],[-90.4554,14.3263],[-90.455,14.3304],[-90.4506,14.3344],[-90.4465,14.3324],[-90.4444,14.333],[-90.4429,14.3334],[-90.4428,14.3333],[-90.4379,14.3332],[-90.4375,14.3345],[-90.4388,14.338],[-90.4334,14.3383],[-90.4323,14.3425],[-90.4292,14.3447],[-90.4304,14.3486],[-90.4285,14.3547],[-90.4295,14.3581],[-90.4306,14.3609],[-90.4324,14.3657],[-90.4329,14.3668],[-90.4328,14.3712],[-90.4343,14.3796],[-90.4356,14.3826],[-90.4353,14.3862],[-90.4352,14.3932],[-90.4388,14.4024],[-90.4395,14.4041],[-90.4388,14.4093],[-90.4371,14.4128],[-90.4337,14.4157],[-90.4214,14.4286],[-90.4191,14.4309],[-90.416,14.4334],[-90.4155,14.4338],[-90.4141,14.4373],[-90.4147,14.4461],[-90.4147,14.4468],[-90.4147,14.4475],[-90.4154,14.4617],[-90.4134,14.4733],[-90.4111,14.4771],[-90.407,14.4811],[-90.4054,14.4805],[-90.4021,14.4793],[-90.3995,14.4821],[-90.3976,14.4826],[-90.3892,14.4847],[-90.3924,14.4908],[-90.3905,14.4929],[-90.39,14.493],[-90.3866,14.4939],[-90.383,14.4954],[-90.3793,14.4946],[-90.377,14.4895],[-90.3745,14.4884],[-90.3733,14.4905],[-90.3721,14.4906],[-90.3697,14.4916],[-90.3656,14.4939],[-90.3657,14.4966],[-90.3605,14.4964],[-90.3582,14.4989],[-90.3537,14.5029],[-90.337,14.4961],[-90.3362,14.4885],[-90.3359,14.4856],[-90.3326,14.4809],[-90.3308,14.4678],[-90.3276,14.4682],[-90.327,14.4708],[-90.3244,14.4754],[-90.3221,14.476],[-90.3216,14.4779],[-90.3191,14.4807],[-90.3147,14.482],[-90.3141,14.4945],[-90.314,14.4964],[-90.3049,14.5089],[-90.3028,14.5119],[-90.2978,14.5133],[-90.297,14.5149],[-90.2954,14.5186],[-90.2892,14.5212],[-90.2854,14.52],[-90.2778,14.5175],[-90.2725,14.5281],[-90.2675,14.5382],[-90.2628,14.5479],[-90.2512,14.5489],[-90.2591,14.5622],[-90.2651,14.5901],[-90.2674,14.601],[-90.2674,14.6013],[-90.2677,14.6026],[-90.2604,14.6086],[-90.2447,14.6213],[-90.24,14.6248],[-90.2301,14.6319],[-90.23,14.632],[-90.2269,14.6343],[-90.222,14.6348],[-90.2218,14.6349],[-90.2195,14.6358],[-90.2181,14.6371],[-90.2154,14.6447],[-90.214,14.6484],[-90.2141,14.6534],[-90.2141,14.6561],[-90.2158,14.6621],[-90.2124,14.6657],[-90.2101,14.6685],[-90.2094,14.6694],[-90.2035,14.6758],[-90.2041,14.6821],[-90.2042,14.6822],[-90.2106,14.6863],[-90.221,14.6931],[-90.2267,14.696],[-90.2384,14.7016],[-90.2406,14.702],[-90.2516,14.7036],[-90.2561,14.7042],[-90.2606,14.7049],[-90.2641,14.7059],[-90.2643,14.706],[-90.2645,14.7061],[-90.2653,14.7063],[-90.2657,14.7064],[-90.2698,14.7077],[-90.2879,14.713],[-90.2919,14.7183],[-90.2964,14.7233],[-90.3016,14.7235],[-90.3056,14.7236],[-90.3116,14.7271],[-90.3169,14.7312],[-90.3174,14.7316],[-90.3185,14.7325],[-90.3216,14.735],[-90.3218,14.7361],[-90.3221,14.7382],[-90.3229,14.7432],[-90.3231,14.7449],[-90.3257,14.75],[-90.3273,14.7532],[-90.3278,14.7542],[-90.3303,14.7607],[-90.3342,14.7639],[-90.3344,14.7662],[-90.3354,14.7701],[-90.3377,14.7739],[-90.3388,14.7765],[-90.3388,14.7787],[-90.3374,14.7793],[-90.3368,14.7795],[-90.3376,14.7819],[-90.3373,14.7839],[-90.3339,14.7877],[-90.3348,14.7891],[-90.3341,14.7912],[-90.3335,14.7916],[-90.3316,14.7952],[-90.3326,14.7977],[-90.3364,14.8003],[-90.3386,14.8029],[-90.3386,14.8057],[-90.3363,14.809],[-90.3364,14.8094],[-90.3366,14.8111],[-90.3353,14.8139],[-90.3286,14.8174],[-90.3273,14.8183],[-90.3273,14.8183],[-90.3236,14.8207],[-90.3238,14.823],[-90.3246,14.825],[-90.3238,14.8299],[-90.3272,14.8293],[-90.3281,14.8322],[-90.3314,14.8333],[-90.3324,14.8351],[-90.3353,14.8386],[-90.339,14.8417],[-90.3414,14.843],[-90.3469,14.8442],[-90.3476,14.846],[-90.3519,14.8459],[-90.3551,14.8468],[-90.3573,14.8464],[-90.3596,14.8448],[-90.3632,14.8453],[-90.3656,14.8469],[-90.3705,14.8472],[-90.374,14.8463],[-90.3779,14.8444],[-90.3829,14.8439],[-90.4032,14.8459],[-90.4033,14.8459],[-90.4033,14.8462],[-90.4031,14.8468],[-90.4031,14.8468],[-90.4028,14.8473],[-90.4025,14.8477],[-90.4022,14.8482],[-90.4021,14.8487],[-90.4021,14.8489],[-90.4023,14.8493],[-90.4025,14.8496],[-90.4025,14.8498],[-90.4024,14.85],[-90.4023,14.8502],[-90.4024,14.8505],[-90.4024,14.8509],[-90.4026,14.8513],[-90.4029,14.8517],[-90.4031,14.8518],[-90.4033,14.852],[-90.4036,14.8523],[-90.4038,14.8525],[-90.404,14.8526],[-90.4042,14.8528],[-90.4042,14.8528],[-90.4042,14.8531],[-90.4042,14.8533],[-90.404,14.8535],[-90.404,14.8535],[-90.4038,14.8536],[-90.4037,14.8539],[-90.4037,14.8541],[-90.4038,14.8541],[-90.4039,14.8543],[-90.404,14.8544],[-90.4041,14.8546],[-90.4042,14.8548],[-90.4041,14.8549],[-90.4038,14.855],[-90.4035,14.8551],[-90.4033,14.8553],[-90.4033,14.8557],[-90.4032,14.8561],[-90.4031,14.8564],[-90.4028,14.8567],[-90.4026,14.8569],[-90.4025,14.857],[-90.4022,14.8571],[-90.4021,14.8572],[-90.402,14.8573],[-90.4016,14.8576],[-90.4014,14.858],[-90.4013,14.8584],[-90.4014,14.8587],[-90.4016,14.8589],[-90.402,14.8591],[-90.4024,14.8592],[-90.4027,14.8592],[-90.4032,14.8593],[-90.4035,14.8594],[-90.4036,14.8597],[-90.4037,14.86],[-90.4036,14.8603],[-90.4035,14.8607],[-90.4033,14.861],[-90.4033,14.8612],[-90.4032,14.8615],[-90.4034,14.8618],[-90.4037,14.8619],[-90.404,14.8619],[-90.4044,14.862],[-90.4047,14.8622],[-90.4049,14.8624],[-90.4051,14.8627],[-90.4052,14.8629],[-90.4048,14.8636],[-90.4047,14.8641],[-90.4048,14.8644],[-90.4048,14.8648],[-90.4047,14.8651],[-90.4046,14.8654],[-90.4046,14.8658],[-90.4045,14.8662],[-90.4045,14.8665],[-90.4045,14.8667],[-90.4044,14.8668],[-90.4042,14.8671],[-90.4039,14.8676],[-90.4035,14.8678],[-90.4033,14.868],[-90.4028,14.8682],[-90.4024,14.8685],[-90.4022,14.8687],[-90.402,14.869],[-90.4016,14.8692],[-90.4012,14.8694],[-90.4006,14.8698],[-90.4002,14.8701],[-90.3999,14.8704],[-90.3997,14.8708],[-90.3993,14.8709],[-90.3988,14.871],[-90.3984,14.8711],[-90.3979,14.8712],[-90.3974,14.8714],[-90.397,14.8717],[-90.3967,14.8719],[-90.3964,14.872],[-90.396,14.8724],[-90.3958,14.8726],[-90.3956,14.8728],[-90.3953,14.873],[-90.3952,14.8732],[-90.3948,14.8738],[-90.3948,14.8738],[-90.3942,14.8744]],[[-90.6049,14.4726],[-90.6053,14.473],[-90.6055,14.4737],[-90.6057,14.4743],[-90.6059,14.4752],[-90.6062,14.4762],[-90.6063,14.4767],[-90.6062,14.4774],[-90.6062,14.4779],[-90.6061,14.4787],[-90.6061,14.4793],[-90.6062,14.4797],[-90.6066,14.4806],[-90.6071,14.4812],[-90.6077,14.4816],[-90.6087,14.4825],[-90.6094,14.4832],[-90.6099,14.4837],[-90.6102,14.4842],[-90.6104,14.485],[-90.6107,14.4858],[-90.611,14.4863],[-90.6112,14.4868],[-90.6112,14.4875],[-90.6112,14.4882],[-90.6109,14.4892],[-90.6105,14.4897],[-90.6099,14.4899],[-90.6094,14.4899],[-90.6086,14.4898],[-90.6079,14.4895],[-90.6072,14.489],[-90.6065,14.4888],[-90.6058,14.4888],[-90.6053,14.4886],[-90.6048,14.4884],[-90.6044,14.4879],[-90.6042,14.4874],[-90.6039,14.4868],[-90.6034,14.4861],[-90.6029,14.4858],[-90.6024,14.4856],[-90.6014,14.4855],[-90.6008,14.4853],[-90.5994,14.4848],[-90.5984,14.4843],[-90.5978,14.4841],[-90.5972,14.4841],[-90.5967,14.4841],[-90.5961,14.4842],[-90.5953,14.4844],[-90.5948,14.4845],[-90.5937,14.4844],[-90.593,14.4843],[-90.5925,14.4841],[-90.5913,14.4838],[-90.5906,14.4837],[-90.5898,14.4833],[-90.5889,14.4822],[-90.5884,14.4818],[-90.588,14.4814],[-90.5871,14.4813],[-90.5864,14.4816],[-90.5855,14.4815],[-90.5849,14.481],[-90.5845,14.4805],[-90.5837,14.4801],[-90.5824,14.48],[-90.5818,14.48],[-90.5811,14.4803],[-90.5808,14.4808],[-90.5805,14.4814],[-90.5802,14.4823],[-90.58,14.483],[-90.5797,14.4837],[-90.5793,14.4841],[-90.5768,14.4867],[-90.5762,14.487],[-90.5752,14.487],[-90.5746,14.4869],[-90.574,14.4868],[-90.5731,14.4869],[-90.5725,14.4871],[-90.572,14.4871],[-90.5711,14.487],[-90.5706,14.4867],[-90.5698,14.4863],[-90.5692,14.4861],[-90.5683,14.4858],[-90.5681,14.485],[-90.5682,14.4845],[-90.5683,14.4839],[-90.5684,14.4833],[-90.5686,14.4825],[-90.569,14.482],[-90.5698,14.4815],[-90.5702,14.4813],[-90.5706,14.481],[-90.5703,14.4805],[-90.5696,14.4802],[-90.5692,14.4799],[-90.5689,14.4791],[-90.5696,14.4782],[-90.5701,14.4776],[-90.5704,14.477],[-90.5708,14.4766],[-90.5713,14.4764],[-90.5719,14.4763],[-90.572,14.4757],[-90.5716,14.4749],[-90.5716,14.4743],[-90.5739,14.4725],[-90.575,14.4716],[-90.5753,14.4711],[-90.5752,14.4703],[-90.5749,14.4697],[-90.5743,14.4693],[-90.5736,14.4693],[-90.5726,14.4694],[-90.5715,14.4697],[-90.5708,14.4701],[-90.5702,14.4703],[-90.5694,14.4704],[-90.5689,14.4701],[-90.5685,14.4697],[-90.5682,14.469],[-90.5676,14.4684],[-90.5671,14.4678],[-90.567,14.4672],[-90.5669,14.4667],[-90.5665,14.466],[-90.5665,14.4652],[-90.5665,14.4645],[-90.5666,14.4639],[-90.5666,14.4633],[-90.5667,14.4628],[-90.5668,14.4623],[-90.5672,14.4616],[-90.567,14.4609],[-90.5666,14.4599],[-90.5666,14.4588],[-90.5667,14.4583],[-90.567,14.4577],[-90.5674,14.4574],[-90.5674,14.4566],[-90.5665,14.4565],[-90.5659,14.4571],[-90.5652,14.4574],[-90.5646,14.4571],[-90.5639,14.4565],[-90.5636,14.4559],[-90.5633,14.4553],[-90.5631,14.4547],[-90.5631,14.4541],[-90.5641,14.4535],[-90.5649,14.4532],[-90.5655,14.4527],[-90.5651,14.4519],[-90.5646,14.4514],[-90.5638,14.451],[-90.5632,14.4509],[-90.5624,14.4507],[-90.562,14.4501],[-90.5619,14.4495],[-90.5616,14.449],[-90.561,14.4488],[-90.5606,14.4493],[-90.5607,14.45],[-90.5608,14.4505],[-90.5609,14.451],[-90.5608,14.452],[-90.5603,14.4523],[-90.5596,14.452],[-90.559,14.4515],[-90.5581,14.4515],[-90.5573,14.4517],[-90.5569,14.4511],[-90.5567,14.45],[-90.5565,14.4495],[-90.5561,14.449],[-90.5552,14.4488],[-90.5544,14.4488],[-90.5538,14.4487],[-90.553,14.4484],[-90.5523,14.448],[-90.5513,14.4468],[-90.5505,14.4463],[-90.5501,14.446],[-90.5496,14.4456],[-90.5494,14.4451],[-90.5491,14.4446],[-90.5483,14.4442],[-90.5477,14.4443],[-90.547,14.4447],[-90.5466,14.4451],[-90.5458,14.4453],[-90.5449,14.4451],[-90.5441,14.445],[-90.5436,14.4456],[-90.5432,14.4462],[-90.5426,14.4466],[-90.542,14.4466],[-90.5409,14.4467],[-90.5404,14.4467],[-90.5389,14.4473],[-90.5383,14.4475],[-90.5374,14.4476],[-90.5365,14.4473],[-90.536,14.4467],[-90.5357,14.4463],[-90.5351,14.446],[-90.5343,14.4462],[-90.5336,14.4465],[-90.5329,14.4463],[-90.5321,14.4462],[-90.5312,14.4463],[-90.5306,14.4465],[-90.5298,14.4464],[-90.5289,14.4461],[-90.5284,14.4456],[-90.5281,14.445],[-90.5285,14.444],[-90.529,14.4433],[-90.5298,14.4428],[-90.5305,14.4424],[-90.5313,14.4423],[-90.5323,14.4423],[-90.5331,14.4419],[-90.5334,14.4413],[-90.5336,14.4406],[-90.5339,14.44],[-90.5344,14.4395],[-90.535,14.439],[-90.5355,14.4385],[-90.5358,14.4379],[-90.5359,14.4373],[-90.5358,14.4365],[-90.5355,14.436],[-90.5352,14.4351],[-90.5352,14.4344],[-90.5352,14.4339],[-90.5352,14.4327],[-90.5353,14.4319],[-90.5352,14.4296],[-90.535,14.4288],[-90.5345,14.4272],[-90.5342,14.4261],[-90.534,14.4253],[-90.534,14.4246],[-90.5341,14.424],[-90.5342,14.4235],[-90.5345,14.4231],[-90.5347,14.4226],[-90.5351,14.4222],[-90.5361,14.4213],[-90.5367,14.4207],[-90.5372,14.4201],[-90.5378,14.4198],[-90.5382,14.4195],[-90.5388,14.4191],[-90.5399,14.4191],[-90.5407,14.4192],[-90.5413,14.4196],[-90.5418,14.4202],[-90.5424,14.421],[-90.5429,14.4212],[-90.5439,14.4213],[-90.545,14.4215],[-90.5457,14.4216],[-90.5462,14.4217],[-90.5469,14.4221],[-90.5475,14.4227],[-90.548,14.4232],[-90.5486,14.4238],[-90.5494,14.4239],[-90.5502,14.4239],[-90.5511,14.4239],[-90.5519,14.4245],[-90.5522,14.4251],[-90.5522,14.4261],[-90.552,14.427],[-90.5526,14.4274],[-90.5532,14.4277],[-90.5536,14.4281],[-90.5541,14.4285],[-90.5547,14.429],[-90.5552,14.4295],[-90.5557,14.4299],[-90.556,14.4305],[-90.5562,14.4311],[-90.5564,14.4316],[-90.5565,14.4321],[-90.5566,14.4325],[-90.5569,14.4332],[-90.5571,14.4338],[-90.5571,14.4343],[-90.5573,14.4365],[-90.5575,14.4375],[-90.5578,14.4383],[-90.5581,14.439],[-90.5586,14.4396],[-90.5592,14.4403],[-90.5607,14.4421],[-90.5613,14.4429],[-90.562,14.444],[-90.5631,14.4455],[-90.5645,14.4472],[-90.5649,14.4478],[-90.5654,14.4487],[-90.5678,14.4526],[-90.5688,14.4538],[-90.5694,14.4545],[-90.5702,14.455],[-90.5713,14.4556],[-90.5721,14.456],[-90.5728,14.4564],[-90.5733,14.4569],[-90.5736,14.4574],[-90.5738,14.458],[-90.5743,14.459],[-90.5746,14.4598],[-90.5747,14.4607],[-90.5746,14.4613],[-90.5746,14.4619],[-90.5747,14.4626],[-90.5751,14.4634],[-90.5756,14.4638],[-90.5761,14.4643],[-90.5767,14.4647],[-90.5772,14.465],[-90.5781,14.4651],[-90.5786,14.4651],[-90.5791,14.4651],[-90.5798,14.4649],[-90.5804,14.4644],[-90.5809,14.4639],[-90.5825,14.4623],[-90.583,14.4619],[-90.5836,14.4617],[-90.5843,14.4618],[-90.585,14.462],[-90.5854,14.4625],[-90.586,14.4631],[-90.5869,14.4643],[-90.5874,14.4652],[-90.5875,14.466],[-90.5875,14.4666],[-90.5874,14.4672],[-90.5872,14.4688],[-90.5872,14.4694],[-90.5873,14.4701],[-90.5876,14.4705],[-90.588,14.4711],[-90.5886,14.4717],[-90.5896,14.4725],[-90.591,14.4736],[-90.5918,14.4744],[-90.5931,14.4758],[-90.5939,14.4767],[-90.5944,14.4771],[-90.595,14.4773],[-90.5956,14.4775],[-90.5964,14.4775],[-90.5973,14.4776],[-90.5981,14.4776],[-90.5987,14.4773],[-90.5991,14.477],[-90.5995,14.4767],[-90.6001,14.4761],[-90.6011,14.4751],[-90.6023,14.4734],[-90.6029,14.4728],[-90.6035,14.4725],[-90.6043,14.4725],[-90.6049,14.4726]]]}},{"type":"Feature","properties":{"name":"Izabal","id":"GT-IZ"},"geometry":{"type":"MultiPolygon","coordinates":[[[[-88.6034,15.7052],[-88.6035,15.7052],[-88.6035,15.7049],[-88.6031,15.7043],[-88.6025,15.7042],[-88.6018,15.7042],[-88.6011,15.7041],[-88.6014,15.7049],[-88.6023,15.7052],[-88.6026,15.7047],[-88.6034,15.7052]]],[[[-89.6269,15.1615],[-89.6261,15.1614],[-89.617,15.1601],[-89.613,15.1605],[-89.6002,15.1653],[-89.5985,15.1666],[-89.5853,15.1722],[-89.5838,15.1721],[-89.5828,15.1727],[-89.5776,15.1739],[-89.5734,15.1759],[-89.5687,15.1795],[-89.566,15.1808],[-89.5631,15.1813],[-89.5608,15.1808],[-89.5573,15.1779],[-89.5553,15.1768],[-89.5499,15.1767],[-89.5459,15.1733],[-89.5449,15.1735],[-89.543,15.175],[-89.5401,15.1755],[-89.5393,15.1754],[-89.5381,15.1762],[-89.5357,15.1762],[-89.5326,15.1761],[-89.5313,15.1761],[-89.5297,15.1769],[-89.5284,15.1775],[-89.5264,15.1777],[-89.5254,15.1779],[-89.5239,15.1789],[-89.5233,15.1794],[-89.5215,15.1791],[-89.5168,15.1818],[-89.5138,15.1816],[-89.5129,15.183],[-89.5109,15.1834],[-89.5078,15.1834],[-89.5049,15.1854],[-89.4994,15.1869],[-89.4922,15.189],[-89.4901,15.1891],[-89.4888,15.1891],[-89.4879,15.19],[-89.4848,15.1929],[-89.4826,15.1927],[-89.4766,15.1953],[-89.4686,15.1954],[-89.4671,15.1954],[-89.4662,15.1962],[-89.4625,15.1994],[-89.4554,15.2011],[-89.4516,15.2024],[-89.4499,15.204],[-89.4436,15.2061],[-89.4402,15.2078],[-89.438,15.2107],[-89.4345,15.2115],[-89.4271,15.2135],[-89.421,15.2155],[-89.415,15.2206],[-89.4123,15.2228],[-89.4071,15.2287],[-89.4036,15.2352],[-89.4015,15.2386],[-89.3995,15.2387],[-89.3975,15.2367],[-89.3963,15.2367],[-89.3954,15.2374],[-89.3952,15.2392],[-89.395,15.2408],[-89.3959,15.2434],[-89.3961,15.2442],[-89.3952,15.2461],[-89.3941,15.2473],[-89.3933,15.2504],[-89.3921,15.2514],[-89.3909,15.2537],[-89.3881,15.2579],[-89.3828,15.2669],[-89.3797,15.2696],[-89.3752,15.272],[-89.3659,15.2752],[-89.3626,15.2772],[-89.3594,15.278],[-89.3563,15.2777],[-89.3532,15.2757],[-89.3476,15.2739],[-89.3432,15.2748],[-89.34,15.2765],[-89.3376,15.2774],[-89.33,15.2759],[-89.3256,15.2719],[-89.3243,15.2714],[-89.3205,15.2716],[-89.3172,15.2725],[-89.3154,15.2737],[-89.3129,15.2734],[-89.3102,15.2726],[-89.3088,15.2728],[-89.3074,15.2739],[-89.3068,15.2759],[-89.3068,15.276],[-89.3078,15.2803],[-89.3079,15.2811],[-89.3058,15.2861],[-89.2993,15.2917],[-89.2972,15.2925],[-89.2904,15.2935],[-89.2816,15.2935],[-89.2795,15.2932],[-89.2741,15.2936],[-89.2698,15.293],[-89.2666,15.2937],[-89.2613,15.2967],[-89.2579,15.2978],[-89.2541,15.2973],[-89.2526,15.2962],[-89.2522,15.294],[-89.2522,15.2936],[-89.2538,15.2847],[-89.2538,15.2845],[-89.2535,15.2837],[-89.2518,15.2829],[-89.2503,15.2832],[-89.2486,15.2842],[-89.2482,15.2854],[-89.2465,15.287],[-89.2464,15.2879],[-89.2455,15.2881],[-89.2417,15.2929],[-89.2388,15.2949],[-89.2361,15.2962],[-89.2331,15.2962],[-89.2298,15.2956],[-89.2256,15.2932],[-89.2223,15.2908],[-89.2224,15.2893],[-89.2225,15.2876],[-89.2224,15.2874],[-89.2215,15.2833],[-89.2215,15.281],[-89.2215,15.2795],[-89.2214,15.2793],[-89.2202,15.276],[-89.2178,15.274],[-89.2137,15.2734],[-89.209,15.2745],[-89.2057,15.2768],[-89.2034,15.2776],[-89.2032,15.2784],[-89.2008,15.2785],[-89.1922,15.283],[-89.1899,15.2832],[-89.1879,15.2822],[-89.1864,15.2799],[-89.1864,15.2789],[-89.1863,15.2769],[-89.1873,15.275],[-89.1876,15.2733],[-89.1875,15.272],[-89.1874,15.2704],[-89.1863,15.2687],[-89.1849,15.2679],[-89.1766,15.2679],[-89.1756,15.2672],[-89.1756,15.2663],[-89.1756,15.2578],[-89.1756,15.2577],[-89.1753,15.2569],[-89.1753,15.2561],[-89.1751,15.2426],[-89.1746,15.2086],[-89.1746,15.2086],[-89.176,15.2081],[-89.1766,15.2078],[-89.1769,15.2076],[-89.1772,15.2072],[-89.1777,15.2069],[-89.1781,15.2068],[-89.1786,15.2066],[-89.1789,15.2059],[-89.179,15.2053],[-89.1791,15.2047],[-89.1791,15.2047],[-89.1793,15.2043],[-89.1799,15.2038],[-89.18,15.2037],[-89.1803,15.2036],[-89.1807,15.2037],[-89.1816,15.2039],[-89.1822,15.204],[-89.1829,15.2039],[-89.184,15.2035],[-89.1841,15.2031],[-89.1842,15.2026],[-89.1841,15.2024],[-89.1843,15.2021],[-89.1846,15.2019],[-89.1848,15.2018],[-89.1852,15.2016],[-89.1857,15.2014],[-89.1862,15.2014],[-89.187,15.2014],[-89.1879,15.2013],[-89.1882,15.2013],[-89.1887,15.2009],[-89.1894,15.2002],[-89.1895,15.2001],[-89.1898,15.1997],[-89.1903,15.1996],[-89.191,15.1995],[-89.1916,15.1991],[-89.1922,15.1985],[-89.1922,15.1985],[-89.1922,15.1985],[-89.193,15.1981],[-89.1936,15.1979],[-89.1946,15.1972],[-89.1946,15.1971],[-89.1949,15.1967],[-89.1957,15.1963],[-89.1962,15.1961],[-89.1964,15.196],[-89.1972,15.1955],[-89.1974,15.195],[-89.1977,15.1946],[-89.1979,15.1945],[-89.1988,15.1947],[-89.1989,15.1947],[-89.1997,15.1947],[-89.2007,15.1945],[-89.2011,15.1941],[-89.2013,15.1937],[-89.2019,15.1932],[-89.2019,15.1932],[-89.2025,15.1927],[-89.2028,15.1925],[-89.203,15.1925],[-89.2031,15.1925],[-89.2038,15.1925],[-89.2043,15.1923],[-89.2049,15.1919],[-89.2049,15.1914],[-89.2049,15.1909],[-89.205,15.1909],[-89.2051,15.1906],[-89.2054,15.1906],[-89.2055,15.1906],[-89.2063,15.1909],[-89.2067,15.1911],[-89.2071,15.191],[-89.2075,15.1908],[-89.2078,15.1902],[-89.2084,15.1899],[-89.2091,15.1895],[-89.2098,15.1893],[-89.2103,15.1889],[-89.2105,15.1883],[-89.2104,15.1882],[-89.2112,15.1872],[-89.2114,15.1871],[-89.2116,15.1869],[-89.2115,15.1867],[-89.2115,15.1865],[-89.2117,15.186],[-89.2122,15.1855],[-89.2129,15.1849],[-89.2142,15.1842],[-89.2151,15.1839],[-89.2154,15.1839],[-89.2159,15.1839],[-89.2167,15.1838],[-89.2172,15.1838],[-89.2179,15.1834],[-89.2185,15.1829],[-89.2187,15.1825],[-89.2186,15.1819],[-89.2186,15.1818],[-89.2185,15.1812],[-89.2173,15.1814],[-89.2163,15.1817],[-89.2157,15.1822],[-89.2151,15.1826],[-89.2145,15.1831],[-89.2142,15.1831],[-89.214,15.1829],[-89.2139,15.1824],[-89.2136,15.1814],[-89.2136,15.1809],[-89.2137,15.1801],[-89.2132,15.1792],[-89.2129,15.1787],[-89.2126,15.1783],[-89.2117,15.1778],[-89.2108,15.1774],[-89.2098,15.177],[-89.2086,15.177],[-89.2078,15.1769],[-89.2077,15.1769],[-89.2074,15.177],[-89.207,15.1769],[-89.2066,15.1768],[-89.206,15.1766],[-89.2059,15.1765],[-89.2051,15.1767],[-89.2047,15.1768],[-89.2045,15.1767],[-89.2039,15.1763],[-89.2036,15.1763],[-89.2034,15.1763],[-89.203,15.1764],[-89.2028,15.1768],[-89.2028,15.1771],[-89.203,15.1775],[-89.2031,15.1776],[-89.2032,15.1779],[-89.2035,15.1783],[-89.2038,15.1786],[-89.2039,15.1787],[-89.2037,15.1792],[-89.2033,15.1795],[-89.203,15.1795],[-89.2026,15.1796],[-89.2023,15.1795],[-89.2018,15.1791],[-89.2013,15.179],[-89.201,15.1791],[-89.2008,15.1792],[-89.2,15.1792],[-89.1998,15.1789],[-89.1997,15.1786],[-89.1996,15.1782],[-89.1995,15.1778],[-89.1995,15.1776],[-89.1994,15.1773],[-89.1999,15.1769],[-89.2,15.1766],[-89.2002,15.1763],[-89.2003,15.1763],[-89.2005,15.1761],[-89.2009,15.1761],[-89.2011,15.1762],[-89.2012,15.1765],[-89.2012,15.1768],[-89.2014,15.177],[-89.2016,15.177],[-89.2018,15.1769],[-89.2019,15.1767],[-89.202,15.1764],[-89.2021,15.1759],[-89.2021,15.1757],[-89.202,15.1753],[-89.2019,15.1751],[-89.2018,15.1751],[-89.2014,15.1749],[-89.2013,15.1749],[-89.201,15.1748],[-89.2005,15.1748],[-89.1997,15.1744],[-89.1993,15.1742],[-89.1986,15.1739],[-89.198,15.1739],[-89.1972,15.1738],[-89.1966,15.1738],[-89.1961,15.1736],[-89.1957,15.1734],[-89.1954,15.1731],[-89.1952,15.1728],[-89.195,15.1725],[-89.1948,15.1722],[-89.1948,15.1717],[-89.1949,15.1714],[-89.1953,15.1712],[-89.1954,15.1711],[-89.1958,15.171],[-89.1963,15.1708],[-89.1967,15.1707],[-89.1968,15.1702],[-89.1968,15.1697],[-89.1971,15.1695],[-89.1977,15.1695],[-89.1983,15.1695],[-89.1986,15.1692],[-89.1987,15.1687],[-89.1985,15.1682],[-89.1982,15.1679],[-89.198,15.1678],[-89.1979,15.1677],[-89.1979,15.1677],[-89.1977,15.1673],[-89.1975,15.1669],[-89.197,15.1668],[-89.1966,15.1669],[-89.1964,15.1671],[-89.196,15.1674],[-89.1956,15.1675],[-89.1952,15.1673],[-89.1954,15.1669],[-89.1956,15.1668],[-89.196,15.1665],[-89.1962,15.166],[-89.1965,15.1656],[-89.1965,15.1656],[-89.1967,15.1654],[-89.1971,15.165],[-89.1972,15.1647],[-89.197,15.1642],[-89.1969,15.1641],[-89.1965,15.1638],[-89.1962,15.1637],[-89.196,15.164],[-89.1957,15.1643],[-89.1956,15.1648],[-89.1955,15.1649],[-89.1949,15.1657],[-89.1945,15.1658],[-89.1942,15.1656],[-89.194,15.1655],[-89.194,15.165],[-89.1943,15.1647],[-89.1945,15.1646],[-89.1948,15.1643],[-89.1949,15.1641],[-89.1948,15.1636],[-89.1942,15.1632],[-89.1938,15.1634],[-89.1934,15.1637],[-89.1932,15.1639],[-89.1929,15.164],[-89.1921,15.164],[-89.192,15.1636],[-89.1923,15.1631],[-89.1925,15.163],[-89.1929,15.1625],[-89.193,15.1624],[-89.1931,15.1623],[-89.1928,15.1618],[-89.1926,15.1615],[-89.1925,15.1614],[-89.1921,15.1611],[-89.1918,15.161],[-89.1917,15.1607],[-89.1918,15.1604],[-89.1918,15.16],[-89.1917,15.1595],[-89.1915,15.1593],[-89.1911,15.1594],[-89.191,15.1595],[-89.1906,15.1596],[-89.1904,15.1592],[-89.1904,15.1589],[-89.1907,15.1586],[-89.1909,15.1584],[-89.1908,15.1581],[-89.1908,15.1576],[-89.1908,15.157],[-89.1907,15.1567],[-89.1904,15.1562],[-89.1901,15.156],[-89.1896,15.156],[-89.189,15.1559],[-89.1886,15.1557],[-89.1883,15.1552],[-89.1882,15.1548],[-89.1884,15.1546],[-89.1885,15.1544],[-89.1888,15.1542],[-89.1893,15.1539],[-89.1897,15.1538],[-89.1897,15.1538],[-89.1901,15.1537],[-89.1904,15.1533],[-89.1903,15.1532],[-89.1902,15.1528],[-89.1901,15.1527],[-89.1899,15.1526],[-89.1897,15.1524],[-89.1896,15.152],[-89.1898,15.1519],[-89.1902,15.1518],[-89.1906,15.1519],[-89.1909,15.152],[-89.1909,15.152],[-89.1913,15.1522],[-89.1914,15.1522],[-89.1921,15.1521],[-89.1923,15.152],[-89.1923,15.1519],[-89.1922,15.1515],[-89.192,15.1513],[-89.1915,15.151],[-89.1913,15.1509],[-89.191,15.1507],[-89.1908,15.1507],[-89.1904,15.1508],[-89.1901,15.1509],[-89.1898,15.1509],[-89.1894,15.1508],[-89.1892,15.1506],[-89.1891,15.1502],[-89.1892,15.1499],[-89.1894,15.1498],[-89.1896,15.1498],[-89.1902,15.1497],[-89.1905,15.1497],[-89.1907,15.1496],[-89.1908,15.1496],[-89.191,15.1492],[-89.191,15.149],[-89.1908,15.1485],[-89.1905,15.148],[-89.1905,15.1479],[-89.1904,15.1475],[-89.1903,15.147],[-89.19,15.1465],[-89.1894,15.1464],[-89.1892,15.1464],[-89.1887,15.1461],[-89.1887,15.1459],[-89.1889,15.1456],[-89.189,15.1452],[-89.1889,15.1447],[-89.1886,15.1444],[-89.1881,15.1442],[-89.1877,15.1442],[-89.1871,15.1443],[-89.1863,15.1443],[-89.1861,15.1443],[-89.1853,15.144],[-89.1852,15.1439],[-89.185,15.1434],[-89.1849,15.1429],[-89.1846,15.1426],[-89.1842,15.1425],[-89.1834,15.1423],[-89.183,15.1422],[-89.1824,15.1421],[-89.1819,15.142],[-89.1818,15.142],[-89.1812,15.1422],[-89.1811,15.1424],[-89.1807,15.1427],[-89.1805,15.1427],[-89.1802,15.1424],[-89.1801,15.1419],[-89.1801,15.1414],[-89.1805,15.1411],[-89.181,15.1406],[-89.181,15.1402],[-89.1811,15.1396],[-89.1812,15.139],[-89.181,15.1385],[-89.1808,15.1383],[-89.1808,15.1383],[-89.1806,15.1381],[-89.1805,15.1376],[-89.1802,15.1372],[-89.1799,15.137],[-89.1796,15.137],[-89.1792,15.1367],[-89.1794,15.1363],[-89.1796,15.1359],[-89.1799,15.1357],[-89.1802,15.1356],[-89.1802,15.1356],[-89.1808,15.1354],[-89.1813,15.1354],[-89.1817,15.1354],[-89.1822,15.1352],[-89.1824,15.135],[-89.1827,15.1347],[-89.1831,15.1343],[-89.1832,15.1337],[-89.1829,15.1331],[-89.1827,15.133],[-89.1823,15.1326],[-89.1822,15.1325],[-89.1816,15.1323],[-89.181,15.1323],[-89.1805,15.1322],[-89.1798,15.132],[-89.1795,15.1318],[-89.179,15.1315],[-89.1788,15.131],[-89.1786,15.1304],[-89.1786,15.1299],[-89.1786,15.1294],[-89.1785,15.1281],[-89.1787,15.1277],[-89.179,15.1272],[-89.1793,15.1267],[-89.1797,15.1259],[-89.1799,15.1252],[-89.1799,15.1248],[-89.1796,15.1242],[-89.1796,15.1242],[-89.1792,15.1237],[-89.1789,15.1235],[-89.1788,15.1234],[-89.1785,15.1232],[-89.1783,15.1227],[-89.1781,15.1222],[-89.1778,15.1215],[-89.1776,15.121],[-89.1774,15.1204],[-89.1776,15.1198],[-89.1779,15.1195],[-89.1783,15.1189],[-89.1784,15.1183],[-89.1784,15.1179],[-89.1783,15.1176],[-89.178,15.1171],[-89.1774,15.1166],[-89.1773,15.1162],[-89.1767,15.1155],[-89.1768,15.1151],[-89.1771,15.1148],[-89.1775,15.1147],[-89.1778,15.1146],[-89.1783,15.1145],[-89.1786,15.1143],[-89.1788,15.1142],[-89.1792,15.1141],[-89.1794,15.1141],[-89.1795,15.1141],[-89.1802,15.1139],[-89.181,15.1135],[-89.181,15.1134],[-89.1811,15.113],[-89.1811,15.1126],[-89.1812,15.1123],[-89.1813,15.112],[-89.1816,15.1115],[-89.182,15.1112],[-89.1825,15.1109],[-89.183,15.1108],[-89.1834,15.1106],[-89.1837,15.1102],[-89.1839,15.1099],[-89.1843,15.1096],[-89.1847,15.1095],[-89.1852,15.1095],[-89.1854,15.1095],[-89.1859,15.1098],[-89.1863,15.11],[-89.1865,15.1099],[-89.1866,15.1097],[-89.1866,15.1092],[-89.1865,15.1089],[-89.1864,15.1083],[-89.1863,15.1082],[-89.1862,15.1079],[-89.1862,15.1073],[-89.1862,15.107],[-89.1862,15.1066],[-89.186,15.106],[-89.1857,15.1055],[-89.1854,15.105],[-89.1851,15.1043],[-89.185,15.1038],[-89.1848,15.1033],[-89.1844,15.103],[-89.1838,15.1028],[-89.1837,15.1028],[-89.1827,15.1032],[-89.1823,15.103],[-89.1821,15.1027],[-89.1819,15.102],[-89.1816,15.1015],[-89.1813,15.1009],[-89.1811,15.1003],[-89.1809,15.0998],[-89.1806,15.0991],[-89.1805,15.0987],[-89.18,15.0982],[-89.1797,15.0981],[-89.1793,15.0981],[-89.1789,15.0982],[-89.1787,15.0983],[-89.1783,15.0977],[-89.1779,15.0975],[-89.1776,15.0973],[-89.1775,15.0971],[-89.1775,15.0966],[-89.1774,15.0963],[-89.1773,15.0961],[-89.1771,15.0959],[-89.177,15.0956],[-89.1769,15.0951],[-89.1768,15.095],[-89.1766,15.0947],[-89.1764,15.0945],[-89.1763,15.0943],[-89.1763,15.0939],[-89.1762,15.0934],[-89.1763,15.0932],[-89.1765,15.0927],[-89.1765,15.0924],[-89.1763,15.092],[-89.1762,15.092],[-89.176,15.0919],[-89.1758,15.0916],[-89.1758,15.0914],[-89.1759,15.091],[-89.1758,15.0906],[-89.1756,15.0904],[-89.1752,15.0903],[-89.175,15.0904],[-89.1749,15.0908],[-89.1748,15.091],[-89.1745,15.0912],[-89.1742,15.0911],[-89.174,15.091],[-89.1739,15.0907],[-89.174,15.0903],[-89.1741,15.09],[-89.1744,15.0896],[-89.1749,15.0891],[-89.1751,15.0887],[-89.1753,15.0883],[-89.1753,15.088],[-89.1752,15.0875],[-89.1751,15.0871],[-89.1752,15.0866],[-89.1752,15.086],[-89.1751,15.0858],[-89.1746,15.0857],[-89.1741,15.0856],[-89.174,15.0855],[-89.1736,15.0857],[-89.1733,15.086],[-89.1727,15.0863],[-89.1724,15.0866],[-89.1721,15.0868],[-89.1716,15.0869],[-89.1714,15.0864],[-89.1708,15.0863],[-89.1703,15.085],[-89.1702,15.0846],[-89.1699,15.0839],[-89.1698,15.0834],[-89.1698,15.0829],[-89.1695,15.0826],[-89.1692,15.0824],[-89.1688,15.0824],[-89.1683,15.0827],[-89.1683,15.083],[-89.1683,15.0835],[-89.168,15.0837],[-89.1677,15.0837],[-89.1672,15.0835],[-89.1669,15.0831],[-89.1666,15.0827],[-89.1665,15.0822],[-89.1664,15.0817],[-89.1663,15.0812],[-89.166,15.0806],[-89.1656,15.0806],[-89.1652,15.0804],[-89.1651,15.0801],[-89.1652,15.0798],[-89.1653,15.0797],[-89.1657,15.0793],[-89.166,15.0792],[-89.1662,15.0788],[-89.1663,15.0782],[-89.166,15.0779],[-89.1657,15.078],[-89.1656,15.0781],[-89.1652,15.0785],[-89.1648,15.0788],[-89.1643,15.0792],[-89.1639,15.0795],[-89.1634,15.0797],[-89.1628,15.0795],[-89.1625,15.0793],[-89.1624,15.0789],[-89.1624,15.0786],[-89.1625,15.0781],[-89.1627,15.0777],[-89.1628,15.0774],[-89.1629,15.0772],[-89.1631,15.0766],[-89.1633,15.076],[-89.1634,15.0756],[-89.1632,15.0748],[-89.1627,15.0742],[-89.1619,15.0738],[-89.1614,15.0733],[-89.1611,15.0726],[-89.1607,15.0723],[-89.1602,15.0722],[-89.16,15.0724],[-89.1598,15.0727],[-89.1597,15.0727],[-89.1595,15.073],[-89.1592,15.0731],[-89.1584,15.0728],[-89.1578,15.0726],[-89.1574,15.0718],[-89.1572,15.0711],[-89.1567,15.0707],[-89.1558,15.0703],[-89.1551,15.0701],[-89.1546,15.0696],[-89.1544,15.0688],[-89.1536,15.0683],[-89.1534,15.0684],[-89.1532,15.0686],[-89.1526,15.0686],[-89.1505,15.0695],[-89.145,15.0718],[-89.1415,15.0728],[-89.1411,15.073],[-89.1403,15.0736],[-89.1397,15.0735],[-89.139,15.0738],[-89.137,15.075],[-89.1309,15.0769],[-89.126,15.0791],[-89.1225,15.0801],[-89.1207,15.0811],[-89.1134,15.0838],[-89.1063,15.0862],[-89.1029,15.0878],[-89.0979,15.0894],[-89.0973,15.0896],[-89.0963,15.0903],[-89.0935,15.091],[-89.0908,15.092],[-89.0856,15.0943],[-89.0835,15.0948],[-89.0824,15.0952],[-89.0816,15.0957],[-89.0764,15.0975],[-89.0721,15.0991],[-89.0667,15.1014],[-89.0658,15.1015],[-89.0643,15.102],[-89.0629,15.1028],[-89.0603,15.1036],[-89.0578,15.1045],[-89.0575,15.1048],[-89.057,15.1048],[-89.0561,15.1052],[-89.0556,15.1056],[-89.053,15.1063],[-89.0488,15.1079],[-89.0487,15.108],[-89.0405,15.1111],[-89.038,15.112],[-89.0322,15.1142],[-89.0321,15.1145],[-89.0288,15.1155],[-89.0207,15.1185],[-89.0197,15.119],[-89.019,15.1192],[-89.0132,15.1213],[-89.0112,15.1223],[-89.0098,15.1227],[-89.0069,15.1238],[-89.0064,15.124],[-89.0042,15.1248],[-88.9987,15.1268],[-88.9985,15.1272],[-88.9961,15.1278],[-88.9871,15.1312],[-88.9864,15.1316],[-88.9855,15.1319],[-88.9745,15.136],[-88.9743,15.1361],[-88.9731,15.1368],[-88.8736,15.2199],[-88.8706,15.2226],[-88.8702,15.223],[-88.8637,15.2275],[-88.8565,15.2335],[-88.854,15.2352],[-88.8507,15.2384],[-88.8504,15.2384],[-88.8456,15.2432],[-88.7593,15.2943],[-88.6782,15.3423],[-88.6223,15.3967],[-88.6216,15.3976],[-88.6212,15.3977],[-88.6207,15.3982],[-88.6207,15.3984],[-88.6183,15.401],[-88.6161,15.4027],[-88.6153,15.404],[-88.6142,15.4051],[-88.6136,15.405],[-88.6125,15.4062],[-88.6121,15.407],[-88.6106,15.408],[-88.6052,15.4132],[-88.5919,15.4213],[-88.5867,15.4222],[-88.5849,15.4218],[-88.5842,15.4194],[-88.5839,15.4192],[-88.5804,15.4213],[-88.5779,15.4242],[-88.5744,15.4261],[-88.5697,15.4279],[-88.5685,15.4289],[-88.5673,15.431],[-88.5657,15.4346],[-88.5647,15.4359],[-88.5638,15.4364],[-88.5628,15.4368],[-88.5622,15.4369],[-88.5619,15.4374],[-88.5619,15.439],[-88.5619,15.4404],[-88.562,15.4404],[-88.562,15.4408],[-88.562,15.4439],[-88.5597,15.4455],[-88.5527,15.4464],[-88.5393,15.4573],[-88.5386,15.458],[-88.5317,15.464],[-88.5303,15.4659],[-88.525,15.4705],[-88.5232,15.4728],[-88.5217,15.4739],[-88.5191,15.4767],[-88.5186,15.4767],[-88.5186,15.4773],[-88.5148,15.4809],[-88.508,15.4874],[-88.5072,15.4877],[-88.5027,15.4927],[-88.5002,15.4943],[-88.4942,15.4977],[-88.4893,15.501],[-88.4856,15.5035],[-88.4821,15.5056],[-88.472,15.5131],[-88.3721,15.596],[-88.3457,15.6177],[-88.3457,15.6177],[-88.3446,15.6185],[-88.3445,15.6186],[-88.3443,15.6191],[-88.3347,15.633],[-88.3345,15.6331],[-88.3338,15.6343],[-88.3327,15.6358],[-88.3324,15.6364],[-88.3307,15.6387],[-88.3305,15.6389],[-88.3302,15.639],[-88.3299,15.6392],[-88.3296,15.6393],[-88.3295,15.6394],[-88.3294,15.6396],[-88.3292,15.6399],[-88.3292,15.6399],[-88.3291,15.64],[-88.3289,15.6405],[-88.3292,15.6408],[-88.3294,15.6409],[-88.3295,15.6412],[-88.3296,15.6415],[-88.3296,15.6417],[-88.3297,15.6419],[-88.3297,15.6421],[-88.3296,15.6422],[-88.3295,15.6423],[-88.3294,15.6425],[-88.3293,15.6427],[-88.3293,15.6434],[-88.3292,15.6437],[-88.3291,15.6439],[-88.3288,15.6441],[-88.3284,15.6443],[-88.3282,15.6444],[-88.328,15.6446],[-88.3278,15.6451],[-88.3276,15.6454],[-88.3273,15.6457],[-88.3271,15.6459],[-88.3269,15.6461],[-88.3268,15.6465],[-88.3267,15.6467],[-88.3265,15.6469],[-88.3264,15.6471],[-88.3262,15.6473],[-88.3257,15.6477],[-88.3253,15.6481],[-88.325,15.6484],[-88.3249,15.6487],[-88.3248,15.6492],[-88.3247,15.6495],[-88.3245,15.6499],[-88.3243,15.6504],[-88.3239,15.6509],[-88.3236,15.6512],[-88.3235,15.652],[-88.3235,15.6527],[-88.3233,15.6534],[-88.3234,15.6535],[-88.3237,15.6538],[-88.3239,15.6541],[-88.3241,15.6545],[-88.3241,15.6548],[-88.324,15.6551],[-88.3238,15.6555],[-88.3236,15.6559],[-88.3232,15.6569],[-88.3231,15.657],[-88.324,15.6581],[-88.3246,15.6588],[-88.3247,15.6596],[-88.3251,15.6621],[-88.3252,15.6631],[-88.3255,15.6645],[-88.3256,15.6655],[-88.3256,15.6656],[-88.3256,15.6672],[-88.3255,15.6691],[-88.3255,15.6704],[-88.3253,15.6713],[-88.325,15.6721],[-88.3249,15.6723],[-88.3247,15.6725],[-88.3245,15.6725],[-88.3242,15.6724],[-88.3239,15.6723],[-88.3237,15.672],[-88.3236,15.6717],[-88.3235,15.6715],[-88.3234,15.6715],[-88.3228,15.6707],[-88.3224,15.6703],[-88.3219,15.6702],[-88.3214,15.6701],[-88.3209,15.6702],[-88.3201,15.6703],[-88.3193,15.6705],[-88.3188,15.6707],[-88.318,15.6711],[-88.3174,15.6716],[-88.3167,15.6726],[-88.3142,15.679],[-88.3139,15.6794],[-88.3135,15.6799],[-88.313,15.6801],[-88.3124,15.6802],[-88.3118,15.6802],[-88.3111,15.68],[-88.3105,15.6797],[-88.3098,15.6791],[-88.3085,15.6777],[-88.3077,15.676],[-88.3059,15.6726],[-88.3056,15.6721],[-88.3052,15.6717],[-88.3043,15.6715],[-88.3037,15.6715],[-88.3027,15.6717],[-88.2993,15.673],[-88.2965,15.6741],[-88.2954,15.6744],[-88.2943,15.6746],[-88.2935,15.6747],[-88.292,15.6747],[-88.2909,15.6747],[-88.2894,15.6747],[-88.2883,15.6746],[-88.2869,15.6744],[-88.2858,15.6743],[-88.2849,15.6743],[-88.2837,15.6745],[-88.2829,15.6747],[-88.2821,15.6751],[-88.2816,15.6754],[-88.2811,15.6759],[-88.2807,15.6764],[-88.2803,15.6768],[-88.2801,15.6774],[-88.28,15.6779],[-88.2799,15.6786],[-88.2799,15.6787],[-88.28,15.6793],[-88.2804,15.6806],[-88.2812,15.6824],[-88.2829,15.6838],[-88.2842,15.6849],[-88.285,15.6856],[-88.2855,15.6863],[-88.2859,15.687],[-88.286,15.6879],[-88.2861,15.6887],[-88.286,15.6889],[-88.286,15.6889],[-88.2861,15.6897],[-88.286,15.6905],[-88.2857,15.6912],[-88.285,15.6919],[-88.2843,15.6922],[-88.2832,15.6923],[-88.2825,15.6922],[-88.2816,15.692],[-88.281,15.6918],[-88.2804,15.6913],[-88.2795,15.6903],[-88.2781,15.6884],[-88.2772,15.6869],[-88.2759,15.6856],[-88.2755,15.6853],[-88.275,15.6852],[-88.274,15.6852],[-88.2734,15.6853],[-88.2728,15.6856],[-88.2724,15.6859],[-88.2719,15.6868],[-88.2707,15.6888],[-88.2698,15.6904],[-88.2693,15.691],[-88.2689,15.6913],[-88.2683,15.6917],[-88.2671,15.6916],[-88.2665,15.6914],[-88.2659,15.6907],[-88.2657,15.6902],[-88.2656,15.6893],[-88.2656,15.6883],[-88.2656,15.6883],[-88.2655,15.6871],[-88.2656,15.6863],[-88.2661,15.6846],[-88.2663,15.6837],[-88.2662,15.6833],[-88.2659,15.6827],[-88.2654,15.6823],[-88.2649,15.682],[-88.2644,15.6819],[-88.2635,15.6818],[-88.2629,15.6818],[-88.2618,15.6822],[-88.2606,15.6827],[-88.2593,15.6836],[-88.2585,15.6844],[-88.258,15.6854],[-88.2578,15.6861],[-88.2578,15.6867],[-88.2579,15.6871],[-88.2586,15.6882],[-88.2607,15.6904],[-88.2618,15.6913],[-88.2622,15.6919],[-88.2625,15.6926],[-88.2627,15.6933],[-88.2626,15.6936],[-88.2626,15.6936],[-88.2627,15.6943],[-88.2625,15.6949],[-88.2616,15.6953],[-88.2608,15.695],[-88.2601,15.6943],[-88.2597,15.6938],[-88.259,15.6925],[-88.258,15.6913],[-88.2562,15.6894],[-88.2556,15.689],[-88.2547,15.6885],[-88.2538,15.6881],[-88.2525,15.6877],[-88.2515,15.6876],[-88.2509,15.6876],[-88.2499,15.6878],[-88.2491,15.6881],[-88.2484,15.6887],[-88.248,15.6891],[-88.2477,15.6898],[-88.2476,15.6906],[-88.2476,15.6907],[-88.2476,15.691],[-88.2484,15.6933],[-88.2486,15.6941],[-88.2485,15.6945],[-88.2487,15.695],[-88.2485,15.6958],[-88.2476,15.6963],[-88.2447,15.6973],[-88.244,15.6981],[-88.244,15.6993],[-88.2441,15.7015],[-88.244,15.7026],[-88.2432,15.7047],[-88.2425,15.7082],[-88.2424,15.7086],[-88.2425,15.7089],[-88.2442,15.7094],[-88.2451,15.7096],[-88.2458,15.7097],[-88.2464,15.7104],[-88.2466,15.711],[-88.2468,15.7118],[-88.2469,15.7124],[-88.2478,15.7141],[-88.2496,15.716],[-88.2502,15.7169],[-88.2508,15.7176],[-88.2511,15.7182],[-88.2512,15.7188],[-88.2511,15.7191],[-88.2511,15.7192],[-88.2512,15.7197],[-88.251,15.7205],[-88.2504,15.7211],[-88.2498,15.7213],[-88.2479,15.7219],[-88.246,15.7221],[-88.2431,15.7221],[-88.2411,15.722],[-88.2397,15.7221],[-88.2379,15.7223],[-88.236,15.7225],[-88.2332,15.7227],[-88.2304,15.7229],[-88.2291,15.723],[-88.227,15.7231],[-88.2282,15.7236],[-88.2294,15.7241],[-88.2306,15.7245],[-88.2315,15.7247],[-88.2325,15.7246],[-88.2334,15.7248],[-88.2343,15.725],[-88.2353,15.7255],[-88.2364,15.7257],[-88.2377,15.7262],[-88.2393,15.7267],[-88.2409,15.7273],[-88.2427,15.7278],[-88.2434,15.7279],[-88.2441,15.7281],[-88.2451,15.7285],[-88.2465,15.7288],[-88.2498,15.7302],[-88.2498,15.7305],[-88.2501,15.7306],[-88.251,15.7309],[-88.2514,15.7309],[-88.2514,15.7309],[-88.2519,15.731],[-88.2527,15.7311],[-88.2556,15.7326],[-88.2575,15.7339],[-88.2595,15.7348],[-88.2614,15.7358],[-88.2624,15.7367],[-88.2631,15.7374],[-88.2649,15.7384],[-88.2674,15.7401],[-88.2689,15.7411],[-88.2696,15.7415],[-88.2701,15.7418],[-88.2708,15.7423],[-88.2788,15.7504],[-88.2804,15.7522],[-88.2807,15.7525],[-88.2816,15.7528],[-88.282,15.7531],[-88.2832,15.7543],[-88.2859,15.7572],[-88.2901,15.7608],[-88.292,15.7623],[-88.2937,15.7641],[-88.2952,15.7654],[-88.296,15.766],[-88.2974,15.7674],[-88.2991,15.769],[-88.3011,15.7709],[-88.3029,15.7725],[-88.3047,15.7741],[-88.3084,15.7771],[-88.3104,15.7785],[-88.3108,15.7786],[-88.3114,15.7791],[-88.3126,15.78],[-88.3152,15.7816],[-88.3165,15.7825],[-88.3176,15.7833],[-88.319,15.7841],[-88.3194,15.7845],[-88.322,15.7864],[-88.3241,15.7877],[-88.3249,15.7883],[-88.3262,15.7892],[-88.328,15.7903],[-88.3289,15.7909],[-88.3302,15.7917],[-88.3321,15.7926],[-88.3341,15.7937],[-88.3359,15.7948],[-88.3388,15.7964],[-88.3397,15.7969],[-88.3412,15.7978],[-88.3423,15.7986],[-88.3442,15.7997],[-88.3459,15.8009],[-88.3481,15.8022],[-88.3488,15.8027],[-88.3496,15.8033],[-88.3503,15.8039],[-88.3511,15.8044],[-88.3518,15.8046],[-88.3527,15.8053],[-88.3551,15.8068],[-88.3559,15.8073],[-88.3563,15.8076],[-88.3564,15.8077],[-88.3583,15.8091],[-88.3598,15.8101],[-88.361,15.8108],[-88.3623,15.8116],[-88.3639,15.8126],[-88.3652,15.8134],[-88.3666,15.8142],[-88.3677,15.8148],[-88.3682,15.8151],[-88.369,15.8155],[-88.3698,15.8158],[-88.371,15.8165],[-88.3716,15.817],[-88.3763,15.8193],[-88.3777,15.8203],[-88.3779,15.8203],[-88.3811,15.8217],[-88.3826,15.8226],[-88.3832,15.8229],[-88.3834,15.823],[-88.3851,15.8239],[-88.3898,15.8263],[-88.3902,15.8264],[-88.3911,15.8267],[-88.3913,15.8267],[-88.3915,15.8264],[-88.3916,15.8265],[-88.3921,15.8268],[-88.3926,15.8271],[-88.3929,15.8275],[-88.3937,15.8278],[-88.3949,15.8281],[-88.3961,15.8287],[-88.3973,15.8293],[-88.3985,15.8302],[-88.4005,15.8311],[-88.4018,15.832],[-88.4028,15.8324],[-88.4036,15.8329],[-88.4048,15.8335],[-88.4068,15.8345],[-88.408,15.8353],[-88.4089,15.8358],[-88.4105,15.8366],[-88.412,15.8373],[-88.4136,15.8383],[-88.4151,15.839],[-88.4178,15.8406],[-88.4178,15.8406],[-88.4192,15.8413],[-88.4201,15.8417],[-88.4211,15.8421],[-88.4213,15.8422],[-88.4215,15.8423],[-88.4235,15.8432],[-88.4249,15.8439],[-88.4262,15.8445],[-88.427,15.8449],[-88.4278,15.8454],[-88.428,15.8455],[-88.4292,15.8461],[-88.4293,15.8462],[-88.4296,15.8462],[-88.4305,15.8466],[-88.4313,15.8473],[-88.4354,15.8496],[-88.4376,15.851],[-88.4394,15.8522],[-88.4403,15.8529],[-88.451,15.8592],[-88.4526,15.8605],[-88.4533,15.8609],[-88.454,15.8613],[-88.4548,15.8617],[-88.4558,15.8624],[-88.4565,15.8629],[-88.4573,15.8635],[-88.4583,15.8643],[-88.4675,15.8712],[-88.4702,15.8734],[-88.4748,15.8764],[-88.4783,15.8788],[-88.4844,15.883],[-88.4888,15.886],[-88.4894,15.8864],[-88.491,15.8875],[-88.493,15.889],[-88.4999,15.8941],[-88.5039,15.8969],[-88.5082,15.9008],[-88.5166,15.9083],[-88.5206,15.9124],[-88.5281,15.9204],[-88.5327,15.9247],[-88.5445,15.9361],[-88.5458,15.9371],[-88.5492,15.9398],[-88.552,15.9422],[-88.5534,15.9433],[-88.5549,15.9443],[-88.5559,15.9448],[-88.5577,15.9454],[-88.5594,15.9461],[-88.5626,15.948],[-88.5682,15.9509],[-88.5727,15.9531],[-88.5753,15.9547],[-88.5783,15.9563],[-88.5835,15.9588],[-88.5856,15.9596],[-88.5874,15.9603],[-88.591,15.9616],[-88.5958,15.9628],[-88.6,15.9635],[-88.6042,15.9645],[-88.6077,15.9651],[-88.6116,15.9654],[-88.6158,15.9651],[-88.6188,15.9646],[-88.6205,15.9641],[-88.6218,15.9634],[-88.6223,15.9631],[-88.6222,15.9623],[-88.6212,15.9608],[-88.6192,15.9528],[-88.6184,15.9518],[-88.6182,15.9492],[-88.6156,15.9439],[-88.615,15.9439],[-88.6141,15.9418],[-88.6137,15.9395],[-88.6129,15.9392],[-88.6112,15.9362],[-88.6086,15.9345],[-88.5974,15.9343],[-88.596,15.9334],[-88.5938,15.9301],[-88.5936,15.9298],[-88.5915,15.9265],[-88.5899,15.9255],[-88.5908,15.9263],[-88.591,15.9276],[-88.5877,15.926],[-88.588,15.925],[-88.5896,15.9255],[-88.5893,15.9247],[-88.5885,15.9245],[-88.5877,15.9227],[-88.5856,15.9217],[-88.5856,15.9212],[-88.5824,15.9217],[-88.582,15.9221],[-88.576,15.921],[-88.5741,15.9174],[-88.573,15.9171],[-88.573,15.9166],[-88.5712,15.9164],[-88.5712,15.9159],[-88.5696,15.915],[-88.5679,15.9148],[-88.5679,15.9143],[-88.5663,15.9141],[-88.5663,15.9133],[-88.5647,15.9131],[-88.5647,15.9125],[-88.5639,15.9123],[-88.5604,15.9028],[-88.5599,15.9028],[-88.5596,15.902],[-88.5575,15.901],[-88.5572,15.9002],[-88.5564,15.9],[-88.5564,15.8995],[-88.554,15.8987],[-88.554,15.8982],[-88.5534,15.8982],[-88.5534,15.8977],[-88.5534,15.8977],[-88.5534,15.898],[-88.5525,15.8975],[-88.5521,15.897],[-88.5516,15.8964],[-88.5516,15.8964],[-88.5516,15.8964],[-88.5516,15.8964],[-88.5512,15.8958],[-88.5497,15.8951],[-88.5482,15.8915],[-88.5476,15.8792],[-88.5475,15.8787],[-88.5474,15.8787],[-88.5469,15.8798],[-88.5467,15.8803],[-88.5469,15.8813],[-88.5461,15.8818],[-88.5451,15.8792],[-88.5437,15.8787],[-88.5434,15.8779],[-88.541,15.8777],[-88.541,15.8772],[-88.54,15.8763],[-88.5381,15.8763],[-88.5371,15.8771],[-88.5336,15.8772],[-88.5336,15.8767],[-88.5301,15.8762],[-88.5301,15.8757],[-88.5296,15.8757],[-88.5285,15.8757],[-88.5285,15.8752],[-88.5269,15.875],[-88.5267,15.8739],[-88.5216,15.8726],[-88.5203,15.8727],[-88.5202,15.8722],[-88.5181,15.8721],[-88.5176,15.8726],[-88.5155,15.872],[-88.5152,15.8712],[-88.5117,15.8708],[-88.5109,15.8712],[-88.5108,15.8708],[-88.5109,15.8704],[-88.5104,15.8707],[-88.5096,15.8689],[-88.5101,15.8689],[-88.5096,15.8658],[-88.5097,15.8657],[-88.5097,15.8656],[-88.5097,15.8648],[-88.5098,15.864],[-88.5099,15.8635],[-88.5104,15.8628],[-88.5106,15.8625],[-88.5111,15.8586],[-88.5098,15.8578],[-88.5092,15.8563],[-88.5068,15.8569],[-88.4949,15.8551],[-88.4938,15.8525],[-88.4916,15.852],[-88.4912,15.8505],[-88.4914,15.8494],[-88.4912,15.8488],[-88.4916,15.8446],[-88.4917,15.8426],[-88.4918,15.8416],[-88.492,15.8411],[-88.4923,15.8404],[-88.4927,15.8396],[-88.4932,15.8388],[-88.494,15.8374],[-88.4944,15.8367],[-88.4954,15.836],[-88.4962,15.8354],[-88.497,15.835],[-88.4976,15.8347],[-88.4983,15.8345],[-88.4992,15.8344],[-88.4999,15.8344],[-88.5006,15.8349],[-88.5013,15.8358],[-88.5023,15.8365],[-88.5025,15.8365],[-88.5024,15.8349],[-88.4995,15.8339],[-88.4989,15.8327],[-88.4955,15.8328],[-88.4947,15.8333],[-88.4928,15.8329],[-88.4934,15.8322],[-88.4929,15.8321],[-88.4928,15.8317],[-88.4973,15.8319],[-88.4973,15.8314],[-88.4995,15.8314],[-88.4999,15.8324],[-88.5027,15.8331],[-88.5027,15.8337],[-88.5043,15.8339],[-88.5055,15.8352],[-88.5055,15.8354],[-88.5067,15.8349],[-88.5075,15.8352],[-88.5084,15.8354],[-88.5095,15.8356],[-88.5109,15.8357],[-88.5124,15.8359],[-88.5152,15.8365],[-88.5163,15.8368],[-88.5169,15.8373],[-88.5175,15.8376],[-88.5183,15.8378],[-88.5192,15.8379],[-88.5203,15.8382],[-88.5225,15.8391],[-88.5235,15.8394],[-88.5243,15.8394],[-88.5249,15.8392],[-88.5255,15.839],[-88.5262,15.8388],[-88.527,15.8387],[-88.5276,15.8388],[-88.5286,15.839],[-88.5303,15.8396],[-88.5313,15.8401],[-88.5323,15.8408],[-88.5331,15.8414],[-88.5338,15.8419],[-88.5344,15.8422],[-88.5353,15.8426],[-88.5358,15.8428],[-88.5364,15.8432],[-88.5371,15.8438],[-88.539,15.8454],[-88.5399,15.846],[-88.5406,15.8463],[-88.5416,15.8464],[-88.5426,15.8466],[-88.5434,15.8469],[-88.5442,15.8471],[-88.5449,15.8469],[-88.5455,15.8464],[-88.546,15.8457],[-88.5464,15.845],[-88.5461,15.8449],[-88.5461,15.8421],[-88.5464,15.8419],[-88.5464,15.8417],[-88.5464,15.841],[-88.5471,15.8398],[-88.5482,15.8389],[-88.5494,15.8383],[-88.5499,15.8379],[-88.5505,15.8375],[-88.5509,15.8371],[-88.5513,15.8365],[-88.5515,15.8361],[-88.5522,15.8356],[-88.5527,15.8358],[-88.5529,15.8365],[-88.5529,15.837],[-88.5527,15.8379],[-88.5524,15.8385],[-88.5518,15.8393],[-88.5512,15.8398],[-88.5507,15.8405],[-88.5506,15.8411],[-88.5535,15.843],[-88.5552,15.8449],[-88.5572,15.8465],[-88.5591,15.8488],[-88.5598,15.8498],[-88.5603,15.8507],[-88.5606,15.8518],[-88.5607,15.8526],[-88.5608,15.8532],[-88.5612,15.8538],[-88.5619,15.8539],[-88.5627,15.8539],[-88.5632,15.8536],[-88.5637,15.8535],[-88.5638,15.8471],[-88.5633,15.8435],[-88.5638,15.8412],[-88.5635,15.8409],[-88.5633,15.8317],[-88.5638,15.8317],[-88.5633,15.825],[-88.5627,15.8247],[-88.5622,15.8247],[-88.5622,15.8242],[-88.5617,15.8242],[-88.5609,15.8229],[-88.5587,15.8235],[-88.5581,15.8255],[-88.5598,15.8273],[-88.5598,15.8286],[-88.5601,15.8286],[-88.5602,15.8291],[-88.5622,15.83],[-88.5624,15.8303],[-88.5604,15.8305],[-88.5593,15.8302],[-88.5586,15.8278],[-88.5574,15.8263],[-88.5572,15.8263],[-88.5565,15.825],[-88.5566,15.824],[-88.5561,15.8243],[-88.5555,15.8214],[-88.5553,15.8214],[-88.5538,15.8189],[-88.5533,15.815],[-88.5541,15.8145],[-88.5536,15.8145],[-88.5536,15.814],[-88.5524,15.8142],[-88.5528,15.8129],[-88.5533,15.8129],[-88.555,15.8099],[-88.5555,15.8089],[-88.5557,15.8078],[-88.556,15.8065],[-88.5564,15.8056],[-88.557,15.8043],[-88.5574,15.8033],[-88.5577,15.8024],[-88.5581,15.8017],[-88.5584,15.8009],[-88.5592,15.7993],[-88.5598,15.7981],[-88.5604,15.7971],[-88.5608,15.7963],[-88.5611,15.7952],[-88.5615,15.7941],[-88.5662,15.7863],[-88.5683,15.7822],[-88.5694,15.7802],[-88.5697,15.7796],[-88.5693,15.7799],[-88.5688,15.7799],[-88.5688,15.7801],[-88.5675,15.7808],[-88.5656,15.7804],[-88.5656,15.7799],[-88.5675,15.7803],[-88.5698,15.7791],[-88.5698,15.7786],[-88.5715,15.7773],[-88.5716,15.7772],[-88.5723,15.7763],[-88.5723,15.776],[-88.5756,15.7721],[-88.5757,15.7721],[-88.5759,15.7718],[-88.5769,15.7707],[-88.5769,15.7705],[-88.5771,15.7705],[-88.5774,15.7702],[-88.578,15.7698],[-88.5798,15.7673],[-88.5804,15.7672],[-88.5807,15.7666],[-88.5809,15.7664],[-88.5817,15.7645],[-88.5818,15.7644],[-88.5822,15.7628],[-88.5825,15.7628],[-88.5831,15.7622],[-88.5832,15.7622],[-88.5835,15.7618],[-88.5839,15.7606],[-88.584,15.7594],[-88.5833,15.758],[-88.5826,15.7571],[-88.5807,15.756],[-88.5796,15.7561],[-88.5796,15.7564],[-88.5798,15.757],[-88.5798,15.7576],[-88.58,15.7582],[-88.5799,15.7587],[-88.58,15.7588],[-88.5802,15.7594],[-88.5803,15.7604],[-88.5787,15.761],[-88.5767,15.7605],[-88.5761,15.7599],[-88.5754,15.7601],[-88.5752,15.7582],[-88.5757,15.7578],[-88.5755,15.7575],[-88.5754,15.757],[-88.5755,15.7563],[-88.5757,15.7559],[-88.5776,15.7537],[-88.5777,15.7536],[-88.5777,15.7535],[-88.5782,15.7521],[-88.5785,15.7518],[-88.5789,15.7511],[-88.5791,15.7508],[-88.5793,15.7504],[-88.5801,15.7487],[-88.5809,15.7474],[-88.5808,15.7474],[-88.5794,15.7477],[-88.5791,15.7477],[-88.579,15.7473],[-88.5788,15.7472],[-88.5788,15.7469],[-88.5789,15.7463],[-88.5803,15.7459],[-88.5805,15.7464],[-88.5808,15.7462],[-88.5812,15.7462],[-88.5814,15.746],[-88.5817,15.7463],[-88.5816,15.7464],[-88.5812,15.7465],[-88.5814,15.7469],[-88.5812,15.7471],[-88.5812,15.7471],[-88.5819,15.7467],[-88.5827,15.746],[-88.5832,15.7455],[-88.5848,15.7441],[-88.5858,15.7431],[-88.5864,15.7424],[-88.5877,15.7416],[-88.5892,15.7409],[-88.5903,15.7403],[-88.5913,15.7401],[-88.5922,15.7401],[-88.5934,15.7403],[-88.5943,15.7408],[-88.5949,15.7413],[-88.5959,15.7414],[-88.5967,15.7413],[-88.5975,15.7411],[-88.5996,15.7404],[-88.6011,15.7397],[-88.6016,15.7393],[-88.6017,15.7386],[-88.6023,15.7373],[-88.6026,15.7371],[-88.6028,15.7368],[-88.6031,15.7362],[-88.6036,15.7357],[-88.6044,15.7352],[-88.605,15.7348],[-88.6055,15.7344],[-88.6057,15.734],[-88.6056,15.7333],[-88.6053,15.7328],[-88.6048,15.7309],[-88.6041,15.7292],[-88.6042,15.7289],[-88.6044,15.7288],[-88.6045,15.7285],[-88.6041,15.7283],[-88.6037,15.7285],[-88.604,15.7278],[-88.6041,15.7278],[-88.6042,15.7276],[-88.604,15.7273],[-88.6029,15.7271],[-88.6037,15.7271],[-88.6038,15.7267],[-88.6038,15.7262],[-88.6038,15.7262],[-88.6033,15.7257],[-88.6032,15.725],[-88.6035,15.7245],[-88.6036,15.7236],[-88.6037,15.7223],[-88.6034,15.7222],[-88.6032,15.72],[-88.6027,15.7197],[-88.6027,15.7192],[-88.6029,15.7191],[-88.6029,15.7179],[-88.6014,15.7172],[-88.6004,15.7173],[-88.6,15.7165],[-88.6,15.7157],[-88.5991,15.7154],[-88.598,15.7149],[-88.5968,15.7147],[-88.5958,15.7148],[-88.5947,15.7118],[-88.5949,15.7097],[-88.5958,15.7085],[-88.5959,15.7081],[-88.5961,15.7075],[-88.5967,15.7069],[-88.5972,15.7067],[-88.5977,15.7066],[-88.5987,15.7064],[-88.5999,15.7063],[-88.6011,15.7063],[-88.6021,15.7062],[-88.6027,15.706],[-88.6031,15.7059],[-88.6031,15.7056],[-88.6023,15.7055],[-88.6011,15.7055],[-88.6,15.7051],[-88.5995,15.7048],[-88.5992,15.7039],[-88.5992,15.7031],[-88.5994,15.7029],[-88.5994,15.7026],[-88.5994,15.7019],[-88.6,15.7007],[-88.6004,15.7],[-88.6009,15.6994],[-88.6018,15.6989],[-88.6025,15.6985],[-88.6037,15.6984],[-88.6044,15.6984],[-88.6051,15.6987],[-88.6058,15.699],[-88.6064,15.6992],[-88.6074,15.6991],[-88.6082,15.6984],[-88.6095,15.698],[-88.6101,15.6979],[-88.6111,15.6977],[-88.6118,15.6972],[-88.618,15.6944],[-88.6193,15.6938],[-88.6203,15.6933],[-88.6211,15.6933],[-88.6218,15.6934],[-88.6227,15.6936],[-88.6236,15.6939],[-88.6245,15.6941],[-88.6248,15.6943],[-88.6249,15.6942],[-88.6248,15.6937],[-88.6254,15.6935],[-88.6256,15.6935],[-88.6261,15.6935],[-88.6262,15.6937],[-88.6259,15.6948],[-88.6261,15.6949],[-88.6269,15.6956],[-88.6273,15.696],[-88.6278,15.6963],[-88.6287,15.6964],[-88.6294,15.6963],[-88.6293,15.6962],[-88.6294,15.6957],[-88.6297,15.6951],[-88.6299,15.6948],[-88.6299,15.6942],[-88.6303,15.6936],[-88.6309,15.6932],[-88.6317,15.693],[-88.6324,15.6925],[-88.6336,15.6921],[-88.6343,15.692],[-88.6352,15.6922],[-88.636,15.6927],[-88.6365,15.6935],[-88.637,15.6943],[-88.6375,15.695],[-88.6383,15.6952],[-88.6389,15.6952],[-88.6394,15.6951],[-88.64,15.6949],[-88.6409,15.6947],[-88.6418,15.6948],[-88.6431,15.6952],[-88.6441,15.6959],[-88.6448,15.6965],[-88.6453,15.697],[-88.6455,15.6975],[-88.6456,15.6975],[-88.646,15.698],[-88.6461,15.6982],[-88.6461,15.6986],[-88.6463,15.699],[-88.6467,15.6994],[-88.6472,15.6998],[-88.6474,15.7004],[-88.6472,15.7008],[-88.6473,15.7012],[-88.6473,15.7015],[-88.6475,15.7016],[-88.6477,15.7016],[-88.6479,15.7017],[-88.6479,15.7019],[-88.6475,15.7025],[-88.6473,15.7026],[-88.6471,15.7026],[-88.647,15.7027],[-88.6467,15.7031],[-88.6464,15.7032],[-88.647,15.7045],[-88.6471,15.7048],[-88.6473,15.7049],[-88.6474,15.7051],[-88.6475,15.7051],[-88.6476,15.705],[-88.6476,15.7052],[-88.6477,15.7057],[-88.6478,15.706],[-88.6479,15.7062],[-88.6483,15.7065],[-88.6483,15.7066],[-88.6483,15.7069],[-88.6482,15.7071],[-88.6476,15.7076],[-88.6475,15.7079],[-88.6476,15.7082],[-88.6477,15.7084],[-88.6479,15.7087],[-88.6479,15.7095],[-88.648,15.7101],[-88.6478,15.7104],[-88.6471,15.7109],[-88.6468,15.7111],[-88.6467,15.7113],[-88.6467,15.712],[-88.6469,15.712],[-88.647,15.7122],[-88.6471,15.7127],[-88.647,15.713],[-88.6467,15.7136],[-88.6465,15.714],[-88.6465,15.7142],[-88.6465,15.7144],[-88.6465,15.7148],[-88.6464,15.7149],[-88.6462,15.7151],[-88.6454,15.7153],[-88.6452,15.7157],[-88.6452,15.7159],[-88.6454,15.7161],[-88.6454,15.7164],[-88.645,15.7167],[-88.6446,15.7169],[-88.6442,15.7171],[-88.6438,15.7172],[-88.6433,15.7173],[-88.643,15.7175],[-88.6429,15.7176],[-88.6428,15.7177],[-88.6422,15.7177],[-88.6417,15.7175],[-88.6411,15.7174],[-88.641,15.7174],[-88.641,15.7175],[-88.641,15.7177],[-88.6411,15.7183],[-88.6411,15.7188],[-88.641,15.719],[-88.6407,15.7193],[-88.6406,15.7193],[-88.6404,15.7194],[-88.6402,15.7195],[-88.64,15.7195],[-88.6397,15.7195],[-88.6392,15.7198],[-88.6388,15.7201],[-88.6383,15.7202],[-88.6382,15.72],[-88.6381,15.72],[-88.638,15.7196],[-88.6373,15.7193],[-88.6367,15.7193],[-88.6362,15.7195],[-88.6362,15.7194],[-88.6363,15.7203],[-88.6368,15.721],[-88.6371,15.7217],[-88.6373,15.7224],[-88.6373,15.7226],[-88.6373,15.7226],[-88.638,15.7232],[-88.6381,15.7233],[-88.6381,15.7237],[-88.638,15.724],[-88.6378,15.7245],[-88.6374,15.7249],[-88.6373,15.7251],[-88.6373,15.7252],[-88.6375,15.7255],[-88.6374,15.7257],[-88.6371,15.7258],[-88.6365,15.7257],[-88.6359,15.7256],[-88.6359,15.7256],[-88.6355,15.7257],[-88.6353,15.7258],[-88.635,15.7264],[-88.6343,15.7267],[-88.6337,15.727],[-88.6337,15.7271],[-88.6337,15.7272],[-88.6342,15.7275],[-88.6345,15.7281],[-88.6347,15.7286],[-88.6347,15.7293],[-88.6347,15.7301],[-88.6345,15.7305],[-88.6345,15.7306],[-88.6347,15.7308],[-88.635,15.7309],[-88.6351,15.7313],[-88.635,15.7319],[-88.6347,15.7323],[-88.6346,15.7324],[-88.6345,15.7325],[-88.6342,15.7326],[-88.6333,15.7326],[-88.6332,15.7326],[-88.6328,15.7327],[-88.6324,15.7328],[-88.6315,15.733],[-88.6311,15.7331],[-88.6305,15.7332],[-88.6301,15.733],[-88.6296,15.7327],[-88.6293,15.7323],[-88.6289,15.7318],[-88.6286,15.7315],[-88.628,15.7313],[-88.6271,15.7313],[-88.627,15.7312],[-88.6271,15.7309],[-88.6269,15.7307],[-88.6268,15.7307],[-88.6266,15.7307],[-88.6264,15.7308],[-88.6262,15.7309],[-88.626,15.7314],[-88.6261,15.7318],[-88.6268,15.7327],[-88.6297,15.7346],[-88.6311,15.7365],[-88.6313,15.7375],[-88.6317,15.7382],[-88.6324,15.7391],[-88.633,15.74],[-88.6333,15.741],[-88.6333,15.7415],[-88.6333,15.7415],[-88.6334,15.7421],[-88.6336,15.7425],[-88.6338,15.7426],[-88.6339,15.7427],[-88.634,15.7431],[-88.634,15.7434],[-88.6337,15.7441],[-88.6335,15.7444],[-88.633,15.7449],[-88.6325,15.7454],[-88.6322,15.7459],[-88.632,15.7462],[-88.6317,15.7462],[-88.631,15.7462],[-88.6307,15.7463],[-88.6302,15.7464],[-88.6299,15.7466],[-88.6296,15.7467],[-88.6293,15.7466],[-88.629,15.7464],[-88.6287,15.7463],[-88.6282,15.7463],[-88.6276,15.7461],[-88.6274,15.746],[-88.6272,15.7458],[-88.6271,15.7457],[-88.6272,15.7451],[-88.627,15.7443],[-88.6271,15.744],[-88.6271,15.7432],[-88.6273,15.7428],[-88.6272,15.7422],[-88.6272,15.7417],[-88.6271,15.7417],[-88.6267,15.742],[-88.6266,15.742],[-88.6261,15.7417],[-88.6258,15.7416],[-88.6256,15.7417],[-88.6252,15.7423],[-88.6246,15.7433],[-88.6245,15.7434],[-88.6248,15.7455],[-88.6253,15.7475],[-88.6254,15.7479],[-88.6255,15.7482],[-88.6258,15.7493],[-88.6273,15.7516],[-88.6281,15.7524],[-88.6288,15.7529],[-88.6299,15.7532],[-88.6311,15.7533],[-88.633,15.7536],[-88.6353,15.754],[-88.6385,15.7547],[-88.6418,15.7557],[-88.6447,15.7568],[-88.647,15.7579],[-88.6493,15.7591],[-88.6515,15.7607],[-88.6587,15.7656],[-88.6606,15.7671],[-88.662,15.7678],[-88.6628,15.7688],[-88.6643,15.7703],[-88.6653,15.7709],[-88.6666,15.7715],[-88.6689,15.7727],[-88.6712,15.7738],[-88.6753,15.7764],[-88.6769,15.7776],[-88.6775,15.7782],[-88.678,15.7788],[-88.6783,15.7794],[-88.679,15.78],[-88.6799,15.7804],[-88.6806,15.7808],[-88.6811,15.7811],[-88.6836,15.7821],[-88.6854,15.7832],[-88.687,15.7844],[-88.6883,15.7853],[-88.6888,15.7856],[-88.6898,15.7857],[-88.6906,15.7861],[-88.6913,15.7867],[-88.6918,15.7874],[-88.6926,15.7879],[-88.6932,15.7883],[-88.6952,15.7893],[-88.6991,15.7917],[-88.7022,15.7938],[-88.7039,15.7943],[-88.7076,15.7966],[-88.7092,15.7975],[-88.71,15.7984],[-88.7165,15.8027],[-88.7172,15.8032],[-88.7228,15.8078],[-88.7237,15.8088],[-88.724,15.8093],[-88.7242,15.81],[-88.7245,15.8113],[-88.7246,15.812],[-88.7251,15.8129],[-88.7259,15.8139],[-88.7266,15.8145],[-88.7278,15.8152],[-88.729,15.8155],[-88.7301,15.8158],[-88.7309,15.8158],[-88.7352,15.8123],[-88.7361,15.8117],[-88.7369,15.8111],[-88.7376,15.8107],[-88.7381,15.8105],[-88.7385,15.8104],[-88.739,15.8103],[-88.7396,15.8098],[-88.7401,15.8093],[-88.7409,15.809],[-88.7414,15.8091],[-88.7426,15.8092],[-88.7436,15.8093],[-88.7448,15.8097],[-88.7455,15.81],[-88.747,15.8109],[-88.7482,15.8115],[-88.749,15.8122],[-88.7496,15.8126],[-88.7499,15.8127],[-88.7499,15.8125],[-88.7504,15.8125],[-88.7509,15.8127],[-88.7513,15.8129],[-88.7514,15.8129],[-88.752,15.8127],[-88.7526,15.8125],[-88.7534,15.812],[-88.7542,15.8115],[-88.7551,15.8108],[-88.7562,15.8097],[-88.7571,15.8087],[-88.7577,15.8081],[-88.7584,15.8073],[-88.7589,15.8067],[-88.7597,15.8059],[-88.7603,15.8053],[-88.7612,15.8047],[-88.7619,15.8042],[-88.7628,15.8036],[-88.7637,15.8031],[-88.7647,15.8025],[-88.7658,15.8019],[-88.7667,15.8017],[-88.7706,15.8009],[-88.7729,15.8006],[-88.774,15.8006],[-88.7749,15.8006],[-88.7754,15.8006],[-88.7759,15.8007],[-88.7766,15.8008],[-88.7772,15.8009],[-88.7778,15.801],[-88.7785,15.801],[-88.7792,15.8008],[-88.7798,15.8004],[-88.7802,15.7997],[-88.7802,15.7989],[-88.7802,15.7981],[-88.78,15.7976],[-88.7798,15.7969],[-88.7794,15.7963],[-88.779,15.7958],[-88.7786,15.7954],[-88.778,15.7949],[-88.7774,15.7945],[-88.7768,15.7943],[-88.776,15.7939],[-88.7755,15.7937],[-88.7748,15.7931],[-88.7741,15.7926],[-88.7733,15.792],[-88.7728,15.7914],[-88.7722,15.7908],[-88.7719,15.7902],[-88.7715,15.7895],[-88.7715,15.7888],[-88.7723,15.7879],[-88.7742,15.7861],[-88.7743,15.785],[-88.7744,15.7843],[-88.7744,15.7836],[-88.7744,15.7829],[-88.7744,15.7819],[-88.7746,15.7807],[-88.7748,15.7799],[-88.7753,15.7791],[-88.7755,15.7785],[-88.7756,15.778],[-88.7757,15.777],[-88.7757,15.7763],[-88.7758,15.7754],[-88.7758,15.7749],[-88.7761,15.7742],[-88.7764,15.7737],[-88.7768,15.7733],[-88.7773,15.773],[-88.778,15.7727],[-88.7789,15.7726],[-88.7795,15.7726],[-88.7802,15.7732],[-88.7804,15.7737],[-88.7806,15.7757],[-88.7811,15.777],[-88.7814,15.7777],[-88.7817,15.7785],[-88.7822,15.7792],[-88.7825,15.7797],[-88.7832,15.7806],[-88.7839,15.781],[-88.7844,15.7812],[-88.7854,15.7816],[-88.7861,15.7817],[-88.7872,15.7817],[-88.788,15.7817],[-88.7887,15.7817],[-88.7896,15.7817],[-88.7908,15.7815],[-88.7919,15.7812],[-88.7934,15.7807],[-88.7946,15.7803],[-88.7958,15.7797],[-88.7968,15.7792],[-88.7975,15.7788],[-88.798,15.7782],[-88.7983,15.7778],[-88.7988,15.7772],[-88.7992,15.7767],[-88.7998,15.7761],[-88.8004,15.7756],[-88.8012,15.7749],[-88.8018,15.7742],[-88.8023,15.7735],[-88.8025,15.7728],[-88.8026,15.772],[-88.8026,15.7715],[-88.8029,15.7709],[-88.8035,15.7707],[-88.8046,15.7707],[-88.8053,15.7707],[-88.8062,15.7707],[-88.807,15.7707],[-88.8077,15.7707],[-88.8084,15.7706],[-88.8092,15.7705],[-88.81,15.7704],[-88.8109,15.7704],[-88.8115,15.7702],[-88.8121,15.77],[-88.8128,15.7706],[-88.8134,15.7713],[-88.8139,15.7716],[-88.8144,15.7719],[-88.8152,15.7722],[-88.8157,15.7726],[-88.8164,15.7731],[-88.8172,15.7735],[-88.8182,15.774],[-88.8187,15.774],[-88.8194,15.7738],[-88.8199,15.7735],[-88.8204,15.7731],[-88.8211,15.7734],[-88.8213,15.7741],[-88.8215,15.7746],[-88.8223,15.7746],[-88.823,15.7744],[-88.824,15.7735],[-88.8244,15.773],[-88.8246,15.7723],[-88.8248,15.7719],[-88.8251,15.7712],[-88.8259,15.771],[-88.8265,15.771],[-88.827,15.771],[-88.8274,15.7705],[-88.8283,15.7704],[-88.8292,15.7704],[-88.8299,15.7704],[-88.8302,15.7695],[-88.8301,15.7689],[-88.8299,15.7683],[-88.8292,15.7677],[-88.8285,15.7676],[-88.8278,15.768],[-88.8275,15.7686],[-88.8268,15.7694],[-88.826,15.7693],[-88.8258,15.7686],[-88.8255,15.7678],[-88.8252,15.7672],[-88.8245,15.7666],[-88.8243,15.7659],[-88.825,15.7653],[-88.8255,15.7652],[-88.8263,15.7653],[-88.8269,15.7654],[-88.8279,15.7655],[-88.8287,15.7657],[-88.8295,15.7663],[-88.8302,15.7666],[-88.8309,15.7666],[-88.8315,15.7659],[-88.8316,15.7653],[-88.8316,15.7648],[-88.831,15.7641],[-88.8313,15.7635],[-88.8323,15.7632],[-88.8329,15.7632],[-88.8335,15.7633],[-88.8342,15.7638],[-88.8347,15.764],[-88.8353,15.7643],[-88.8363,15.7642],[-88.837,15.7636],[-88.8372,15.763],[-88.8373,15.7624],[-88.8372,15.7617],[-88.8366,15.761],[-88.8359,15.7607],[-88.8352,15.7605],[-88.8344,15.7603],[-88.8339,15.7601],[-88.8333,15.7597],[-88.8331,15.7592],[-88.8336,15.759],[-88.8342,15.7582],[-88.835,15.7575],[-88.8355,15.7579],[-88.8359,15.7586],[-88.8361,15.7591],[-88.8364,15.7596],[-88.837,15.76],[-88.8379,15.7603],[-88.8384,15.7603],[-88.839,15.7599],[-88.8393,15.7593],[-88.8395,15.7586],[-88.84,15.7583],[-88.8408,15.7585],[-88.8414,15.7581],[-88.8416,15.7574],[-88.8419,15.7559],[-88.8421,15.7548],[-88.842,15.7542],[-88.8415,15.7536],[-88.8408,15.7535],[-88.84,15.7537],[-88.8393,15.7538],[-88.8388,15.7532],[-88.8387,15.7525],[-88.8389,15.7519],[-88.8393,15.7516],[-88.8401,15.7514],[-88.8407,15.7509],[-88.8413,15.7504],[-88.8423,15.7504],[-88.8431,15.751],[-88.8437,15.7517],[-88.8441,15.7522],[-88.8445,15.7528],[-88.8448,15.7532],[-88.8456,15.7538],[-88.8464,15.7542],[-88.8472,15.7545],[-88.8478,15.7543],[-88.8479,15.7536],[-88.8475,15.7514],[-88.8471,15.7502],[-88.8462,15.7493],[-88.8452,15.7484],[-88.8446,15.748],[-88.8441,15.7476],[-88.8435,15.7468],[-88.8432,15.7463],[-88.843,15.7454],[-88.8431,15.7448],[-88.8432,15.7443],[-88.8434,15.7437],[-88.8439,15.7425],[-88.8443,15.7419],[-88.8447,15.7414],[-88.8452,15.7409],[-88.8462,15.7402],[-88.8467,15.7397],[-88.8474,15.739],[-88.8478,15.7383],[-88.8484,15.7379],[-88.8491,15.7377],[-88.85,15.7379],[-88.8507,15.7378],[-88.8512,15.7375],[-88.8518,15.7371],[-88.8526,15.737],[-88.8532,15.7364],[-88.8532,15.7357],[-88.8531,15.7348],[-88.853,15.7341],[-88.853,15.7333],[-88.8531,15.7323],[-88.8534,15.7314],[-88.8539,15.7308],[-88.8544,15.7302],[-88.8548,15.7298],[-88.8555,15.7294],[-88.8564,15.729],[-88.8572,15.7285],[-88.8575,15.728],[-88.8578,15.7274],[-88.858,15.7269],[-88.8585,15.7262],[-88.8587,15.7255],[-88.8585,15.7248],[-88.8584,15.7241],[-88.8584,15.7235],[-88.8584,15.7229],[-88.8584,15.7224],[-88.8585,15.7217],[-88.8587,15.7213],[-88.8589,15.7207],[-88.8592,15.7203],[-88.86,15.72],[-88.8611,15.7199],[-88.8622,15.7199],[-88.8629,15.7199],[-88.8637,15.7197],[-88.8643,15.7193],[-88.8648,15.7189],[-88.8651,15.7184],[-88.8654,15.7175],[-88.8653,15.7169],[-88.8648,15.7164],[-88.8642,15.7163],[-88.8636,15.7161],[-88.864,15.7151],[-88.8666,15.7128],[-88.8673,15.7122],[-88.868,15.7118],[-88.8688,15.7122],[-88.8693,15.7125],[-88.8699,15.7128],[-88.8706,15.7129],[-88.8714,15.7126],[-88.8719,15.7122],[-88.8723,15.7119],[-88.8729,15.7111],[-88.874,15.7091],[-88.8748,15.7082],[-88.8756,15.7076],[-88.8763,15.7071],[-88.8771,15.7069],[-88.8776,15.7069],[-88.8787,15.707],[-88.8795,15.7072],[-88.88,15.7073],[-88.8807,15.7074],[-88.8812,15.7068],[-88.8817,15.706],[-88.8824,15.7052],[-88.8825,15.7042],[-88.8827,15.7033],[-88.8831,15.7027],[-88.8831,15.7019],[-88.8826,15.7012],[-88.8823,15.7007],[-88.882,15.7],[-88.882,15.6995],[-88.882,15.6987],[-88.882,15.698],[-88.8821,15.6973],[-88.8824,15.6968],[-88.8842,15.6944],[-88.8851,15.6934],[-88.8858,15.6924],[-88.8863,15.6917],[-88.8866,15.691],[-88.8871,15.6901],[-88.8875,15.6892],[-88.8879,15.6883],[-88.8882,15.6875],[-88.8883,15.6867],[-88.8885,15.6857],[-88.8888,15.6851],[-88.8894,15.6847],[-88.8903,15.6843],[-88.8913,15.6842],[-88.8924,15.684],[-88.8932,15.6837],[-88.8937,15.6834],[-88.8943,15.683],[-88.895,15.6827],[-88.8959,15.6825],[-88.8968,15.6826],[-88.8974,15.6834],[-88.8976,15.684],[-88.8978,15.6848],[-88.8981,15.6855],[-88.8985,15.686],[-88.8988,15.6867],[-88.899,15.6879],[-88.8998,15.6882],[-88.9003,15.6882],[-88.9008,15.6881],[-88.9013,15.688],[-88.9019,15.6879],[-88.9026,15.6876],[-88.9031,15.6872],[-88.904,15.6871],[-88.9047,15.6876],[-88.9062,15.6888],[-88.9069,15.6893],[-88.9077,15.6897],[-88.9093,15.6907],[-88.9108,15.6921],[-88.9116,15.6923],[-88.9121,15.6923],[-88.9131,15.6928],[-88.9136,15.6932],[-88.9145,15.6937],[-88.9153,15.6938],[-88.9162,15.6939],[-88.9167,15.6938],[-88.9176,15.6937],[-88.9183,15.694],[-88.9189,15.6943],[-88.9196,15.6947],[-88.9201,15.695],[-88.9208,15.6952],[-88.9215,15.6953],[-88.9224,15.6953],[-88.9233,15.6953],[-88.924,15.6953],[-88.9246,15.6951],[-88.9254,15.6949],[-88.9262,15.6945],[-88.9268,15.6941],[-88.9275,15.6937],[-88.9282,15.6932],[-88.9286,15.6928],[-88.9291,15.6926],[-88.9298,15.6926],[-88.9304,15.6933],[-88.931,15.6936],[-88.9317,15.6937],[-88.9357,15.6943],[-88.9362,15.6943],[-88.937,15.694],[-88.9378,15.6933],[-88.9382,15.6928],[-88.9386,15.6922],[-88.9388,15.6914],[-88.9391,15.6909],[-88.9395,15.6901],[-88.94,15.6898],[-88.9406,15.6894],[-88.9413,15.6898],[-88.942,15.6897],[-88.9427,15.6891],[-88.9429,15.6886],[-88.9431,15.6877],[-88.9433,15.6871],[-88.9437,15.6864],[-88.9441,15.6859],[-88.9447,15.6857],[-88.9455,15.6851],[-88.9458,15.6847],[-88.9462,15.6839],[-88.9465,15.6833],[-88.9464,15.6825],[-88.9459,15.6817],[-88.9463,15.6807],[-88.9464,15.6799],[-88.9463,15.6789],[-88.9467,15.6781],[-88.947,15.6777],[-88.9475,15.6774],[-88.9479,15.6771],[-88.9483,15.6764],[-88.9484,15.6758],[-88.9485,15.6753],[-88.9485,15.6748],[-88.9485,15.6741],[-88.9486,15.6734],[-88.9488,15.6729],[-88.9489,15.6723],[-88.9491,15.6718],[-88.9495,15.6712],[-88.9497,15.6708],[-88.9498,15.6702],[-88.9498,15.6697],[-88.9497,15.6688],[-88.95,15.668],[-88.9504,15.6677],[-88.951,15.6676],[-88.9517,15.6679],[-88.9516,15.6689],[-88.9514,15.6694],[-88.9512,15.6698],[-88.9514,15.6704],[-88.9519,15.671],[-88.9519,15.6715],[-88.9522,15.6722],[-88.9527,15.6724],[-88.9532,15.6721],[-88.9537,15.6719],[-88.9544,15.672],[-88.9552,15.6718],[-88.9558,15.6714],[-88.9563,15.6719],[-88.9563,15.6727],[-88.9565,15.6735],[-88.9571,15.6737],[-88.9577,15.6736],[-88.9585,15.6734],[-88.9596,15.6731],[-88.9608,15.6728],[-88.9614,15.6726],[-88.9618,15.6722],[-88.9621,15.6718],[-88.9629,15.6714],[-88.9636,15.6715],[-88.9647,15.6717],[-88.9653,15.6716],[-88.9659,15.6714],[-88.9666,15.6708],[-88.9668,15.6703],[-88.9672,15.6693],[-88.9677,15.6686],[-88.9682,15.6683],[-88.9687,15.6682],[-88.9696,15.6682],[-88.9705,15.6684],[-88.9711,15.6686],[-88.9718,15.669],[-88.9726,15.6697],[-88.973,15.6702],[-88.9733,15.6705],[-88.9742,15.6709],[-88.9747,15.671],[-88.9756,15.6708],[-88.9761,15.6706],[-88.9766,15.6704],[-88.9787,15.6699],[-88.9796,15.6695],[-88.9799,15.6692],[-88.9802,15.6687],[-88.9807,15.6684],[-88.9813,15.6688],[-88.9819,15.6692],[-88.9826,15.6691],[-88.9834,15.6686],[-88.9843,15.6682],[-88.9853,15.6676],[-88.986,15.6671],[-88.9863,15.6662],[-88.9864,15.6653],[-88.9865,15.6646],[-88.9873,15.6642],[-88.988,15.6642],[-88.9889,15.6644],[-88.9895,15.6645],[-88.9902,15.6647],[-88.9907,15.6648],[-88.9913,15.665],[-88.992,15.6649],[-88.9927,15.6636],[-88.9931,15.6624],[-88.9931,15.6616],[-88.9929,15.661],[-88.9924,15.6606],[-88.992,15.6603],[-88.9918,15.6594],[-88.9919,15.6586],[-88.9923,15.6581],[-88.9926,15.6576],[-88.9928,15.6571],[-88.9931,15.6565],[-88.9935,15.6556],[-88.994,15.655],[-88.9944,15.6547],[-88.9949,15.6546],[-88.9954,15.6552],[-88.9955,15.6559],[-88.9954,15.6565],[-88.9955,15.6571],[-88.9959,15.6575],[-88.9965,15.6574],[-88.997,15.657],[-88.9974,15.6564],[-88.9976,15.6558],[-88.9977,15.6553],[-88.9977,15.6547],[-88.9977,15.6538],[-88.9976,15.6531],[-88.9976,15.6524],[-88.9975,15.6506],[-88.9972,15.6501],[-88.9965,15.65],[-88.9959,15.6497],[-88.9959,15.6487],[-88.9962,15.6479],[-88.9963,15.6472],[-88.9961,15.6465],[-88.9959,15.6458],[-88.9957,15.6451],[-88.9955,15.6443],[-88.9948,15.6432],[-88.9945,15.6429],[-88.9942,15.6424],[-88.994,15.6418],[-88.994,15.6413],[-88.9939,15.6405],[-88.9931,15.6394],[-88.9926,15.6391],[-88.9921,15.6386],[-88.9917,15.6378],[-88.9916,15.6373],[-88.9916,15.6368],[-88.9908,15.6364],[-88.9902,15.6361],[-88.9896,15.6359],[-88.989,15.6356],[-88.9886,15.6353],[-88.9881,15.6349],[-88.9874,15.6342],[-88.9866,15.6333],[-88.9854,15.6316],[-88.9847,15.6302],[-88.9839,15.6286],[-88.9824,15.6261],[-88.9812,15.6239],[-88.981,15.6232],[-88.9809,15.6226],[-88.9809,15.622],[-88.981,15.6211],[-88.9814,15.6204],[-88.9817,15.62],[-88.982,15.6195],[-88.9821,15.6189],[-88.9822,15.6183],[-88.9824,15.6176],[-88.9825,15.617],[-88.9828,15.6163],[-88.985,15.6133],[-88.9854,15.6129],[-88.9861,15.6125],[-88.9868,15.6126],[-88.9874,15.6129],[-88.988,15.6132],[-88.9887,15.6126],[-88.9892,15.6119],[-88.9907,15.6092],[-88.991,15.6087],[-88.9912,15.6082],[-88.9916,15.6076],[-88.9923,15.6079],[-88.9928,15.6088],[-88.9934,15.6092],[-88.994,15.6091],[-88.9949,15.6088],[-88.9954,15.6088],[-88.9971,15.6088],[-88.998,15.609],[-88.9987,15.6092],[-88.9996,15.6091],[-89.0004,15.6089],[-89.0034,15.6082],[-89.0039,15.6077],[-89.004,15.6068],[-89.0039,15.6061],[-89.0035,15.6054],[-89.0032,15.6047],[-89.0028,15.604],[-89.0025,15.6035],[-89.0021,15.6027],[-89.0015,15.6021],[-89.0006,15.6014],[-89.0003,15.6009],[-89.0002,15.6001],[-89.0002,15.5995],[-89.0002,15.5988],[-89.0002,15.5983],[-89.0004,15.5978],[-89.0006,15.5972],[-89.0008,15.5967],[-89.0013,15.5955],[-89.0018,15.5945],[-89.0022,15.594],[-89.0029,15.5935],[-89.0033,15.5932],[-89.0038,15.5929],[-89.0046,15.5924],[-89.005,15.5918],[-89.005,15.5908],[-89.005,15.5899],[-89.0049,15.5888],[-89.0042,15.5865],[-89.0033,15.5843],[-89.0024,15.5823],[-89.0021,15.5812],[-89.0015,15.5788],[-89.0014,15.5783],[-89.001,15.5778],[-89.0004,15.5773],[-88.9998,15.5766],[-88.9997,15.5761],[-88.9999,15.5751],[-89.0002,15.5742],[-89.0004,15.5733],[-89.0002,15.5725],[-88.9999,15.5721],[-88.9989,15.5712],[-88.9982,15.5707],[-88.9971,15.5704],[-88.9959,15.5704],[-88.9939,15.5704],[-88.9931,15.5704],[-88.9923,15.5703],[-88.992,15.5697],[-88.9917,15.5687],[-88.9913,15.5677],[-88.9905,15.5666],[-88.9899,15.565],[-88.9896,15.5637],[-88.9876,15.5586],[-88.9874,15.5578],[-88.9871,15.5569],[-88.987,15.5564],[-88.9868,15.5557],[-88.9866,15.5548],[-88.9863,15.5538],[-88.986,15.5526],[-88.9858,15.5518],[-88.9856,15.5506],[-88.9856,15.5501],[-88.9856,15.5492],[-88.9857,15.5486],[-88.9858,15.5481],[-88.9861,15.5471],[-88.9862,15.5464],[-88.9863,15.5458],[-88.9863,15.5435],[-88.9863,15.5422],[-88.9863,15.5416],[-88.9862,15.5407],[-88.986,15.5397],[-88.9854,15.5369],[-88.9848,15.5337],[-88.9845,15.5317],[-88.9839,15.5293],[-88.9834,15.5282],[-88.9831,15.5274],[-88.9828,15.5266],[-88.9826,15.5261],[-88.9826,15.5256],[-88.9826,15.525],[-88.9831,15.5239],[-88.983,15.5167],[-88.983,15.5158],[-88.983,15.5149],[-88.9832,15.5098],[-88.9833,15.5089],[-88.9836,15.508],[-88.9841,15.5071],[-88.9849,15.5061],[-88.9866,15.5049],[-88.9884,15.5038],[-88.9898,15.5033],[-88.9918,15.5028],[-88.9946,15.5021],[-88.9956,15.5018],[-88.9969,15.5014],[-88.9976,15.5014],[-88.9986,15.5012],[-88.9996,15.5009],[-89.0001,15.5007],[-89.0012,15.4998],[-89.0029,15.4979],[-89.0051,15.4955],[-89.0061,15.4945],[-89.0066,15.494],[-89.0072,15.4933],[-89.0077,15.4925],[-89.0079,15.492],[-89.0082,15.4912],[-89.0085,15.4905],[-89.0096,15.4897],[-89.0108,15.4887],[-89.0114,15.4881],[-89.0118,15.4877],[-89.0132,15.4877],[-89.0151,15.4876],[-89.0161,15.4873],[-89.0174,15.4864],[-89.0183,15.486],[-89.0195,15.4856],[-89.0212,15.4848],[-89.0218,15.4843],[-89.0221,15.4835],[-89.022,15.4828],[-89.0217,15.4817],[-89.0215,15.481],[-89.0214,15.4801],[-89.0214,15.4795],[-89.0215,15.4778],[-89.0217,15.4769],[-89.0218,15.4764],[-89.0221,15.4757],[-89.0224,15.4749],[-89.0228,15.4744],[-89.0232,15.4739],[-89.0246,15.4726],[-89.0266,15.4711],[-89.0272,15.4706],[-89.028,15.4703],[-89.0294,15.4705],[-89.03,15.4705],[-89.0307,15.4704],[-89.0313,15.4699],[-89.0317,15.4693],[-89.0317,15.4685],[-89.0317,15.4678],[-89.0321,15.4672],[-89.0353,15.4626],[-89.0357,15.4622],[-89.0368,15.4613],[-89.0373,15.461],[-89.0381,15.4607],[-89.0388,15.4609],[-89.0395,15.4612],[-89.0403,15.4612],[-89.0412,15.4607],[-89.0424,15.4598],[-89.0436,15.4588],[-89.0453,15.4573],[-89.0471,15.4554],[-89.0475,15.4548],[-89.0481,15.4538],[-89.0485,15.4533],[-89.049,15.4528],[-89.0494,15.4524],[-89.0501,15.452],[-89.051,15.4517],[-89.0519,15.4516],[-89.0527,15.4515],[-89.0533,15.4514],[-89.0537,15.4512],[-89.0542,15.4509],[-89.0547,15.4506],[-89.0556,15.4499],[-89.0582,15.4484],[-89.0585,15.4479],[-89.0588,15.4473],[-89.059,15.4465],[-89.0594,15.4456],[-89.0596,15.4451],[-89.0599,15.4446],[-89.0605,15.4437],[-89.0612,15.4426],[-89.062,15.4415],[-89.0627,15.4406],[-89.0633,15.4402],[-89.0652,15.4395],[-89.0674,15.4391],[-89.0689,15.4391],[-89.0704,15.4394],[-89.0712,15.4396],[-89.0718,15.4395],[-89.0722,15.4392],[-89.0737,15.4368],[-89.0742,15.4362],[-89.0749,15.4357],[-89.0755,15.4354],[-89.0761,15.4349],[-89.0764,15.4344],[-89.0766,15.4339],[-89.0768,15.4333],[-89.0771,15.4328],[-89.0776,15.4321],[-89.078,15.4313],[-89.0782,15.4305],[-89.0784,15.4286],[-89.0787,15.4276],[-89.0793,15.4266],[-89.0797,15.4261],[-89.0803,15.4255],[-89.081,15.425],[-89.0816,15.4248],[-89.0833,15.4246],[-89.0848,15.4244],[-89.0855,15.4243],[-89.0859,15.424],[-89.0877,15.421],[-89.0882,15.4203],[-89.0892,15.4194],[-89.0903,15.4186],[-89.0915,15.4178],[-89.0933,15.4169],[-89.0947,15.4164],[-89.0961,15.416],[-89.0969,15.4158],[-89.0977,15.4156],[-89.0982,15.4157],[-89.0993,15.4158],[-89.1007,15.416],[-89.1021,15.4162],[-89.1033,15.4163],[-89.1044,15.4165],[-89.1058,15.4167],[-89.1065,15.4169],[-89.1072,15.4172],[-89.108,15.4177],[-89.1086,15.4179],[-89.1094,15.418],[-89.11,15.418],[-89.1105,15.4179],[-89.1117,15.4173],[-89.1127,15.4164],[-89.1138,15.4155],[-89.1148,15.4148],[-89.116,15.4139],[-89.1175,15.413],[-89.1187,15.4124],[-89.1194,15.412],[-89.12,15.4114],[-89.1204,15.4106],[-89.1214,15.4091],[-89.1223,15.4082],[-89.1231,15.4076],[-89.1241,15.4071],[-89.1254,15.4065],[-89.1271,15.4061],[-89.1289,15.4057],[-89.1297,15.4056],[-89.1306,15.4055],[-89.1312,15.4056],[-89.1319,15.4057],[-89.1328,15.406],[-89.1334,15.406],[-89.1341,15.4058],[-89.1347,15.4054],[-89.1356,15.4052],[-89.1362,15.4053],[-89.1367,15.4054],[-89.1375,15.4055],[-89.139,15.4056],[-89.1418,15.4057],[-89.1424,15.4057],[-89.1433,15.4056],[-89.144,15.4052],[-89.1446,15.405],[-89.1455,15.4048],[-89.1476,15.4047],[-89.1483,15.4046],[-89.1488,15.4044],[-89.1494,15.4042],[-89.15,15.4039],[-89.1506,15.4036],[-89.1514,15.4032],[-89.1522,15.4031],[-89.1556,15.4033],[-89.1562,15.4034],[-89.1568,15.4038],[-89.1575,15.404],[-89.1582,15.4042],[-89.1587,15.4042],[-89.1592,15.4042],[-89.1597,15.4042],[-89.1602,15.4042],[-89.1611,15.4042],[-89.1617,15.4043],[-89.1622,15.4044],[-89.163,15.4044],[-89.1638,15.4044],[-89.1644,15.4044],[-89.1654,15.4044],[-89.1662,15.4046],[-89.167,15.4047],[-89.168,15.4051],[-89.1684,15.4053],[-89.1689,15.4055],[-89.1699,15.4058],[-89.1706,15.4059],[-89.1713,15.4059],[-89.1718,15.4059],[-89.1724,15.406],[-89.1736,15.4056],[-89.1743,15.4052],[-89.1752,15.4048],[-89.1759,15.4045],[-89.1764,15.4044],[-89.1769,15.4044],[-89.1777,15.4044],[-89.1785,15.4046],[-89.1793,15.4049],[-89.1804,15.4052],[-89.1813,15.4056],[-89.1823,15.4062],[-89.1838,15.407],[-89.1845,15.4073],[-89.1851,15.4074],[-89.186,15.4074],[-89.1868,15.4072],[-89.1873,15.407],[-89.188,15.4067],[-89.1886,15.4066],[-89.1898,15.4067],[-89.191,15.407],[-89.1919,15.4071],[-89.1929,15.4075],[-89.1934,15.4076],[-89.1941,15.4077],[-89.1949,15.4077],[-89.1956,15.4076],[-89.1963,15.4074],[-89.1974,15.407],[-89.1982,15.4069],[-89.1992,15.4068],[-89.2003,15.4069],[-89.2013,15.407],[-89.2022,15.407],[-89.2029,15.4072],[-89.2036,15.4074],[-89.2043,15.4076],[-89.2051,15.4078],[-89.2064,15.4084],[-89.2091,15.4097],[-89.2112,15.4111],[-89.2128,15.4123],[-89.214,15.4132],[-89.2151,15.4137],[-89.2162,15.4142],[-89.2176,15.4148],[-89.2184,15.4149],[-89.2191,15.415],[-89.2198,15.415],[-89.2203,15.4149],[-89.221,15.4147],[-89.2216,15.4143],[-89.2225,15.414],[-89.2233,15.414],[-89.2253,15.4141],[-89.2262,15.4141],[-89.2269,15.4141],[-89.2275,15.414],[-89.2282,15.4138],[-89.2293,15.4135],[-89.2303,15.4133],[-89.2312,15.4132],[-89.2328,15.4131],[-89.2341,15.4132],[-89.2355,15.4135],[-89.2379,15.414],[-89.2392,15.4144],[-89.2404,15.4147],[-89.2422,15.4151],[-89.2444,15.4153],[-89.2511,15.416],[-89.2523,15.4161],[-89.2539,15.4161],[-89.2572,15.4159],[-89.2583,15.4159],[-89.2594,15.4159],[-89.2602,15.4156],[-89.2608,15.4153],[-89.262,15.4148],[-89.2632,15.4142],[-89.2639,15.4137],[-89.2645,15.4132],[-89.2651,15.4127],[-89.2655,15.4123],[-89.2659,15.4117],[-89.2663,15.4112],[-89.2676,15.4098],[-89.2681,15.4095],[-89.2685,15.4091],[-89.269,15.4086],[-89.2695,15.408],[-89.2697,15.4074],[-89.2693,15.4067],[-89.2688,15.4064],[-89.2681,15.4063],[-89.2672,15.4065],[-89.2659,15.4071],[-89.2645,15.4078],[-89.2629,15.4085],[-89.2609,15.4094],[-89.2592,15.41],[-89.257,15.4105],[-89.2547,15.4112],[-89.2532,15.4119],[-89.2522,15.4123],[-89.2515,15.4128],[-89.2508,15.4132],[-89.25,15.4137],[-89.2492,15.4141],[-89.2485,15.4143],[-89.2472,15.4136],[-89.2466,15.4131],[-89.2461,15.4127],[-89.2456,15.4119],[-89.2453,15.4114],[-89.245,15.4109],[-89.2448,15.4105],[-89.2446,15.4099],[-89.2444,15.4093],[-89.2444,15.4086],[-89.2444,15.4079],[-89.2446,15.4072],[-89.2452,15.4066],[-89.246,15.406],[-89.2464,15.4058],[-89.247,15.4056],[-89.2477,15.4055],[-89.2484,15.4054],[-89.249,15.4053],[-89.2498,15.4051],[-89.2504,15.4049],[-89.251,15.4044],[-89.2515,15.404],[-89.2523,15.4039],[-89.2531,15.4039],[-89.2541,15.4038],[-89.2551,15.4028],[-89.2554,15.4022],[-89.2558,15.4016],[-89.2566,15.4009],[-89.2571,15.4007],[-89.2579,15.4006],[-89.259,15.4003],[-89.2607,15.3997],[-89.2612,15.3995],[-89.2617,15.3991],[-89.2621,15.3988],[-89.2627,15.3983],[-89.2632,15.3978],[-89.2634,15.3973],[-89.2637,15.3962],[-89.2639,15.3954],[-89.264,15.3945],[-89.2642,15.3924],[-89.2645,15.3915],[-89.2647,15.3905],[-89.265,15.3898],[-89.2654,15.389],[-89.2657,15.3884],[-89.2663,15.3873],[-89.2688,15.3847],[-89.2696,15.3838],[-89.2703,15.3831],[-89.2707,15.3823],[-89.2708,15.3813],[-89.2707,15.3769],[-89.2708,15.3761],[-89.2709,15.3756],[-89.2711,15.375],[-89.2718,15.374],[-89.2722,15.3734],[-89.2727,15.3729],[-89.2735,15.3723],[-89.2748,15.3714],[-89.2761,15.3707],[-89.2774,15.3702],[-89.2793,15.3699],[-89.2809,15.3698],[-89.282,15.3698],[-89.2826,15.37],[-89.2831,15.3702],[-89.2841,15.3705],[-89.2849,15.3708],[-89.2855,15.3708],[-89.2864,15.3706],[-89.287,15.3704],[-89.2877,15.3701],[-89.2884,15.3699],[-89.2891,15.3697],[-89.2899,15.3695],[-89.2905,15.369],[-89.2912,15.3684],[-89.2918,15.3679],[-89.2925,15.3674],[-89.2929,15.3671],[-89.2934,15.3668],[-89.294,15.3665],[-89.2944,15.3661],[-89.295,15.3653],[-89.2954,15.3649],[-89.2957,15.3645],[-89.2965,15.3638],[-89.297,15.3637],[-89.2978,15.3634],[-89.2983,15.3631],[-89.299,15.3627],[-89.2996,15.3621],[-89.3004,15.3615],[-89.3019,15.3602],[-89.3027,15.3596],[-89.3032,15.3592],[-89.3037,15.3586],[-89.304,15.3582],[-89.3043,15.3577],[-89.3046,15.3571],[-89.305,15.3563],[-89.3053,15.3555],[-89.3052,15.3548],[-89.3048,15.3543],[-89.3044,15.3537],[-89.3044,15.353],[-89.3054,15.3529],[-89.3059,15.353],[-89.3067,15.3532],[-89.3073,15.3537],[-89.3075,15.3542],[-89.3076,15.3547],[-89.3076,15.3555],[-89.3078,15.356],[-89.3083,15.3565],[-89.3091,15.357],[-89.3099,15.3572],[-89.3105,15.3572],[-89.3111,15.3574],[-89.3116,15.3576],[-89.3124,15.358],[-89.316,15.3604],[-89.3202,15.3625],[-89.3211,15.3629],[-89.3226,15.3634],[-89.3236,15.3639],[-89.3281,15.3669],[-89.3286,15.3672],[-89.3291,15.3675],[-89.3295,15.3678],[-89.3303,15.3686],[-89.3308,15.3692],[-89.3315,15.3699],[-89.332,15.3706],[-89.3322,15.3711],[-89.3326,15.3718],[-89.333,15.3726],[-89.3333,15.373],[-89.3337,15.3735],[-89.3346,15.3736],[-89.3352,15.3728],[-89.3359,15.3726],[-89.336,15.3733],[-89.3361,15.3739],[-89.3362,15.3747],[-89.3361,15.3751],[-89.3359,15.376],[-89.3356,15.3765],[-89.3356,15.3772],[-89.3357,15.3781],[-89.3362,15.379],[-89.3368,15.3796],[-89.3373,15.3804],[-89.338,15.3813],[-89.339,15.3829],[-89.3397,15.3842],[-89.3403,15.3854],[-89.3407,15.3867],[-89.3409,15.3878],[-89.3411,15.3886],[-89.3415,15.39],[-89.3416,15.3907],[-89.3416,15.3919],[-89.3414,15.3924],[-89.3409,15.3928],[-89.3401,15.3932],[-89.3396,15.3934],[-89.3388,15.3939],[-89.3382,15.3943],[-89.3371,15.3953],[-89.3349,15.3968],[-89.3335,15.3982],[-89.3323,15.3993],[-89.3318,15.3995],[-89.3311,15.3998],[-89.3304,15.3997],[-89.3299,15.3997],[-89.3291,15.3995],[-89.3284,15.3994],[-89.3268,15.3995],[-89.3262,15.3996],[-89.3255,15.3999],[-89.3251,15.4006],[-89.3248,15.401],[-89.3246,15.4016],[-89.3247,15.4026],[-89.3248,15.4033],[-89.3252,15.4044],[-89.3257,15.4058],[-89.3263,15.4068],[-89.3274,15.4087],[-89.328,15.4103],[-89.3285,15.4115],[-89.3289,15.4126],[-89.3291,15.4137],[-89.3292,15.4148],[-89.3295,15.416],[-89.3296,15.4164],[-89.3301,15.417],[-89.3307,15.4174],[-89.3315,15.4178],[-89.3322,15.4178],[-89.3328,15.4178],[-89.3334,15.4177],[-89.3344,15.4174],[-89.3352,15.4169],[-89.3363,15.4162],[-89.3382,15.4151],[-89.3397,15.4142],[-89.3408,15.4133],[-89.3415,15.4126],[-89.3422,15.4116],[-89.3429,15.411],[-89.3425,15.4123],[-89.3418,15.4135],[-89.3409,15.4146],[-89.3388,15.416],[-89.3363,15.4175],[-89.3354,15.418],[-89.3331,15.4206],[-89.3324,15.4213],[-89.3319,15.4215],[-89.3312,15.4214],[-89.3306,15.4211],[-89.3301,15.4209],[-89.3293,15.4208],[-89.3286,15.421],[-89.3282,15.4215],[-89.3281,15.422],[-89.328,15.4225],[-89.3278,15.4231],[-89.3274,15.4234],[-89.3267,15.4235],[-89.326,15.4238],[-89.325,15.4241],[-89.3242,15.4243],[-89.3234,15.4245],[-89.3229,15.4247],[-89.3224,15.425],[-89.322,15.4253],[-89.3216,15.4261],[-89.3215,15.427],[-89.3218,15.4277],[-89.3225,15.4279],[-89.3232,15.4282],[-89.3241,15.4286],[-89.3251,15.429],[-89.3256,15.4294],[-89.3264,15.4307],[-89.3267,15.4319],[-89.3275,15.4335],[-89.3287,15.4356],[-89.3302,15.438],[-89.3321,15.4398],[-89.3339,15.441],[-89.3352,15.4417],[-89.3366,15.4427],[-89.3378,15.444],[-89.3388,15.4455],[-89.3398,15.4469],[-89.3405,15.4482],[-89.3412,15.4494],[-89.3418,15.4505],[-89.3421,15.4517],[-89.3425,15.453],[-89.3428,15.4541],[-89.343,15.4551],[-89.3434,15.456],[-89.3438,15.4567],[-89.3443,15.4573],[-89.3446,15.4577],[-89.3449,15.4581],[-89.3452,15.4586],[-89.346,15.4593],[-89.3469,15.4595],[-89.3477,15.4595],[-89.3482,15.4593],[-89.3488,15.4588],[-89.3493,15.4582],[-89.3498,15.4576],[-89.3501,15.4571],[-89.3506,15.4563],[-89.3511,15.4555],[-89.352,15.4546],[-89.3528,15.4538],[-89.3534,15.4531],[-89.3537,15.4526],[-89.3542,15.4519],[-89.355,15.451],[-89.3555,15.4504],[-89.3562,15.4498],[-89.3568,15.4496],[-89.3577,15.4495],[-89.3585,15.4497],[-89.3592,15.4497],[-89.3601,15.4498],[-89.3606,15.4498],[-89.3616,15.4496],[-89.3621,15.4495],[-89.363,15.4492],[-89.3639,15.4493],[-89.3645,15.4496],[-89.3648,15.4502],[-89.3648,15.451],[-89.3642,15.4527],[-89.3641,15.4538],[-89.3639,15.4547],[-89.3637,15.4555],[-89.3628,15.4565],[-89.3621,15.457],[-89.3613,15.4574],[-89.36,15.4581],[-89.3596,15.4585],[-89.3592,15.459],[-89.3589,15.4594],[-89.3585,15.46],[-89.3581,15.4606],[-89.3574,15.4612],[-89.3568,15.4613],[-89.3562,15.4614],[-89.3554,15.462],[-89.3549,15.4623],[-89.3543,15.4626],[-89.3537,15.4627],[-89.353,15.4627],[-89.3521,15.4627],[-89.3514,15.4627],[-89.3498,15.4627],[-89.3497,15.4633],[-89.3499,15.4639],[-89.3503,15.4643],[-89.3519,15.4663],[-89.3534,15.4685],[-89.3545,15.4697],[-89.3551,15.4702],[-89.3557,15.4703],[-89.3564,15.4704],[-89.3572,15.4701],[-89.358,15.4698],[-89.3585,15.4692],[-89.3586,15.4682],[-89.3586,15.4675],[-89.3586,15.467],[-89.3587,15.4665],[-89.3592,15.4657],[-89.3598,15.4656],[-89.3604,15.465],[-89.3609,15.4636],[-89.3611,15.4629],[-89.3615,15.4623],[-89.362,15.4619],[-89.3629,15.4614],[-89.3634,15.4613],[-89.3641,15.4611],[-89.3648,15.4609],[-89.3656,15.46],[-89.3662,15.4594],[-89.367,15.4592],[-89.3679,15.4595],[-89.3687,15.4602],[-89.3695,15.461],[-89.3697,15.462],[-89.3697,15.4633],[-89.3692,15.4646],[-89.3688,15.4657],[-89.3685,15.4666],[-89.3682,15.4675],[-89.368,15.4685],[-89.3678,15.469],[-89.3677,15.4697],[-89.3677,15.4703],[-89.3682,15.4711],[-89.369,15.4713],[-89.3699,15.4712],[-89.3712,15.4707],[-89.372,15.4701],[-89.3724,15.4696],[-89.3727,15.469],[-89.3727,15.4682],[-89.3728,15.4673],[-89.3731,15.4666],[-89.3735,15.4662],[-89.374,15.4657],[-89.3743,15.4653],[-89.3744,15.4641],[-89.3744,15.4636],[-89.3746,15.4628],[-89.3749,15.4623],[-89.3752,15.4618],[-89.3752,15.4607],[-89.3754,15.4601],[-89.3762,15.4594],[-89.3771,15.459],[-89.3774,15.4585],[-89.3772,15.458],[-89.3767,15.4575],[-89.3764,15.4569],[-89.3765,15.4561],[-89.3778,15.4561],[-89.3785,15.4563],[-89.3789,15.4568],[-89.3791,15.4573],[-89.3794,15.4582],[-89.3797,15.4588],[-89.3801,15.4592],[-89.3807,15.4594],[-89.3816,15.4594],[-89.3847,15.4572],[-89.3896,15.4537],[-89.3923,15.4523],[-89.3933,15.4517],[-89.3941,15.451],[-89.3948,15.4509],[-89.3956,15.4512],[-89.3954,15.452],[-89.3945,15.4525],[-89.3938,15.4528],[-89.3933,15.4532],[-89.3926,15.4538],[-89.3916,15.455],[-89.391,15.4562],[-89.3903,15.4576],[-89.3898,15.4582],[-89.3892,15.4584],[-89.3885,15.4584],[-89.3878,15.4585],[-89.387,15.4588],[-89.3866,15.459],[-89.386,15.4595],[-89.3857,15.4601],[-89.3854,15.4612],[-89.3854,15.4622],[-89.3855,15.463],[-89.3858,15.4637],[-89.3883,15.4662],[-89.3889,15.4669],[-89.3897,15.4681],[-89.3899,15.4691],[-89.3901,15.4699],[-89.3902,15.471],[-89.3901,15.4717],[-89.3899,15.4722],[-89.39,15.4729],[-89.3906,15.4731],[-89.3916,15.4731],[-89.3922,15.4729],[-89.3931,15.4723],[-89.3949,15.4712],[-89.3974,15.4688],[-89.4,15.4665],[-89.4014,15.4647],[-89.4032,15.4632],[-89.4048,15.4615],[-89.405,15.4608],[-89.4054,15.4599],[-89.4062,15.4588],[-89.4067,15.4584],[-89.4073,15.4578],[-89.4078,15.4574],[-89.4083,15.4567],[-89.4089,15.4559],[-89.4092,15.4555],[-89.4098,15.4549],[-89.4106,15.454],[-89.4109,15.4535],[-89.4115,15.4529],[-89.4121,15.4535],[-89.4115,15.4543],[-89.4117,15.4549],[-89.4121,15.4555],[-89.4112,15.4562],[-89.4108,15.4564],[-89.4102,15.4568],[-89.4096,15.4573],[-89.4081,15.4584],[-89.407,15.4593],[-89.4062,15.46],[-89.4058,15.4606],[-89.4056,15.4613],[-89.4052,15.4623],[-89.4047,15.4631],[-89.404,15.4638],[-89.4025,15.4655],[-89.4029,15.4664],[-89.4038,15.4665],[-89.4045,15.4665],[-89.4054,15.4663],[-89.4074,15.4658],[-89.4096,15.4655],[-89.4108,15.4653],[-89.412,15.4653],[-89.4127,15.4653],[-89.4132,15.4654],[-89.4139,15.4656],[-89.4144,15.4658],[-89.4148,15.4662],[-89.4146,15.4671],[-89.414,15.4674],[-89.4134,15.4681],[-89.4126,15.4682],[-89.4119,15.4677],[-89.4114,15.4672],[-89.4109,15.4668],[-89.4102,15.4666],[-89.4097,15.4665],[-89.4089,15.4667],[-89.4083,15.467],[-89.4077,15.4674],[-89.4072,15.4678],[-89.4064,15.4685],[-89.4059,15.4692],[-89.4056,15.4696],[-89.4053,15.4702],[-89.405,15.4709],[-89.4043,15.4721],[-89.4026,15.474],[-89.4013,15.4756],[-89.4004,15.4769],[-89.4001,15.4779],[-89.3999,15.4804],[-89.3971,15.4798],[-89.3962,15.4798],[-89.3952,15.4798],[-89.3946,15.4798],[-89.3939,15.4798],[-89.3931,15.4796],[-89.3927,15.4791],[-89.3924,15.4787],[-89.3916,15.4782],[-89.3909,15.4784],[-89.3905,15.4789],[-89.3903,15.4796],[-89.3893,15.4822],[-89.3874,15.4874],[-89.3853,15.4921],[-89.3843,15.4946],[-89.3824,15.4976],[-89.3803,15.5008],[-89.379,15.5023],[-89.3782,15.5031],[-89.3775,15.5036],[-89.3766,15.5044],[-89.3758,15.5053],[-89.3748,15.5068],[-89.373,15.5079],[-89.3719,15.5083],[-89.3707,15.5087],[-89.37,15.5088],[-89.369,15.5089],[-89.3682,15.5089],[-89.3675,15.5091],[-89.3668,15.5094],[-89.3662,15.5097],[-89.3656,15.5101],[-89.3646,15.5103],[-89.364,15.5103],[-89.3632,15.5103],[-89.3622,15.5105],[-89.3617,15.5107],[-89.3611,15.5116],[-89.3608,15.5122],[-89.36,15.5135],[-89.359,15.5145],[-89.3586,15.5152],[-89.3582,15.5158],[-89.3578,15.5163],[-89.3574,15.5167],[-89.3569,15.5171],[-89.3561,15.5174],[-89.355,15.5174],[-89.3545,15.5172],[-89.354,15.5169],[-89.3535,15.5162],[-89.3527,15.5155],[-89.3521,15.5153],[-89.3514,15.5152],[-89.3501,15.5152],[-89.3491,15.5151],[-89.3483,15.5154],[-89.3474,15.5159],[-89.3468,15.5164],[-89.346,15.517],[-89.3449,15.5177],[-89.3434,15.5188],[-89.3418,15.5199],[-89.3394,15.521],[-89.3379,15.5215],[-89.3351,15.5218],[-89.3343,15.5218],[-89.3336,15.5219],[-89.3329,15.5222],[-89.332,15.5224],[-89.3311,15.5225],[-89.3297,15.5226],[-89.3288,15.5229],[-89.3278,15.5232],[-89.3265,15.5241],[-89.3251,15.5251],[-89.3238,15.526],[-89.323,15.5265],[-89.3221,15.5267],[-89.3213,15.5268],[-89.3205,15.5268],[-89.3197,15.5269],[-89.3191,15.5271],[-89.3174,15.5284],[-89.3156,15.5293],[-89.3141,15.5302],[-89.313,15.5304],[-89.3117,15.5305],[-89.3103,15.5305],[-89.3095,15.5303],[-89.3089,15.5301],[-89.3084,15.5299],[-89.3078,15.5294],[-89.3076,15.5289],[-89.3072,15.5286],[-89.3067,15.5283],[-89.3059,15.5281],[-89.3057,15.5269],[-89.3056,15.5263],[-89.3049,15.5253],[-89.304,15.5247],[-89.3026,15.5237],[-89.3018,15.5229],[-89.3016,15.5222],[-89.3015,15.5214],[-89.3013,15.5204],[-89.301,15.5199],[-89.3002,15.5193],[-89.2998,15.5188],[-89.2996,15.5181],[-89.2994,15.5175],[-89.2988,15.5171],[-89.2982,15.517],[-89.2975,15.5169],[-89.297,15.5169],[-89.2958,15.5172],[-89.2948,15.5177],[-89.2936,15.5183],[-89.2925,15.5187],[-89.2917,15.5189],[-89.2911,15.5189],[-89.2902,15.519],[-89.2894,15.5189],[-89.2887,15.5185],[-89.2879,15.5179],[-89.2875,15.5173],[-89.2873,15.5169],[-89.2867,15.5164],[-89.2861,15.5165],[-89.2854,15.517],[-89.2845,15.517],[-89.2834,15.5167],[-89.2826,15.5171],[-89.2823,15.5181],[-89.2819,15.5189],[-89.281,15.5195],[-89.2801,15.5197],[-89.2793,15.5198],[-89.2782,15.5197],[-89.2773,15.5195],[-89.2766,15.5191],[-89.276,15.5186],[-89.2754,15.5181],[-89.2748,15.5178],[-89.2743,15.5177],[-89.2737,15.5179],[-89.2731,15.5184],[-89.2725,15.5188],[-89.2719,15.5194],[-89.2713,15.5196],[-89.2705,15.5199],[-89.27,15.5198],[-89.2694,15.5198],[-89.2689,15.5198],[-89.2682,15.5198],[-89.267,15.5199],[-89.2663,15.5203],[-89.2657,15.5209],[-89.2653,15.5215],[-89.2649,15.5222],[-89.2646,15.5227],[-89.2641,15.5235],[-89.2636,15.5244],[-89.2632,15.5251],[-89.2627,15.5259],[-89.2621,15.5265],[-89.2613,15.5272],[-89.2604,15.5277],[-89.2596,15.5283],[-89.2589,15.5288],[-89.2581,15.5291],[-89.2573,15.5293],[-89.2563,15.5296],[-89.2556,15.5301],[-89.2549,15.5307],[-89.2538,15.5321],[-89.2502,15.5365],[-89.2491,15.5373],[-89.2482,15.5386],[-89.2473,15.5401],[-89.2465,15.5415],[-89.2457,15.5429],[-89.2454,15.5438],[-89.245,15.545],[-89.2447,15.5464],[-89.2443,15.548],[-89.2441,15.5496],[-89.2439,15.5514],[-89.244,15.552],[-89.2441,15.5534],[-89.2442,15.5541],[-89.2448,15.5548],[-89.2452,15.5552],[-89.246,15.5558],[-89.2464,15.5568],[-89.2464,15.5573],[-89.246,15.5583],[-89.2455,15.5595],[-89.2441,15.5619],[-89.2432,15.5629],[-89.242,15.5637],[-89.2408,15.5643],[-89.2394,15.5646],[-89.2377,15.5648],[-89.2368,15.5649],[-89.236,15.5652],[-89.2352,15.5654],[-89.2346,15.5654],[-89.2338,15.5653],[-89.2333,15.5652],[-89.2323,15.5653],[-89.2314,15.5658],[-89.2301,15.5669],[-89.2285,15.5687],[-89.2267,15.5703],[-89.2258,15.571],[-89.2251,15.5713],[-89.2247,15.5715],[-89.2241,15.5715],[-89.2235,15.5714],[-89.2228,15.5714],[-89.222,15.571],[-89.2213,15.5707],[-89.2203,15.5702],[-89.2192,15.57],[-89.2172,15.5693],[-89.2158,15.5687],[-89.2143,15.5679],[-89.2122,15.5676],[-89.2068,15.5675],[-89.2046,15.5675],[-89.2031,15.5675],[-89.2018,15.5676],[-89.2007,15.5678],[-89.1996,15.568],[-89.1985,15.5683],[-89.1973,15.569],[-89.1965,15.5694],[-89.1959,15.5695],[-89.1953,15.5696],[-89.1948,15.5698],[-89.1944,15.5702],[-89.1938,15.5712],[-89.1936,15.5722],[-89.1929,15.5732],[-89.1912,15.575],[-89.189,15.577],[-89.1873,15.5783],[-89.1864,15.5786],[-89.1853,15.5788],[-89.1841,15.5791],[-89.183,15.5791],[-89.1808,15.579],[-89.1794,15.5789],[-89.1778,15.5787],[-89.177,15.5784],[-89.1761,15.5781],[-89.1756,15.5778],[-89.175,15.5774],[-89.1747,15.5771],[-89.1745,15.5763],[-89.1742,15.5754],[-89.1738,15.5746],[-89.1731,15.5735],[-89.1722,15.5726],[-89.1704,15.5711],[-89.1688,15.5702],[-89.167,15.5694],[-89.1655,15.5691],[-89.1646,15.5689],[-89.1639,15.5685],[-89.1629,15.5678],[-89.1619,15.5674],[-89.1608,15.5672],[-89.1597,15.5671],[-89.159,15.5669],[-89.1586,15.5665],[-89.1585,15.5654],[-89.1589,15.5647],[-89.1592,15.5643],[-89.1594,15.5638],[-89.1587,15.5634],[-89.1582,15.5634],[-89.1572,15.5633],[-89.1559,15.5636],[-89.155,15.5636],[-89.1541,15.5634],[-89.1535,15.5634],[-89.1524,15.5633],[-89.1518,15.5637],[-89.1515,15.5641],[-89.151,15.5648],[-89.1503,15.5654],[-89.1497,15.5659],[-89.1491,15.5661],[-89.1483,15.5662],[-89.1476,15.5662],[-89.147,15.566],[-89.1463,15.566],[-89.1457,15.5662],[-89.1451,15.5664],[-89.1443,15.5665],[-89.1434,15.5665],[-89.1427,15.5665],[-89.1419,15.5668],[-89.1407,15.5673],[-89.1394,15.5678],[-89.1378,15.5683],[-89.1363,15.5684],[-89.1348,15.5684],[-89.1317,15.5687],[-89.1312,15.5691],[-89.1307,15.5696],[-89.1301,15.5703],[-89.1297,15.5711],[-89.1295,15.5718],[-89.1294,15.5725],[-89.1294,15.5731],[-89.1293,15.5741],[-89.1293,15.575],[-89.129,15.5758],[-89.1283,15.5762],[-89.128,15.577],[-89.1277,15.5781],[-89.1275,15.5786],[-89.1266,15.5786],[-89.1261,15.5786],[-89.1255,15.5785],[-89.1237,15.5792],[-89.1225,15.5793],[-89.1213,15.5795],[-89.1204,15.5796],[-89.1192,15.5802],[-89.1176,15.5811],[-89.1168,15.5813],[-89.1161,15.5814],[-89.1149,15.5815],[-89.1138,15.5815],[-89.113,15.5814],[-89.1121,15.5811],[-89.1112,15.5807],[-89.1103,15.5806],[-89.1096,15.5806],[-89.1086,15.5809],[-89.1078,15.5811],[-89.1068,15.5812],[-89.1055,15.5809],[-89.104,15.5803],[-89.1023,15.5798],[-89.1007,15.579],[-89.0993,15.578],[-89.0986,15.5774],[-89.0976,15.5769],[-89.0967,15.577],[-89.096,15.5772],[-89.0955,15.5777],[-89.0953,15.5782],[-89.095,15.5787],[-89.0947,15.5792],[-89.0939,15.5802],[-89.0932,15.5808],[-89.0917,15.5816],[-89.0908,15.5819],[-89.0897,15.5821],[-89.0883,15.5822],[-89.0877,15.5824],[-89.0868,15.5826],[-89.0861,15.5828],[-89.0856,15.5831],[-89.085,15.5834],[-89.0845,15.5836],[-89.0839,15.5838],[-89.0833,15.584],[-89.0827,15.5842],[-89.0816,15.5853],[-89.0811,15.5863],[-89.0807,15.587],[-89.0803,15.5873],[-89.0793,15.5877],[-89.0783,15.5879],[-89.0773,15.5879],[-89.0755,15.5879],[-89.0741,15.5879],[-89.0732,15.5879],[-89.0722,15.5876],[-89.0705,15.5881],[-89.0701,15.5906],[-89.0701,15.5916],[-89.0669,15.5929],[-89.0668,15.595],[-89.0668,15.596],[-89.0654,15.597],[-89.0649,15.6002],[-89.0628,15.6001],[-89.062,15.6018],[-89.059,15.603],[-89.058,15.6029],[-89.0571,15.6029],[-89.0563,15.6032],[-89.0559,15.604],[-89.0557,15.6045],[-89.0555,15.6052],[-89.0549,15.6058],[-89.0543,15.606],[-89.0536,15.6063],[-89.053,15.6067],[-89.0525,15.6071],[-89.0522,15.6077],[-89.0524,15.6084],[-89.0531,15.6085],[-89.0539,15.6087],[-89.0547,15.6092],[-89.0554,15.6101],[-89.0557,15.6107],[-89.0558,15.6114],[-89.0558,15.612],[-89.0552,15.6129],[-89.0547,15.6134],[-89.0538,15.6144],[-89.0531,15.615],[-89.052,15.6158],[-89.0507,15.6166],[-89.0487,15.6174],[-89.0469,15.6179],[-89.0457,15.6182],[-89.0451,15.6182],[-89.0445,15.6181],[-89.0438,15.6177],[-89.0432,15.6173],[-89.0427,15.6168],[-89.0421,15.6165],[-89.0416,15.6163],[-89.041,15.6162],[-89.0402,15.6162],[-89.0395,15.6163],[-89.0386,15.6166],[-89.038,15.6169],[-89.0369,15.6174],[-89.0362,15.6176],[-89.0354,15.6177],[-89.0347,15.6178],[-89.0341,15.6179],[-89.0335,15.618],[-89.0325,15.6188],[-89.0319,15.6193],[-89.0311,15.62],[-89.0307,15.6203],[-89.0298,15.6209],[-89.0287,15.6216],[-89.0278,15.622],[-89.0272,15.6222],[-89.027,15.6231],[-89.0274,15.6235],[-89.028,15.624],[-89.0284,15.6243],[-89.029,15.6248],[-89.0292,15.6256],[-89.0288,15.6264],[-89.0283,15.6268],[-89.0278,15.6271],[-89.0269,15.6273],[-89.0263,15.6274],[-89.0257,15.6274],[-89.0251,15.6273],[-89.0239,15.6275],[-89.0234,15.6277],[-89.0226,15.628],[-89.0213,15.6281],[-89.0186,15.6274],[-89.0168,15.6272],[-89.0149,15.6272],[-89.0135,15.6272],[-89.0124,15.6272],[-89.0117,15.6272],[-89.0109,15.6272],[-89.0098,15.6272],[-89.0088,15.6273],[-89.0074,15.6277],[-89.0051,15.6285],[-89.0038,15.6291],[-89.0028,15.6296],[-89.002,15.6301],[-89.001,15.6311],[-88.9999,15.6322],[-88.9986,15.6331],[-88.9973,15.6337],[-88.9961,15.634],[-88.9951,15.6343],[-88.9941,15.6351],[-88.9936,15.6355],[-88.9938,15.6366],[-88.9946,15.637],[-88.9953,15.6371],[-88.9961,15.6372],[-88.9966,15.6373],[-88.9974,15.6374],[-88.998,15.6374],[-88.9985,15.6374],[-88.9998,15.6377],[-89.0005,15.638],[-89.0011,15.6385],[-89.002,15.6389],[-89.0026,15.6392],[-89.0032,15.6395],[-89.0036,15.6398],[-89.004,15.6406],[-89.004,15.6414],[-89.0039,15.6422],[-89.0036,15.6427],[-89.0032,15.6434],[-89.0028,15.6438],[-89.0024,15.6443],[-89.0019,15.6448],[-89.0016,15.6453],[-89.0013,15.6458],[-89.0011,15.6467],[-89.001,15.6474],[-89.001,15.6481],[-89.0013,15.6487],[-89.0017,15.6495],[-89.0016,15.6503],[-89.0007,15.6505],[-89.0004,15.6513],[-89.0004,15.6521],[-89.0008,15.6527],[-89.001,15.6534],[-89.0009,15.654],[-89.0005,15.6547],[-88.9997,15.6561],[-88.9994,15.6571],[-88.9994,15.6577],[-88.9999,15.6582],[-89.0003,15.6585],[-89.0013,15.6586],[-89.0021,15.6589],[-89.0028,15.6594],[-89.003,15.6605],[-89.0026,15.661],[-89.0019,15.6613],[-89.0009,15.6614],[-89.0005,15.6618],[-89.0003,15.6631],[-89.0003,15.6636],[-89.0007,15.6644],[-89.0008,15.6649],[-89.0009,15.6657],[-89.0008,15.6664],[-89.0005,15.6669],[-89.0001,15.6675],[-88.9994,15.668],[-88.9988,15.6683],[-88.9981,15.6687],[-88.9976,15.669],[-88.9966,15.6698],[-88.9958,15.6701],[-88.9949,15.6704],[-88.9944,15.6705],[-88.9937,15.6703],[-88.9932,15.6704],[-88.9926,15.6709],[-88.9919,15.6709],[-88.9912,15.6707],[-88.9907,15.6711],[-88.9906,15.6717],[-88.9903,15.6725],[-88.9896,15.6729],[-88.989,15.6735],[-88.9887,15.6743],[-88.9884,15.6749],[-88.9878,15.6753],[-88.9875,15.6745],[-88.9873,15.6736],[-88.9871,15.673],[-88.9868,15.6725],[-88.9865,15.672],[-88.9853,15.6719],[-88.9845,15.6722],[-88.9838,15.6723],[-88.9831,15.6727],[-88.9832,15.6733],[-88.9834,15.6741],[-88.9832,15.6748],[-88.9827,15.6747],[-88.982,15.6744],[-88.9811,15.6741],[-88.9806,15.6741],[-88.9799,15.6743],[-88.9795,15.675],[-88.9788,15.6757],[-88.9784,15.6766],[-88.9783,15.6771],[-88.9781,15.6775],[-88.9778,15.6781],[-88.9772,15.6786],[-88.9765,15.6786],[-88.9758,15.6782],[-88.9753,15.6776],[-88.9749,15.677],[-88.9742,15.6767],[-88.9731,15.677],[-88.9725,15.6775],[-88.972,15.6777],[-88.9715,15.6777],[-88.9708,15.6776],[-88.9703,15.6769],[-88.9697,15.6768],[-88.9693,15.6773],[-88.9692,15.6778],[-88.9691,15.6784],[-88.969,15.6789],[-88.9687,15.6793],[-88.9677,15.6798],[-88.9669,15.6798],[-88.9663,15.6794],[-88.9661,15.679],[-88.966,15.678],[-88.9658,15.6773],[-88.9656,15.6767],[-88.9649,15.6764],[-88.9637,15.6765],[-88.9632,15.6767],[-88.9628,15.6771],[-88.9628,15.6779],[-88.9629,15.6785],[-88.963,15.6793],[-88.963,15.6798],[-88.963,15.6803],[-88.9628,15.6808],[-88.9621,15.6811],[-88.9615,15.6812],[-88.9609,15.6812],[-88.9602,15.6812],[-88.9597,15.6812],[-88.959,15.6814],[-88.9585,15.6818],[-88.9582,15.6823],[-88.9579,15.6828],[-88.9577,15.6833],[-88.9567,15.6836],[-88.9562,15.6836],[-88.9546,15.6835],[-88.9537,15.6834],[-88.953,15.6832],[-88.9522,15.6834],[-88.9515,15.6838],[-88.951,15.6843],[-88.9504,15.685],[-88.9498,15.6857],[-88.9489,15.6869],[-88.948,15.6883],[-88.9474,15.6891],[-88.9459,15.6907],[-88.9454,15.6912],[-88.9447,15.6918],[-88.9441,15.6923],[-88.9433,15.693],[-88.9426,15.6938],[-88.9423,15.6948],[-88.9425,15.6955],[-88.9432,15.696],[-88.9438,15.6962],[-88.9443,15.6965],[-88.945,15.6974],[-88.9456,15.6981],[-88.946,15.6988],[-88.9499,15.7065],[-88.9502,15.7071],[-88.9504,15.7077],[-88.9506,15.7082],[-88.9506,15.7088],[-88.9506,15.7098],[-88.9503,15.7107],[-88.95,15.7112],[-88.9493,15.7118],[-88.9485,15.7124],[-88.9474,15.7128],[-88.9461,15.7134],[-88.9431,15.7147],[-88.9427,15.7149],[-88.9421,15.7155],[-88.942,15.716],[-88.9427,15.7163],[-88.9435,15.7166],[-88.9441,15.717],[-88.9443,15.7174],[-88.944,15.7181],[-88.9434,15.7183],[-88.9426,15.7184],[-88.9418,15.7187],[-88.9415,15.7194],[-88.941,15.7202],[-88.9401,15.72],[-88.9397,15.7196],[-88.9397,15.7188],[-88.9398,15.7183],[-88.9399,15.7176],[-88.9399,15.7168],[-88.939,15.7162],[-88.9381,15.7159],[-88.937,15.7156],[-88.9364,15.7156],[-88.9356,15.7156],[-88.9348,15.7161],[-88.9344,15.7165],[-88.9337,15.7172],[-88.9331,15.7179],[-88.9326,15.7183],[-88.9318,15.719],[-88.9308,15.7197],[-88.9302,15.7201],[-88.9297,15.7204],[-88.9287,15.7207],[-88.9279,15.7207],[-88.9269,15.7208],[-88.9254,15.721],[-88.9247,15.7212],[-88.9243,15.7219],[-88.9243,15.7227],[-88.9243,15.7232],[-88.9257,15.7251],[-88.9267,15.7266],[-88.9272,15.7275],[-88.9275,15.7282],[-88.9276,15.7288],[-88.9279,15.7295],[-88.9282,15.7301],[-88.9286,15.7308],[-88.9288,15.7315],[-88.9289,15.7323],[-88.9285,15.733],[-88.9277,15.7334],[-88.9272,15.7336],[-88.9263,15.7341],[-88.926,15.7345],[-88.9253,15.735],[-88.9244,15.7352],[-88.9237,15.7352],[-88.9228,15.7351],[-88.9223,15.7346],[-88.9223,15.7338],[-88.9222,15.7333],[-88.922,15.7326],[-88.9209,15.7317],[-88.9195,15.731],[-88.9186,15.7306],[-88.9179,15.7302],[-88.9173,15.7301],[-88.9168,15.7305],[-88.9168,15.731],[-88.9168,15.7316],[-88.9165,15.7323],[-88.9154,15.7324],[-88.9148,15.7324],[-88.9142,15.7324],[-88.9134,15.7321],[-88.9129,15.7314],[-88.9127,15.7307],[-88.9124,15.7303],[-88.9118,15.7297],[-88.9112,15.7294],[-88.9106,15.7293],[-88.9095,15.7295],[-88.9087,15.7299],[-88.9077,15.7307],[-88.9071,15.731],[-88.9066,15.7312],[-88.9061,15.7313],[-88.9053,15.7316],[-88.9048,15.7319],[-88.9044,15.7325],[-88.904,15.7333],[-88.9038,15.7338],[-88.9036,15.7344],[-88.9036,15.7352],[-88.904,15.7357],[-88.9042,15.7362],[-88.9043,15.7367],[-88.904,15.7375],[-88.9038,15.738],[-88.9032,15.7387],[-88.902,15.7392],[-88.9009,15.7395],[-88.9001,15.7398],[-88.8991,15.7399],[-88.8974,15.74],[-88.8958,15.7401],[-88.8943,15.7406],[-88.8929,15.7414],[-88.8919,15.742],[-88.8901,15.7437],[-88.8889,15.745],[-88.8871,15.7463],[-88.8857,15.747],[-88.8848,15.7476],[-88.8833,15.748],[-88.8823,15.7482],[-88.8812,15.7487],[-88.8807,15.7494],[-88.8798,15.7504],[-88.8791,15.7514],[-88.8786,15.7519],[-88.8779,15.7526],[-88.8769,15.7531],[-88.8763,15.7533],[-88.8755,15.7532],[-88.8754,15.7523],[-88.8757,15.7517],[-88.8761,15.7505],[-88.8762,15.7484],[-88.8765,15.7477],[-88.8775,15.7469],[-88.8784,15.7461],[-88.8791,15.7456],[-88.8798,15.7454],[-88.8808,15.7453],[-88.8822,15.7451],[-88.8841,15.7447],[-88.8859,15.7441],[-88.8882,15.7429],[-88.8893,15.7423],[-88.8899,15.7418],[-88.89,15.741],[-88.8891,15.7408],[-88.8885,15.7408],[-88.8877,15.7411],[-88.8874,15.7418],[-88.887,15.7426],[-88.8865,15.743],[-88.886,15.7433],[-88.8855,15.7435],[-88.8848,15.7435],[-88.8845,15.7426],[-88.885,15.742],[-88.8858,15.7413],[-88.8863,15.741],[-88.8869,15.7405],[-88.8867,15.7399],[-88.8858,15.7404],[-88.8852,15.7409],[-88.8845,15.7416],[-88.8836,15.7424],[-88.8831,15.7427],[-88.8826,15.743],[-88.8812,15.7433],[-88.88,15.7433],[-88.8785,15.7439],[-88.8777,15.7442],[-88.8772,15.7445],[-88.8769,15.745],[-88.8765,15.7456],[-88.8754,15.7456],[-88.8747,15.7456],[-88.874,15.746],[-88.8733,15.7464],[-88.8725,15.7471],[-88.8722,15.7475],[-88.8717,15.7484],[-88.8709,15.7507],[-88.8706,15.752],[-88.8699,15.7534],[-88.8693,15.7548],[-88.8689,15.7553],[-88.8685,15.7559],[-88.8685,15.7566],[-88.869,15.7573],[-88.8701,15.7576],[-88.8714,15.758],[-88.8718,15.7583],[-88.8717,15.759],[-88.871,15.7594],[-88.8704,15.7596],[-88.8695,15.76],[-88.8691,15.7603],[-88.8685,15.7609],[-88.8681,15.7614],[-88.8677,15.7623],[-88.8674,15.7633],[-88.8673,15.7644],[-88.8673,15.7651],[-88.8672,15.7657],[-88.8667,15.7662],[-88.8662,15.7665],[-88.8656,15.7666],[-88.8649,15.7669],[-88.8645,15.7671],[-88.8638,15.7678],[-88.8635,15.7688],[-88.8633,15.7693],[-88.863,15.7699],[-88.8623,15.7704],[-88.8621,15.771],[-88.8625,15.7714],[-88.8632,15.7718],[-88.8634,15.7726],[-88.8629,15.7738],[-88.8617,15.7761],[-88.8613,15.7772],[-88.8614,15.7778],[-88.8621,15.778],[-88.8629,15.778],[-88.8634,15.7781],[-88.8637,15.7786],[-88.8633,15.7794],[-88.8628,15.7797],[-88.862,15.78],[-88.8613,15.7802],[-88.8607,15.7807],[-88.8604,15.7813],[-88.86,15.782],[-88.8592,15.7827],[-88.8574,15.7832],[-88.8564,15.7834],[-88.8556,15.7835],[-88.8546,15.7836],[-88.8539,15.7838],[-88.8531,15.7842],[-88.8522,15.7842],[-88.8516,15.7841],[-88.8509,15.784],[-88.8503,15.7835],[-88.8499,15.7829],[-88.8495,15.7824],[-88.849,15.7822],[-88.8483,15.7822],[-88.8477,15.7823],[-88.8474,15.7827],[-88.847,15.783],[-88.8469,15.784],[-88.8474,15.7845],[-88.8478,15.7848],[-88.8485,15.7853],[-88.849,15.7857],[-88.8493,15.7863],[-88.8487,15.7867],[-88.8478,15.7866],[-88.8467,15.7862],[-88.8459,15.7861],[-88.8452,15.786],[-88.8442,15.7859],[-88.8432,15.7859],[-88.8423,15.7859],[-88.8413,15.7858],[-88.8408,15.7858],[-88.8401,15.786],[-88.8396,15.7869],[-88.839,15.7875],[-88.8381,15.7878],[-88.8374,15.788],[-88.8367,15.7881],[-88.836,15.7884],[-88.8353,15.7889],[-88.8345,15.7893],[-88.8341,15.7896],[-88.8337,15.7902],[-88.8332,15.7906],[-88.8325,15.7907],[-88.8319,15.7907],[-88.8313,15.7906],[-88.8307,15.7903],[-88.8297,15.7897],[-88.8285,15.7889],[-88.8276,15.7882],[-88.827,15.7875],[-88.8265,15.7868],[-88.826,15.7859],[-88.8255,15.7849],[-88.8256,15.7842],[-88.8253,15.7835],[-88.825,15.7828],[-88.8244,15.7822],[-88.8238,15.7817],[-88.8232,15.7812],[-88.8222,15.7804],[-88.8214,15.7793],[-88.8208,15.7785],[-88.8201,15.7778],[-88.8198,15.7774],[-88.8193,15.777],[-88.8189,15.7764],[-88.8184,15.7759],[-88.8175,15.7755],[-88.8165,15.7751],[-88.8157,15.7746],[-88.8146,15.7741],[-88.8136,15.7737],[-88.8125,15.7733],[-88.8114,15.773],[-88.8106,15.7729],[-88.8094,15.7727],[-88.8088,15.7727],[-88.8081,15.773],[-88.8075,15.7732],[-88.807,15.7737],[-88.8061,15.7745],[-88.8036,15.7774],[-88.8012,15.7798],[-88.8007,15.7802],[-88.8001,15.7807],[-88.7997,15.7815],[-88.7988,15.7819],[-88.7981,15.782],[-88.7973,15.7822],[-88.7966,15.7825],[-88.7956,15.7828],[-88.7946,15.783],[-88.7938,15.7831],[-88.7923,15.7834],[-88.7912,15.7835],[-88.7899,15.7835],[-88.789,15.7834],[-88.7867,15.7833],[-88.7854,15.7831],[-88.7845,15.7829],[-88.7836,15.7826],[-88.7827,15.7822],[-88.7823,15.7818],[-88.7816,15.7813],[-88.781,15.7805],[-88.7804,15.7798],[-88.78,15.7792],[-88.7796,15.7784],[-88.7793,15.7775],[-88.7789,15.7769],[-88.7786,15.7765],[-88.7779,15.7762],[-88.7776,15.7766],[-88.7774,15.7771],[-88.7774,15.7779],[-88.7771,15.7788],[-88.7769,15.7794],[-88.7767,15.7802],[-88.7765,15.7808],[-88.7765,15.7814],[-88.7763,15.7823],[-88.7763,15.7831],[-88.7763,15.7842],[-88.7761,15.7854],[-88.776,15.7862],[-88.7758,15.7868],[-88.7755,15.7873],[-88.7751,15.7878],[-88.7746,15.7884],[-88.7741,15.789],[-88.7735,15.7896],[-88.7736,15.7906],[-88.7742,15.7911],[-88.7748,15.7915],[-88.7754,15.7918],[-88.7766,15.7925],[-88.7778,15.7933],[-88.7787,15.7941],[-88.7796,15.7948],[-88.7804,15.7955],[-88.7809,15.7962],[-88.7815,15.797],[-88.7818,15.7978],[-88.7821,15.7987],[-88.7821,15.7995],[-88.7821,15.8001],[-88.7815,15.8011],[-88.7812,15.8015],[-88.7808,15.8019],[-88.7801,15.8023],[-88.7789,15.8024],[-88.7777,15.8024],[-88.777,15.8024],[-88.7759,15.8024],[-88.7749,15.8024],[-88.7739,15.8024],[-88.7728,15.8024],[-88.7717,15.8024],[-88.7708,15.8025],[-88.7701,15.8026],[-88.769,15.8028],[-88.768,15.8031],[-88.7669,15.8036],[-88.766,15.8042],[-88.7651,15.8048],[-88.7643,15.8055],[-88.7637,15.8061],[-88.7631,15.8067],[-88.7625,15.8074],[-88.762,15.808],[-88.7614,15.8085],[-88.7606,15.809],[-88.7598,15.8095],[-88.7592,15.81],[-88.7586,15.8108],[-88.7569,15.8135],[-88.7564,15.8145],[-88.756,15.8152],[-88.7559,15.8155],[-88.7559,15.8157],[-88.756,15.8157],[-88.756,15.8159],[-88.7559,15.8162],[-88.7558,15.8163],[-88.7556,15.817],[-88.7555,15.8174],[-88.7554,15.8177],[-88.7553,15.8177],[-88.7552,15.8178],[-88.7551,15.8179],[-88.7552,15.818],[-88.7552,15.818],[-88.7551,15.818],[-88.755,15.8181],[-88.7549,15.8181],[-88.7546,15.8181],[-88.7545,15.818],[-88.7543,15.818],[-88.754,15.8181],[-88.754,15.8183],[-88.7538,15.8184],[-88.7536,15.8185],[-88.7535,15.8184],[-88.7533,15.8184],[-88.753,15.8184],[-88.7526,15.8185],[-88.7524,15.8191],[-88.7525,15.8192],[-88.7524,15.8193],[-88.7524,15.8193],[-88.7522,15.8199],[-88.752,15.8201],[-88.752,15.8205],[-88.7519,15.821],[-88.7519,15.8211],[-88.7516,15.8215],[-88.7514,15.8215],[-88.7513,15.8217],[-88.7511,15.822],[-88.751,15.8221],[-88.7509,15.8221],[-88.7508,15.8222],[-88.7507,15.8223],[-88.7505,15.8226],[-88.7504,15.8227],[-88.7502,15.8228],[-88.7501,15.823],[-88.7499,15.8229],[-88.7498,15.823],[-88.7496,15.8232],[-88.7495,15.8233],[-88.7494,15.8234],[-88.7492,15.8235],[-88.7493,15.8236],[-88.7489,15.8238],[-88.7489,15.8239],[-88.7487,15.8241],[-88.7487,15.8243],[-88.7485,15.8246],[-88.7483,15.8248],[-88.7483,15.8251],[-88.7481,15.8254],[-88.7479,15.8253],[-88.7479,15.8254],[-88.7477,15.8254],[-88.7479,15.8257],[-88.7479,15.826],[-88.7479,15.8262],[-88.7477,15.8262],[-88.7476,15.8263],[-88.7476,15.8264],[-88.7477,15.8271],[-88.748,15.8277],[-88.7484,15.8285],[-88.7492,15.8293],[-88.7511,15.8305],[-88.7537,15.8318],[-88.7556,15.8329],[-88.7587,15.8347],[-88.7612,15.8366],[-88.7656,15.8393],[-88.7743,15.8447],[-88.7794,15.8479],[-88.7859,15.8522],[-88.7904,15.8559],[-88.7943,15.8585],[-88.7983,15.8604],[-88.8024,15.8617],[-88.8048,15.8624],[-88.8082,15.8627],[-88.8106,15.8631],[-88.8133,15.8632],[-88.8146,15.8634],[-88.8153,15.8635],[-88.8161,15.864],[-88.8176,15.8649],[-88.8195,15.8664],[-88.8209,15.8674],[-88.8214,15.8678],[-88.8221,15.8685],[-88.8229,15.8691],[-88.8238,15.8695],[-88.8244,15.8697],[-88.8251,15.8701],[-88.8258,15.8707],[-88.8265,15.8713],[-88.8271,15.8715],[-88.8279,15.8718],[-88.8286,15.872],[-88.829,15.8721],[-88.8291,15.8718],[-88.8291,15.8717],[-88.8293,15.8715],[-88.8295,15.8713],[-88.83,15.8708],[-88.8306,15.8704],[-88.8308,15.8704],[-88.8308,15.8703],[-88.831,15.8702],[-88.831,15.8701],[-88.8312,15.8699],[-88.832,15.8688],[-88.8325,15.8682],[-88.8325,15.8682],[-88.8326,15.8681],[-88.8329,15.8676],[-88.8334,15.8672],[-88.8337,15.867],[-88.8346,15.866],[-88.8353,15.8653],[-88.8353,15.8653],[-88.8355,15.8652],[-88.8364,15.8643],[-88.8367,15.8638],[-88.8369,15.863],[-88.8379,15.8629],[-88.8387,15.8634],[-88.8392,15.8638],[-88.8398,15.8641],[-88.8404,15.8643],[-88.8414,15.8644],[-88.8437,15.8644],[-88.8455,15.8646],[-88.8466,15.8646],[-88.8471,15.8646],[-88.8477,15.8645],[-88.8483,15.8643],[-88.8489,15.8643],[-88.8497,15.8645],[-88.8504,15.8648],[-88.8512,15.865],[-88.8521,15.8652],[-88.8529,15.8651],[-88.8538,15.8649],[-88.8546,15.8645],[-88.8555,15.8639],[-88.8574,15.8623],[-88.8592,15.861],[-88.8598,15.8607],[-88.8605,15.8603],[-88.8611,15.8599],[-88.8616,15.8599],[-88.8621,15.8599],[-88.8634,15.8602],[-88.8639,15.8602],[-88.8646,15.8603],[-88.8656,15.8602],[-88.8663,15.8602],[-88.8671,15.8602],[-88.8678,15.8602],[-88.8686,15.8602],[-88.8698,15.8605],[-88.8709,15.8611],[-88.8722,15.8618],[-88.8728,15.8621],[-88.8733,15.8622],[-88.8738,15.8622],[-88.8745,15.8619],[-88.8755,15.8613],[-88.8767,15.8606],[-88.8789,15.8603],[-88.8804,15.8604],[-88.8821,15.861],[-88.8837,15.8617],[-88.8846,15.8623],[-88.8857,15.8633],[-88.8867,15.8647],[-88.8881,15.8667],[-88.8903,15.8693],[-88.8932,15.8734],[-88.8962,15.8784],[-88.9001,15.8844],[-88.9027,15.8883],[-88.9062,15.8927],[-88.908,15.8945],[-88.9091,15.8953],[-88.9098,15.8956],[-88.9107,15.8959],[-88.9115,15.896],[-88.9122,15.8971],[-88.9125,15.8977],[-88.9127,15.8983],[-88.9166,15.8941],[-88.9168,15.8936],[-88.9177,15.891],[-88.9184,15.8897],[-88.9198,15.8886],[-88.9213,15.888],[-88.9222,15.8876],[-88.9228,15.8875],[-88.9236,15.8874],[-88.9247,15.8874],[-88.9266,15.8877],[-88.9277,15.8879],[-88.931,15.8886],[-88.9326,15.8891],[-88.9358,15.8889],[-88.9406,15.8885],[-88.9471,15.8883],[-88.9501,15.8877],[-88.9522,15.8874],[-88.9541,15.887],[-88.9558,15.8869],[-88.9569,15.8869],[-88.9578,15.8872],[-88.9587,15.8877],[-88.9662,15.8927],[-88.9672,15.8932],[-88.9677,15.8934],[-88.9689,15.8937],[-88.9704,15.894],[-88.9712,15.8941],[-88.9776,15.894],[-88.9801,15.8942],[-88.9818,15.8945],[-88.9828,15.8948],[-88.9835,15.8954],[-88.989,15.9009],[-88.9904,15.9019],[-88.9918,15.9024],[-88.9937,15.9027],[-88.9945,15.9027],[-88.9954,15.9025],[-88.9962,15.9023],[-88.9971,15.9019],[-88.9975,15.9015],[-88.9982,15.9009],[-88.9988,15.9001],[-89.0008,15.8982],[-89.0017,15.8977],[-89.0029,15.8972],[-89.0041,15.8968],[-89.0056,15.8966],[-89.0077,15.8965],[-89.0108,15.8961],[-89.0158,15.8948],[-89.0199,15.8936],[-89.0205,15.8943],[-89.021,15.8949],[-89.0211,15.8956],[-89.0211,15.8964],[-89.021,15.897],[-89.021,15.8977],[-89.0204,15.9001],[-89.019,15.9032],[-89.0181,15.905],[-89.0178,15.9065],[-89.0179,15.9074],[-89.0183,15.9084],[-89.019,15.909],[-89.0194,15.9093],[-89.0201,15.9096],[-89.0208,15.9098],[-89.0213,15.9099],[-89.0234,15.9099],[-89.0269,15.9099],[-89.0285,15.91],[-89.0293,15.9102],[-89.0304,15.9103],[-89.0314,15.9105],[-89.0334,15.9113],[-89.0374,15.9132],[-89.0381,15.9135],[-89.0388,15.9138],[-89.0397,15.9139],[-89.0402,15.9139],[-89.0409,15.9138],[-89.0416,15.9135],[-89.0421,15.9131],[-89.0426,15.9126],[-89.043,15.9118],[-89.0434,15.9106],[-89.0438,15.9095],[-89.0448,15.9046],[-89.0451,15.9039],[-89.0453,15.9034],[-89.0457,15.903],[-89.0462,15.9024],[-89.047,15.9018],[-89.0475,15.9014],[-89.048,15.9011],[-89.0485,15.901],[-89.0491,15.9009],[-89.0498,15.9009],[-89.0504,15.9011],[-89.051,15.9016],[-89.0514,15.902],[-89.0515,15.9023],[-89.0521,15.9026],[-89.0524,15.9034],[-89.0523,15.9049],[-89.052,15.9066],[-89.0515,15.9093],[-89.0515,15.9132],[-89.0515,15.9132],[-89.0516,15.9134],[-89.0521,15.9145],[-89.0527,15.9152],[-89.0533,15.9157],[-89.0542,15.9161],[-89.055,15.9162],[-89.0558,15.916],[-89.0569,15.9156],[-89.0579,15.9151],[-89.0586,15.9146],[-89.0589,15.914],[-89.0589,15.9134],[-89.059,15.9125],[-89.059,15.9111],[-89.0589,15.9101],[-89.059,15.9094],[-89.0593,15.9087],[-89.0597,15.9082],[-89.0603,15.9077],[-89.0614,15.9072],[-89.0624,15.9069],[-89.0632,15.9065],[-89.0637,15.9059],[-89.0638,15.9051],[-89.0631,15.9033],[-89.063,15.9027],[-89.0629,15.9024],[-89.0627,15.9016],[-89.0626,15.9009],[-89.0628,15.8999],[-89.0634,15.8995],[-89.0642,15.8994],[-89.0647,15.8996],[-89.0652,15.8999],[-89.0657,15.9005],[-89.066,15.901],[-89.0663,15.9016],[-89.0669,15.9025],[-89.0674,15.9031],[-89.0687,15.9043],[-89.0708,15.9065],[-89.0715,15.9072],[-89.0719,15.9076],[-89.0723,15.9081],[-89.0727,15.9085],[-89.0732,15.9088],[-89.0739,15.9088],[-89.0745,15.9085],[-89.075,15.908],[-89.0753,15.9074],[-89.0756,15.9069],[-89.0759,15.9061],[-89.0762,15.9052],[-89.0765,15.9037],[-89.0767,15.9019],[-89.0768,15.9003],[-89.0768,15.8997],[-89.0769,15.8992],[-89.0771,15.8984],[-89.0775,15.8976],[-89.0779,15.897],[-89.0787,15.8964],[-89.0794,15.8966],[-89.0799,15.8973],[-89.0799,15.8974],[-89.0803,15.8976],[-89.0807,15.8986],[-89.0808,15.8994],[-89.0814,15.9015],[-89.082,15.9026],[-89.083,15.9043],[-89.0845,15.9064],[-89.0863,15.9081],[-89.088,15.9093],[-89.0884,15.9094],[-89.0899,15.9098],[-89.0933,15.9104],[-89.096,15.9107],[-89.0973,15.9111],[-89.0979,15.9113],[-89.0984,15.9115],[-89.099,15.9116],[-89.0995,15.9117],[-89.1003,15.9118],[-89.101,15.9118],[-89.1021,15.9118],[-89.1026,15.9118],[-89.1034,15.9117],[-89.1041,15.9113],[-89.1046,15.9109],[-89.1053,15.9102],[-89.1059,15.9094],[-89.1063,15.9087],[-89.1066,15.9082],[-89.1069,15.9077],[-89.1072,15.9073],[-89.1077,15.9067],[-89.1081,15.9065],[-89.1086,15.9062],[-89.1091,15.906],[-89.1096,15.9058],[-89.1105,15.9058],[-89.1141,15.9065],[-89.1151,15.9065],[-89.1157,15.9063],[-89.1165,15.9057],[-89.1168,15.9049],[-89.1169,15.9039],[-89.1165,15.9032],[-89.1163,15.9028],[-89.1162,15.9027],[-89.1141,15.9011],[-89.1133,15.9005],[-89.1128,15.9],[-89.1127,15.8993],[-89.1128,15.8989],[-89.1127,15.8985],[-89.1127,15.898],[-89.1128,15.8973],[-89.1132,15.8966],[-89.1138,15.8962],[-89.1143,15.896],[-89.1143,15.896],[-89.115,15.8958],[-89.1158,15.896],[-89.1162,15.8967],[-89.1164,15.898],[-89.1165,15.8987],[-89.1168,15.8993],[-89.1173,15.9004],[-89.1177,15.9012],[-89.1182,15.9018],[-89.1186,15.9022],[-89.119,15.9024],[-89.1196,15.9026],[-89.1203,15.9027],[-89.1212,15.9026],[-89.1217,15.9024],[-89.1222,15.9022],[-89.1227,15.902],[-89.1232,15.9016],[-89.1247,15.9002],[-89.1257,15.8992],[-89.1264,15.8988],[-89.127,15.8988],[-89.1281,15.8989],[-89.1286,15.8993],[-89.1291,15.9001],[-89.1294,15.9007],[-89.1295,15.9014],[-89.1296,15.9034],[-89.1296,15.9039],[-89.1298,15.9045],[-89.1301,15.9052],[-89.1305,15.9057],[-89.1313,15.9064],[-89.1321,15.9066],[-89.1327,15.9067],[-89.1336,15.9067],[-89.1345,15.9065],[-89.1352,15.9062],[-89.1356,15.9058],[-89.1361,15.9054],[-89.1362,15.9052],[-89.1363,15.9049],[-89.1365,15.903],[-89.1368,15.9021],[-89.1373,15.9017],[-89.1375,15.9015],[-89.1379,15.9011],[-89.1384,15.9007],[-89.1393,15.9001],[-89.1398,15.8998],[-89.1422,15.8991],[-89.1439,15.8984],[-89.1453,15.8976],[-89.1467,15.8969],[-89.1473,15.8965],[-89.1478,15.8963],[-89.1484,15.8962],[-89.149,15.896],[-89.1497,15.896],[-89.1505,15.8961],[-89.1509,15.8964],[-89.1513,15.8967],[-89.152,15.8975],[-89.1527,15.8978],[-89.154,15.8978],[-89.1547,15.8977],[-89.1555,15.8977],[-89.1563,15.8979],[-89.1568,15.8981],[-89.1576,15.8983],[-89.1582,15.8985],[-89.1591,15.8985],[-89.16,15.8985],[-89.1606,15.8983],[-89.1615,15.8985],[-89.1619,15.8989],[-89.1621,15.899],[-89.1625,15.8991],[-89.1633,15.8997],[-89.1636,15.9005],[-89.1633,15.9026],[-89.1634,15.9032],[-89.1637,15.9035],[-89.1644,15.9039],[-89.1654,15.9042],[-89.1671,15.905],[-89.1675,15.9052],[-89.1677,15.9055],[-89.1681,15.9056],[-89.1686,15.9061],[-89.1689,15.9069],[-89.1689,15.9083],[-89.1689,15.9096],[-89.169,15.9097],[-89.1692,15.91],[-89.1702,15.9107],[-89.1709,15.9111],[-89.1716,15.9114],[-89.1728,15.912],[-89.1739,15.9126],[-89.1749,15.913],[-89.1751,15.913],[-89.1758,15.913],[-89.1764,15.9128],[-89.1774,15.9123],[-89.1788,15.9112],[-89.1797,15.9106],[-89.1805,15.9101],[-89.1811,15.9097],[-89.1816,15.9095],[-89.1823,15.9094],[-89.1832,15.9093],[-89.1854,15.909],[-89.1864,15.9086],[-89.1869,15.9082],[-89.1872,15.9074],[-89.1872,15.9068],[-89.1871,15.906],[-89.1869,15.9052],[-89.1867,15.9045],[-89.1862,15.9033],[-89.186,15.9025],[-89.1861,15.9018],[-89.1859,15.901],[-89.186,15.9],[-89.1861,15.8993],[-89.1863,15.8986],[-89.1869,15.8977],[-89.1876,15.8974],[-89.1881,15.8973],[-89.1889,15.8975],[-89.1896,15.8982],[-89.1901,15.8987],[-89.1906,15.899],[-89.1946,15.9005],[-89.1956,15.901],[-89.1961,15.9017],[-89.1967,15.9018],[-89.1973,15.9015],[-89.1977,15.901],[-89.1983,15.9004],[-89.1988,15.8999],[-89.1992,15.8996],[-89.1999,15.8992],[-89.201,15.8985],[-89.202,15.8978],[-89.2025,15.8974],[-89.2032,15.8971],[-89.2037,15.897],[-89.2045,15.8971],[-89.2052,15.8975],[-89.2059,15.8976],[-89.2067,15.8977],[-89.2075,15.8977],[-89.2081,15.8976],[-89.2091,15.8974],[-89.2103,15.8969],[-89.2115,15.8962],[-89.2129,15.8954],[-89.2136,15.8948],[-89.2143,15.8941],[-89.2145,15.8934],[-89.2145,15.8926],[-89.2143,15.8923],[-89.2135,15.8923],[-89.2132,15.8922],[-89.213,15.8921],[-89.213,15.8918],[-89.2132,15.8916],[-89.2126,15.8911],[-89.2127,15.8905],[-89.2138,15.8903],[-89.2144,15.8901],[-89.215,15.8896],[-89.2154,15.8891],[-89.2155,15.8886],[-89.2158,15.8874],[-89.2163,15.8868],[-89.2168,15.8865],[-89.2174,15.8865],[-89.2188,15.8863],[-89.2195,15.8859],[-89.2205,15.8853],[-89.2211,15.8852],[-89.2217,15.8854],[-89.2224,15.8857],[-89.2224,15.8858],[-89.223,15.8859],[-89.2235,15.8867],[-89.2236,15.8867],[-89.2246,15.8873],[-89.225,15.888],[-89.225,15.8888],[-89.2245,15.8902],[-89.2245,15.8907],[-89.2247,15.8911],[-89.2248,15.8913],[-89.2249,15.8915],[-89.225,15.8917],[-89.2251,15.8918],[-89.2253,15.8919],[-89.2253,15.8922],[-89.2254,15.8924],[-89.2254,15.8926],[-89.2253,15.8928],[-89.2252,15.8929],[-89.2252,15.8931],[-89.2251,15.8933],[-89.225,15.8934],[-89.2249,15.8936],[-89.2248,15.8937],[-89.2247,15.8939],[-89.2247,15.894],[-89.2247,15.8944],[-89.2247,15.8946],[-89.2253,15.8952],[-89.2257,15.8956],[-89.2257,15.8956],[-89.2259,15.8956],[-89.226,15.8957],[-89.2262,15.8957],[-89.2272,15.896],[-89.2278,15.8963],[-89.228,15.8965],[-89.2281,15.8968],[-89.2281,15.8968],[-89.2279,15.8974],[-89.2282,15.898],[-89.2284,15.8983],[-89.2287,15.8984],[-89.2292,15.8982],[-89.2297,15.8978],[-89.2298,15.8976],[-89.2299,15.8972],[-89.2301,15.897],[-89.2301,15.897],[-89.2302,15.8969],[-89.2305,15.8969],[-89.2307,15.8971],[-89.2308,15.8973],[-89.2307,15.8975],[-89.2306,15.8979],[-89.2305,15.898],[-89.2306,15.8986],[-89.2306,15.8991],[-89.2308,15.8994],[-89.231,15.8998],[-89.231,15.9001],[-89.2306,15.9011],[-89.2304,15.9016],[-89.2303,15.9019],[-89.2303,15.9021],[-89.2306,15.9027],[-89.2308,15.9032],[-89.2312,15.9037],[-89.2314,15.9038],[-89.2323,15.9047],[-89.2324,15.905],[-89.2326,15.9054],[-89.2328,15.9058],[-89.2329,15.906],[-89.2329,15.9063],[-89.2331,15.9064],[-89.2331,15.9067],[-89.2331,15.9067],[-89.2331,15.9071],[-89.2334,15.9075],[-89.2339,15.9078],[-89.2342,15.9081],[-89.2345,15.9084],[-89.2346,15.9087],[-89.2347,15.909],[-89.2354,15.9094],[-89.2356,15.9094],[-89.2363,15.9094],[-89.237,15.9094],[-89.2371,15.9095],[-89.2374,15.9096],[-89.2376,15.9097],[-89.2379,15.9101],[-89.238,15.9103],[-89.2382,15.9106],[-89.2385,15.911],[-89.2386,15.9112],[-89.2386,15.9113],[-89.2385,15.9114],[-89.2385,15.9116],[-89.2387,15.9117],[-89.2389,15.9117],[-89.2396,15.9116],[-89.2401,15.9115],[-89.2407,15.9113],[-89.2412,15.911],[-89.2415,15.9109],[-89.2417,15.9109],[-89.2419,15.9111],[-89.2419,15.9112],[-89.242,15.9113],[-89.2422,15.9114],[-89.2423,15.9115],[-89.2425,15.9116],[-89.2427,15.9117],[-89.2428,15.9117],[-89.2431,15.9118],[-89.2433,15.912],[-89.2438,15.9123],[-89.2443,15.9126],[-89.2445,15.9126],[-89.2445,15.9126],[-89.2445,15.9127],[-89.2446,15.9128],[-89.245,15.9129],[-89.2451,15.913],[-89.2452,15.9131],[-89.2453,15.9133],[-89.2453,15.9133],[-89.2455,15.9134],[-89.2457,15.9137],[-89.2461,15.914],[-89.2467,15.9145],[-89.2472,15.9147],[-89.2476,15.9147],[-89.2477,15.9147],[-89.2478,15.9148],[-89.248,15.915],[-89.2483,15.9156],[-89.2485,15.9159],[-89.2486,15.916],[-89.2491,15.9161],[-89.2495,15.9161],[-89.2498,15.9161],[-89.2504,15.9164],[-89.2508,15.9165],[-89.2511,15.9166],[-89.2514,15.9166],[-89.2514,15.9164],[-89.2516,15.9163],[-89.2519,15.916],[-89.2523,15.9158],[-89.2528,15.9157],[-89.2532,15.9159],[-89.2539,15.9165],[-89.2547,15.9169],[-89.2556,15.9171],[-89.2559,15.9171],[-89.2562,15.917],[-89.2569,15.9165],[-89.2576,15.9161],[-89.2579,15.9161],[-89.2581,15.9161],[-89.2584,15.9161],[-89.2587,15.9158],[-89.2588,15.9157],[-89.259,15.9156],[-89.259,15.9156],[-89.2592,15.9157],[-89.2592,15.9158],[-89.2592,15.9158],[-89.2596,15.9162],[-89.2598,15.9166],[-89.26,15.9168],[-89.2602,15.9169],[-89.2603,15.9169],[-89.2605,15.9169],[-89.261,15.9174],[-89.2611,15.9176],[-89.2612,15.9183],[-89.2619,15.919],[-89.2627,15.9197],[-89.2637,15.92],[-89.2659,15.9203],[-89.2666,15.9197],[-89.2681,15.9197],[-89.2685,15.9193],[-89.2685,15.9181],[-89.269,15.9177],[-89.2707,15.9171],[-89.2714,15.9156],[-89.2736,15.9143],[-89.2742,15.9144],[-89.2756,15.9152],[-89.2774,15.9152],[-89.2781,15.9147],[-89.279,15.9148],[-89.2794,15.9149],[-89.2801,15.9155],[-89.2808,15.9155],[-89.2814,15.915],[-89.2842,15.9148],[-89.2847,15.9141],[-89.286,15.9138],[-89.2863,15.9137],[-89.2868,15.914],[-89.287,15.914],[-89.2868,15.9145],[-89.2873,15.915],[-89.2884,15.9151],[-89.2894,15.9148],[-89.2901,15.9149],[-89.2909,15.9142],[-89.2913,15.9135],[-89.2913,15.9134],[-89.292,15.9133],[-89.2922,15.9135],[-89.293,15.9142],[-89.2935,15.9139],[-89.2937,15.9137],[-89.2947,15.9139],[-89.2951,15.9144],[-89.2955,15.9151],[-89.2964,15.9154],[-89.2985,15.9153],[-89.2992,15.9149],[-89.3,15.9151],[-89.3012,15.916],[-89.3026,15.9164],[-89.3039,15.9172],[-89.3067,15.9175],[-89.3088,15.9171],[-89.3099,15.9167],[-89.3107,15.9168],[-89.3114,15.9168],[-89.3117,15.9166],[-89.3131,15.9158],[-89.314,15.9155],[-89.3144,15.9154],[-89.3147,15.9157],[-89.3156,15.9165],[-89.3159,15.9173],[-89.316,15.9179],[-89.3161,15.9184],[-89.3162,15.9188],[-89.3169,15.919],[-89.3175,15.9189],[-89.3181,15.9185],[-89.3189,15.9178],[-89.3207,15.9169],[-89.3216,15.9166],[-89.3226,15.9154],[-89.3232,15.915],[-89.3264,15.9138],[-89.3269,15.9136],[-89.3271,15.9138],[-89.3275,15.9142],[-89.3325,15.9142],[-89.3334,15.9147],[-89.3339,15.9159],[-89.3346,15.9154],[-89.3355,15.9161],[-89.3356,15.9162],[-89.3356,15.9162],[-89.3353,15.9173],[-89.3352,15.9177],[-89.3366,15.9194],[-89.3372,15.9202],[-89.3389,15.9203],[-89.3393,15.92],[-89.3404,15.9191],[-89.3414,15.9194],[-89.3434,15.9186],[-89.3447,15.919],[-89.3478,15.9191],[-89.349,15.9188],[-89.351,15.9196],[-89.3523,15.9197],[-89.3539,15.9206],[-89.3549,15.9205],[-89.3567,15.9192],[-89.3591,15.919],[-89.3613,15.9187],[-89.3648,15.9176],[-89.3693,15.914],[-89.3707,15.9132],[-89.3718,15.9104],[-89.3742,15.9088],[-89.3764,15.9068],[-89.3773,15.906],[-89.3778,15.9054],[-89.378,15.9045],[-89.378,15.9039],[-89.378,15.9035],[-89.3781,15.903],[-89.3779,15.9021],[-89.3778,15.9014],[-89.378,15.9009],[-89.3783,15.9002],[-89.3785,15.8995],[-89.3786,15.8989],[-89.3788,15.8982],[-89.379,15.8978],[-89.3793,15.8974],[-89.3796,15.8969],[-89.3795,15.8964],[-89.3798,15.8956],[-89.38,15.8954],[-89.3803,15.8947],[-89.3804,15.8939],[-89.3804,15.8938],[-89.3803,15.8929],[-89.3805,15.8926],[-89.3807,15.8925],[-89.3816,15.892],[-89.3817,15.8912],[-89.3808,15.8903],[-89.3797,15.8893],[-89.3794,15.8877],[-89.3797,15.8864],[-89.3803,15.8861],[-89.3818,15.8854],[-89.3832,15.8842],[-89.3835,15.8832],[-89.3836,15.8821],[-89.3836,15.8819],[-89.3844,15.8815],[-89.3845,15.8815],[-89.3855,15.8811],[-89.3864,15.8815],[-89.3871,15.8818],[-89.3886,15.8818],[-89.3899,15.881],[-89.3901,15.88],[-89.3898,15.8796],[-89.3889,15.8784],[-89.3888,15.8783],[-89.3888,15.8782],[-89.3873,15.8771],[-89.3833,15.8764],[-89.3817,15.8762],[-89.3813,15.8755],[-89.3824,15.8734],[-89.3827,15.8726],[-89.384,15.8715],[-89.3842,15.8714],[-89.3854,15.8713],[-89.386,15.8717],[-89.3869,15.8735],[-89.3878,15.8742],[-89.3888,15.8745],[-89.3899,15.8744],[-89.3914,15.8739],[-89.3916,15.873],[-89.3916,15.873],[-89.3909,15.8719],[-89.3882,15.8697],[-89.3874,15.869],[-89.3876,15.8677],[-89.3879,15.867],[-89.3884,15.867],[-89.3894,15.867],[-89.3901,15.8678],[-89.391,15.8685],[-89.3918,15.8686],[-89.3926,15.8682],[-89.3931,15.8664],[-89.3927,15.8647],[-89.3925,15.8644],[-89.3911,15.863],[-89.3912,15.8616],[-89.3915,15.8615],[-89.393,15.8611],[-89.3946,15.8613],[-89.3961,15.8623],[-89.3963,15.8641],[-89.3971,15.866],[-89.3984,15.8675],[-89.3995,15.868],[-89.4027,15.8668],[-89.4029,15.8659],[-89.4029,15.8657],[-89.4026,15.8648],[-89.4028,15.863],[-89.4035,15.8625],[-89.4039,15.8624],[-89.4053,15.862],[-89.4063,15.8611],[-89.4063,15.8595],[-89.4063,15.859],[-89.4064,15.8589],[-89.407,15.8582],[-89.4083,15.858],[-89.4091,15.8574],[-89.4105,15.8565],[-89.4109,15.8563],[-89.4114,15.8561],[-89.412,15.8559],[-89.4124,15.8557],[-89.4125,15.8556],[-89.4128,15.8555],[-89.4135,15.8551],[-89.4136,15.8549],[-89.4138,15.8544],[-89.4139,15.854],[-89.4139,15.854],[-89.4137,15.8537],[-89.4133,15.8538],[-89.413,15.854],[-89.4124,15.8542],[-89.4121,15.8541],[-89.4119,15.8538],[-89.4119,15.8534],[-89.4119,15.8532],[-89.4122,15.853],[-89.4126,15.8526],[-89.4126,15.8524],[-89.4126,15.8521],[-89.4126,15.8521],[-89.4126,15.852],[-89.4123,15.8519],[-89.4121,15.852],[-89.4118,15.8521],[-89.4114,15.8524],[-89.4109,15.8525],[-89.4104,15.8522],[-89.4103,15.8519],[-89.4104,15.8515],[-89.4106,15.851],[-89.4106,15.8507],[-89.4111,15.85],[-89.4114,15.8498],[-89.4117,15.8495],[-89.4119,15.8491],[-89.412,15.8488],[-89.4118,15.8485],[-89.4118,15.8484],[-89.4113,15.8483],[-89.4111,15.8486],[-89.4109,15.8488],[-89.4104,15.8494],[-89.4099,15.8493],[-89.4095,15.8489],[-89.4091,15.8488],[-89.4085,15.8486],[-89.408,15.8482],[-89.4076,15.8478],[-89.4077,15.8474],[-89.4078,15.8473],[-89.4081,15.847],[-89.4085,15.8468],[-89.4088,15.8466],[-89.4091,15.8462],[-89.4093,15.8457],[-89.4093,15.8455],[-89.4094,15.845],[-89.4094,15.8445],[-89.4096,15.8439],[-89.4101,15.8438],[-89.4105,15.8438],[-89.4109,15.8439],[-89.4112,15.8442],[-89.4111,15.8447],[-89.411,15.845],[-89.4109,15.8452],[-89.4108,15.8454],[-89.4105,15.8458],[-89.4101,15.846],[-89.4099,15.8463],[-89.4099,15.8467],[-89.4102,15.8468],[-89.4108,15.8465],[-89.411,15.8465],[-89.4113,15.8466],[-89.4117,15.8465],[-89.4121,15.8466],[-89.4125,15.8467],[-89.4132,15.8466],[-89.4132,15.8465],[-89.4134,15.8461],[-89.4135,15.8457],[-89.4135,15.8457],[-89.4141,15.8454],[-89.4144,15.8455],[-89.4148,15.8456],[-89.4151,15.8457],[-89.4153,15.8459],[-89.4157,15.8461],[-89.4162,15.8461],[-89.4166,15.8461],[-89.4167,15.8458],[-89.4168,15.8454],[-89.417,15.8449],[-89.417,15.8446],[-89.417,15.8444],[-89.4168,15.844],[-89.4164,15.8435],[-89.416,15.8433],[-89.4155,15.843],[-89.4154,15.8426],[-89.4156,15.8421],[-89.4159,15.8418],[-89.4164,15.8416],[-89.4168,15.8412],[-89.417,15.841],[-89.4169,15.8407],[-89.417,15.8401],[-89.4171,15.8399],[-89.4174,15.8398],[-89.4178,15.8397],[-89.418,15.8395],[-89.4177,15.8393],[-89.4173,15.8391],[-89.4171,15.8389],[-89.4168,15.8387],[-89.4169,15.8385],[-89.417,15.8383],[-89.4173,15.8382],[-89.4173,15.8379],[-89.4176,15.8376],[-89.4178,15.8375],[-89.4181,15.837],[-89.4182,15.8365],[-89.4182,15.836],[-89.4182,15.8357],[-89.4184,15.8353],[-89.4188,15.8352],[-89.4194,15.835],[-89.4195,15.8347],[-89.4198,15.8343],[-89.4202,15.8342],[-89.4206,15.8339],[-89.4209,15.8335],[-89.4209,15.8329],[-89.4209,15.8322],[-89.4208,15.832],[-89.4206,15.8317],[-89.4203,15.8318],[-89.4201,15.832],[-89.42,15.8324],[-89.4196,15.8326],[-89.4193,15.8324],[-89.4193,15.832],[-89.4187,15.8318],[-89.4185,15.8314],[-89.4182,15.8311],[-89.4179,15.8309],[-89.4178,15.8304],[-89.4179,15.8299],[-89.4182,15.8299],[-89.4187,15.83],[-89.419,15.8302],[-89.4192,15.8301],[-89.4193,15.8301],[-89.4195,15.8298],[-89.42,15.8296],[-89.4201,15.8294],[-89.4204,15.8292],[-89.4208,15.8291],[-89.4211,15.8291],[-89.4218,15.829],[-89.4222,15.8287],[-89.4224,15.8285],[-89.4225,15.8283],[-89.4224,15.8279],[-89.4226,15.8274],[-89.4228,15.8274],[-89.4237,15.8274],[-89.4242,15.8273],[-89.4249,15.8271],[-89.4256,15.8272],[-89.4261,15.8274],[-89.4267,15.8273],[-89.4271,15.8269],[-89.4274,15.826],[-89.4276,15.8257],[-89.4279,15.8247],[-89.4278,15.8237],[-89.4272,15.8233],[-89.4267,15.823],[-89.4265,15.823],[-89.4262,15.823],[-89.4255,15.8237],[-89.4249,15.8236],[-89.4246,15.8235],[-89.4244,15.8231],[-89.4244,15.8225],[-89.4246,15.822],[-89.425,15.8216],[-89.4254,15.8215],[-89.4254,15.8215],[-89.4258,15.8217],[-89.4264,15.8219],[-89.4266,15.822],[-89.4269,15.8217],[-89.427,15.8214],[-89.4273,15.8209],[-89.4279,15.8209],[-89.4285,15.8212],[-89.429,15.8214],[-89.4293,15.8213],[-89.4296,15.8209],[-89.4301,15.8206],[-89.4306,15.8207],[-89.4311,15.8211],[-89.4315,15.8216],[-89.4321,15.8219],[-89.4323,15.8222],[-89.4328,15.8224],[-89.4331,15.8224],[-89.4334,15.8222],[-89.4337,15.8215],[-89.4338,15.8213],[-89.4338,15.8211],[-89.4339,15.8205],[-89.4342,15.8202],[-89.4348,15.8196],[-89.435,15.8193],[-89.4353,15.8191],[-89.4354,15.8186],[-89.4356,15.8182],[-89.4361,15.818],[-89.4366,15.818],[-89.4371,15.8179],[-89.4373,15.8177],[-89.4371,15.8174],[-89.4372,15.8167],[-89.4374,15.8165],[-89.4377,15.816],[-89.4378,15.8159],[-89.4388,15.8157],[-89.4655,15.7636],[-89.467,15.7608],[-89.4709,15.7533],[-89.4729,15.7492],[-89.4743,15.7465],[-89.4781,15.7392],[-89.4784,15.7386],[-89.4933,15.7096],[-89.4933,15.7095],[-89.5044,15.6905],[-89.5362,15.6361],[-89.5365,15.6353],[-89.5742,15.5426],[-89.5813,15.5257],[-89.5823,15.5232],[-89.5829,15.522],[-89.5829,15.5214],[-89.5828,15.5182],[-89.5816,15.5154],[-89.5763,15.5114],[-89.5729,15.5101],[-89.5726,15.5091],[-89.5697,15.5065],[-89.5693,15.5054],[-89.567,15.5026],[-89.567,15.5018],[-89.5669,15.499],[-89.5687,15.4973],[-89.5742,15.4934],[-89.5806,15.4905],[-89.5873,15.4867],[-89.5886,15.4854],[-89.5896,15.4848],[-89.59,15.4844],[-89.5903,15.484],[-89.5906,15.4835],[-89.5907,15.4832],[-89.5908,15.4828],[-89.5909,15.4821],[-89.5908,15.4814],[-89.5907,15.4808],[-89.5906,15.4797],[-89.5903,15.4789],[-89.59,15.4784],[-89.5893,15.478],[-89.5892,15.478],[-89.5886,15.4778],[-89.588,15.4775],[-89.5875,15.4772],[-89.5867,15.4768],[-89.586,15.4765],[-89.5854,15.4762],[-89.5845,15.4758],[-89.5834,15.4753],[-89.5823,15.4749],[-89.5816,15.4745],[-89.581,15.4743],[-89.5796,15.4742],[-89.5745,15.4741],[-89.5736,15.4741],[-89.573,15.4739],[-89.5725,15.4735],[-89.5719,15.473],[-89.5716,15.4729],[-89.5712,15.4727],[-89.5707,15.4726],[-89.5706,15.4726],[-89.5689,15.4721],[-89.5684,15.4718],[-89.5672,15.4714],[-89.5665,15.4711],[-89.566,15.4709],[-89.5655,15.4707],[-89.5647,15.4703],[-89.5641,15.4699],[-89.5634,15.4694],[-89.5626,15.4688],[-89.562,15.4683],[-89.5613,15.4679],[-89.5609,15.4675],[-89.5607,15.4672],[-89.5601,15.4666],[-89.559,15.4659],[-89.5582,15.4655],[-89.5571,15.4654],[-89.557,15.4654],[-89.5565,15.4655],[-89.5563,15.4656],[-89.5555,15.466],[-89.5549,15.4663],[-89.5544,15.4665],[-89.5541,15.4665],[-89.5533,15.466],[-89.5525,15.4655],[-89.5522,15.4649],[-89.5519,15.4644],[-89.5516,15.464],[-89.5511,15.4634],[-89.5508,15.463],[-89.5502,15.4627],[-89.5498,15.4626],[-89.5492,15.4623],[-89.5486,15.4622],[-89.5484,15.462],[-89.5482,15.4616],[-89.548,15.4611],[-89.5481,15.4606],[-89.5483,15.4602],[-89.5486,15.4599],[-89.5488,15.4598],[-89.5451,15.456],[-89.5424,15.4561],[-89.5387,15.4586],[-89.5352,15.461],[-89.5326,15.4643],[-89.5322,15.4658],[-89.5298,15.4657],[-89.5281,15.4638],[-89.5265,15.4613],[-89.5235,15.4577],[-89.5218,15.4562],[-89.5189,15.4556],[-89.5164,15.453],[-89.5166,15.4523],[-89.5171,15.4507],[-89.52,15.4477],[-89.5224,15.4461],[-89.5268,15.4397],[-89.5296,15.4366],[-89.5299,15.4355],[-89.5304,15.4339],[-89.5312,15.431],[-89.5327,15.4291],[-89.533,15.4243],[-89.5329,15.4239],[-89.5326,15.4229],[-89.5317,15.4227],[-89.5308,15.4221],[-89.53,15.4216],[-89.5294,15.4209],[-89.5288,15.4205],[-89.5284,15.4201],[-89.5277,15.4197],[-89.5269,15.4193],[-89.526,15.419],[-89.526,15.419],[-89.5258,15.419],[-89.5251,15.419],[-89.5245,15.419],[-89.5225,15.4194],[-89.5211,15.4199],[-89.5201,15.4201],[-89.5193,15.4201],[-89.5184,15.4199],[-89.5175,15.4195],[-89.5165,15.419],[-89.516,15.4184],[-89.5155,15.4176],[-89.5144,15.4161],[-89.5142,15.4155],[-89.5143,15.4151],[-89.5151,15.4104],[-89.5171,15.4078],[-89.5181,15.4041],[-89.5187,15.4001],[-89.5198,15.3974],[-89.5208,15.3933],[-89.5221,15.3908],[-89.5225,15.3889],[-89.5235,15.3866],[-89.5245,15.3804],[-89.5244,15.3801],[-89.5241,15.3792],[-89.5227,15.3774],[-89.5183,15.3741],[-89.5173,15.3723],[-89.5133,15.368],[-89.5121,15.3658],[-89.5121,15.3649],[-89.512,15.3634],[-89.5135,15.3613],[-89.5177,15.3582],[-89.5196,15.3578],[-89.5222,15.3563],[-89.5249,15.3558],[-89.5275,15.3544],[-89.5357,15.3524],[-89.5374,15.3512],[-89.5412,15.3499],[-89.5445,15.3471],[-89.5466,15.344],[-89.5473,15.3421],[-89.5473,15.3412],[-89.5472,15.3396],[-89.5472,15.337],[-89.5467,15.3358],[-89.5443,15.3332],[-89.5435,15.3303],[-89.5415,15.3289],[-89.5414,15.3281],[-89.54,15.3267],[-89.5353,15.3197],[-89.5348,15.3166],[-89.5349,15.3164],[-89.5364,15.313],[-89.5379,15.3113],[-89.5396,15.3103],[-89.5434,15.3112],[-89.5466,15.3108],[-89.5536,15.3124],[-89.5578,15.3125],[-89.5656,15.3112],[-89.5655,15.3107],[-89.5654,15.3105],[-89.5654,15.3103],[-89.5655,15.3101],[-89.5656,15.3098],[-89.5657,15.3097],[-89.5659,15.3094],[-89.566,15.3092],[-89.5662,15.3091],[-89.5664,15.3091],[-89.5667,15.3092],[-89.5671,15.3093],[-89.5674,15.3094],[-89.5677,15.3095],[-89.568,15.3096],[-89.5683,15.3097],[-89.5685,15.3097],[-89.5686,15.3096],[-89.5687,15.3095],[-89.5687,15.3091],[-89.5687,15.3088],[-89.5686,15.3085],[-89.5686,15.3083],[-89.5684,15.3081],[-89.5682,15.3081],[-89.568,15.308],[-89.5677,15.3077],[-89.5676,15.3076],[-89.5674,15.3075],[-89.5671,15.3076],[-89.5669,15.3075],[-89.5665,15.3075],[-89.5664,15.3074],[-89.5662,15.3074],[-89.566,15.3072],[-89.5657,15.307],[-89.5654,15.3066],[-89.5652,15.3063],[-89.565,15.3058],[-89.5647,15.3048],[-89.5645,15.3041],[-89.5645,15.3035],[-89.5645,15.3034],[-89.5645,15.303],[-89.5645,15.3024],[-89.5645,15.3021],[-89.5644,15.3018],[-89.5642,15.3017],[-89.564,15.3017],[-89.5637,15.3018],[-89.5637,15.3019],[-89.5633,15.3021],[-89.5632,15.3022],[-89.563,15.3022],[-89.563,15.302],[-89.5629,15.3018],[-89.5629,15.3017],[-89.563,15.3013],[-89.5632,15.3009],[-89.5632,15.3007],[-89.5633,15.3005],[-89.5634,15.3003],[-89.5633,15.3],[-89.5632,15.2999],[-89.5632,15.2998],[-89.5633,15.2997],[-89.5635,15.2996],[-89.5637,15.2997],[-89.564,15.2996],[-89.5643,15.2996],[-89.5646,15.2993],[-89.5649,15.299],[-89.5651,15.2987],[-89.5652,15.2984],[-89.5652,15.2982],[-89.5654,15.2978],[-89.5657,15.2976],[-89.5658,15.2973],[-89.566,15.297],[-89.566,15.2968],[-89.5659,15.2965],[-89.5659,15.2963],[-89.5658,15.296],[-89.5659,15.2957],[-89.566,15.2954],[-89.5662,15.2951],[-89.5664,15.2948],[-89.5666,15.2946],[-89.5666,15.2946],[-89.5666,15.2944],[-89.5665,15.2943],[-89.5665,15.2943],[-89.5663,15.2941],[-89.5663,15.294],[-89.5664,15.2939],[-89.5667,15.2938],[-89.5668,15.2938],[-89.5672,15.2937],[-89.5676,15.2937],[-89.5682,15.2935],[-89.5686,15.2933],[-89.569,15.293],[-89.5693,15.2927],[-89.5695,15.2924],[-89.5697,15.2922],[-89.5697,15.292],[-89.5697,15.2918],[-89.5698,15.2916],[-89.5699,15.2915],[-89.5699,15.2914],[-89.5698,15.2913],[-89.5696,15.2912],[-89.5691,15.291],[-89.5688,15.2909],[-89.5686,15.2909],[-89.5685,15.291],[-89.5683,15.2909],[-89.5682,15.2908],[-89.5681,15.2906],[-89.5682,15.2904],[-89.5683,15.29],[-89.5684,15.2898],[-89.5687,15.2897],[-89.569,15.2896],[-89.5693,15.2895],[-89.5697,15.2894],[-89.5698,15.2893],[-89.5699,15.2892],[-89.5699,15.2889],[-89.5698,15.2885],[-89.5697,15.2883],[-89.5696,15.288],[-89.5695,15.2877],[-89.5693,15.2876],[-89.5691,15.2874],[-89.5688,15.2872],[-89.5687,15.2872],[-89.5687,15.287],[-89.5687,15.2868],[-89.5688,15.2865],[-89.5689,15.2862],[-89.5691,15.2859],[-89.5693,15.2858],[-89.5696,15.2856],[-89.5698,15.2853],[-89.5699,15.2851],[-89.57,15.285],[-89.5699,15.2848],[-89.5698,15.2847],[-89.5696,15.2847],[-89.5693,15.2845],[-89.569,15.2844],[-89.5688,15.2843],[-89.5685,15.284],[-89.5682,15.2835],[-89.5679,15.283],[-89.5677,15.2825],[-89.5677,15.276],[-89.5677,15.276],[-89.5671,15.2752],[-89.5671,15.2743],[-89.5673,15.2663],[-89.5718,15.2536],[-89.5736,15.2506],[-89.5743,15.2469],[-89.576,15.2419],[-89.5798,15.2361],[-89.5815,15.2324],[-89.5864,15.2259],[-89.5868,15.2246],[-89.5902,15.2204],[-89.6131,15.1866],[-89.62,15.1732],[-89.6215,15.1709],[-89.6244,15.1643],[-89.6269,15.1615]],[[-89.3468,15.4077],[-89.3478,15.4073],[-89.3485,15.4071],[-89.3498,15.4071],[-89.3506,15.4071],[-89.3513,15.4071],[-89.3522,15.4071],[-89.3524,15.4078],[-89.3513,15.4078],[-89.3506,15.4078],[-89.3493,15.4077],[-89.3485,15.4078],[-89.3477,15.408],[-89.3466,15.4085],[-89.345,15.4091],[-89.3468,15.4077]]]]}},{"type":"Feature","properties":{"name":"Jalapa","id":"GT-JA"},"geometry":{"type":"Polygon","coordinates":[[[-90.2035,14.6758],[-90.2094,14.6694],[-90.2101,14.6685],[-90.2124,14.6657],[-90.2158,14.6621],[-90.2141,14.6561],[-90.2141,14.6534],[-90.214,14.6484],[-90.2154,14.6447],[-90.2181,14.6371],[-90.2195,14.6358],[-90.2218,14.6349],[-90.222,14.6348],[-90.2269,14.6343],[-90.23,14.632],[-90.2301,14.6319],[-90.24,14.6248],[-90.2447,14.6213],[-90.2604,14.6086],[-90.2677,14.6026],[-90.2674,14.6013],[-90.2674,14.601],[-90.2651,14.5901],[-90.2591,14.5622],[-90.2512,14.5489],[-90.2628,14.5479],[-90.2675,14.5382],[-90.2725,14.5281],[-90.2778,14.5175],[-90.2635,14.508],[-90.2591,14.5132],[-90.2572,14.5128],[-90.2567,14.5089],[-90.2531,14.5082],[-90.2574,14.4827],[-90.2441,14.4716],[-90.2381,14.4763],[-90.2345,14.4791],[-90.2175,14.4831],[-90.1436,14.5004],[-90.1288,14.4968],[-90.1186,14.4944],[-90.1141,14.4938],[-90.1111,14.4711],[-90.0838,14.4538],[-90.0535,14.4361],[-90.0469,14.4299],[-90.0329,14.4303],[-90.0298,14.4304],[-89.9849,14.4318],[-89.9825,14.4349],[-89.9811,14.4437],[-89.9812,14.4476],[-89.9809,14.4513],[-89.9796,14.4512],[-89.9751,14.4542],[-89.9359,14.4613],[-89.926,14.4631],[-89.8943,14.4411],[-89.8943,14.4411],[-89.8942,14.441],[-89.8919,14.44],[-89.8888,14.4387],[-89.8839,14.4618],[-89.8834,14.464],[-89.8743,14.4709],[-89.8652,14.4688],[-89.8625,14.4693],[-89.8596,14.4698],[-89.8497,14.4747],[-89.8487,14.4882],[-89.8486,14.4886],[-89.8463,14.4923],[-89.8389,14.4989],[-89.8371,14.5006],[-89.8355,14.5039],[-89.8364,14.5107],[-89.8365,14.5115],[-89.8363,14.5114],[-89.8361,14.5115],[-89.836,14.5115],[-89.8358,14.5118],[-89.8358,14.512],[-89.8357,14.5122],[-89.8355,14.5125],[-89.8355,14.5126],[-89.8354,14.5128],[-89.8353,14.513],[-89.8352,14.5133],[-89.835,14.5136],[-89.8349,14.5137],[-89.8347,14.5138],[-89.8344,14.514],[-89.8342,14.5141],[-89.834,14.5142],[-89.8336,14.5142],[-89.8334,14.5142],[-89.8333,14.514],[-89.8331,14.5138],[-89.8329,14.5138],[-89.8326,14.5139],[-89.8325,14.514],[-89.8322,14.514],[-89.8321,14.514],[-89.8319,14.514],[-89.8318,14.5139],[-89.8316,14.5137],[-89.8315,14.5135],[-89.8314,14.5134],[-89.8313,14.5133],[-89.8311,14.5131],[-89.831,14.5128],[-89.8309,14.5125],[-89.8309,14.5122],[-89.8308,14.512],[-89.8307,14.5117],[-89.8305,14.5114],[-89.8304,14.5111],[-89.8303,14.5108],[-89.8302,14.5106],[-89.83,14.5104],[-89.8298,14.5102],[-89.8295,14.5101],[-89.8291,14.5102],[-89.8289,14.5104],[-89.8287,14.5105],[-89.8286,14.5106],[-89.8283,14.5108],[-89.8282,14.5108],[-89.8279,14.5108],[-89.8277,14.5107],[-89.8275,14.5106],[-89.8274,14.5106],[-89.8271,14.5107],[-89.8269,14.5107],[-89.8266,14.5107],[-89.8264,14.5107],[-89.826,14.5108],[-89.8257,14.5109],[-89.8255,14.5111],[-89.8254,14.5112],[-89.8252,14.5113],[-89.8251,14.5116],[-89.8248,14.5117],[-89.8246,14.5119],[-89.8243,14.5121],[-89.824,14.5123],[-89.8236,14.5124],[-89.8234,14.5125],[-89.8233,14.5127],[-89.823,14.5129],[-89.8228,14.513],[-89.8226,14.5132],[-89.8224,14.5134],[-89.8223,14.5135],[-89.8221,14.5137],[-89.8219,14.5138],[-89.8216,14.5139],[-89.8213,14.5139],[-89.8211,14.5139],[-89.8209,14.5139],[-89.8206,14.5137],[-89.8205,14.5137],[-89.8203,14.5135],[-89.8201,14.5133],[-89.8201,14.5131],[-89.82,14.513],[-89.8201,14.5127],[-89.8202,14.5126],[-89.8204,14.5124],[-89.8205,14.5122],[-89.8206,14.512],[-89.8206,14.5119],[-89.8206,14.5116],[-89.8207,14.5114],[-89.8207,14.5113],[-89.8208,14.5112],[-89.821,14.5111],[-89.8211,14.511],[-89.8213,14.511],[-89.8214,14.5111],[-89.8215,14.5113],[-89.8216,14.5113],[-89.8217,14.5114],[-89.8219,14.5115],[-89.8219,14.5117],[-89.822,14.5118],[-89.8222,14.5118],[-89.8223,14.5117],[-89.8224,14.5117],[-89.8224,14.5116],[-89.8225,14.5115],[-89.8224,14.5113],[-89.8223,14.5111],[-89.8223,14.511],[-89.8225,14.5108],[-89.8225,14.5106],[-89.8226,14.5104],[-89.8227,14.5102],[-89.8226,14.51],[-89.8226,14.5098],[-89.8228,14.5096],[-89.8228,14.5094],[-89.8228,14.5091],[-89.8226,14.5088],[-89.8225,14.5085],[-89.8225,14.5084],[-89.8221,14.5081],[-89.8219,14.5079],[-89.8215,14.5076],[-89.8212,14.5073],[-89.8209,14.507],[-89.8205,14.5068],[-89.8203,14.5067],[-89.8197,14.5067],[-89.819,14.5066],[-89.8187,14.5065],[-89.8182,14.5065],[-89.8179,14.5065],[-89.8176,14.5065],[-89.8173,14.5065],[-89.8168,14.5066],[-89.8165,14.5066],[-89.8159,14.5064],[-89.8158,14.5063],[-89.8157,14.5061],[-89.8157,14.5058],[-89.8155,14.5054],[-89.8154,14.505],[-89.8154,14.5047],[-89.8151,14.504],[-89.8149,14.5037],[-89.8146,14.5034],[-89.8142,14.5032],[-89.8139,14.503],[-89.8135,14.5026],[-89.8134,14.5024],[-89.8132,14.5021],[-89.8129,14.5018],[-89.8127,14.5015],[-89.8122,14.5012],[-89.8119,14.5011],[-89.8116,14.5008],[-89.8112,14.5005],[-89.8108,14.5003],[-89.8104,14.5],[-89.81,14.4998],[-89.8095,14.4995],[-89.8091,14.4992],[-89.8085,14.4989],[-89.8083,14.4985],[-89.8081,14.4979],[-89.808,14.4976],[-89.8081,14.4971],[-89.8082,14.4967],[-89.8083,14.4963],[-89.8084,14.496],[-89.8086,14.4955],[-89.8086,14.4953],[-89.8087,14.4951],[-89.8088,14.4947],[-89.8089,14.4942],[-89.8089,14.4939],[-89.8088,14.4936],[-89.8086,14.4933],[-89.8085,14.4933],[-89.8084,14.4932],[-89.808,14.4931],[-89.8077,14.4928],[-89.8074,14.4925],[-89.807,14.4922],[-89.8067,14.4919],[-89.8064,14.4917],[-89.8061,14.4915],[-89.8058,14.4912],[-89.8054,14.4909],[-89.8052,14.4909],[-89.8048,14.491],[-89.8046,14.4913],[-89.8041,14.4917],[-89.8035,14.492],[-89.8031,14.4922],[-89.8027,14.4923],[-89.8024,14.4922],[-89.8022,14.4921],[-89.8021,14.4918],[-89.8019,14.4915],[-89.8018,14.4912],[-89.8016,14.4909],[-89.8012,14.4907],[-89.8009,14.4906],[-89.8006,14.4904],[-89.8003,14.4901],[-89.8001,14.4899],[-89.7996,14.4895],[-89.7994,14.4894],[-89.799,14.4894],[-89.7987,14.4896],[-89.7987,14.4898],[-89.7987,14.49],[-89.7989,14.4903],[-89.799,14.4905],[-89.7991,14.4908],[-89.7991,14.4911],[-89.7989,14.4914],[-89.7987,14.4918],[-89.7985,14.4921],[-89.7983,14.4922],[-89.7981,14.4921],[-89.7979,14.4919],[-89.7976,14.4916],[-89.7974,14.4913],[-89.797,14.4911],[-89.7967,14.4909],[-89.7964,14.4908],[-89.7961,14.491],[-89.7959,14.4911],[-89.7956,14.4913],[-89.7951,14.4916],[-89.7947,14.4916],[-89.7943,14.4916],[-89.7939,14.4916],[-89.7935,14.4914],[-89.7932,14.4912],[-89.7929,14.4911],[-89.7924,14.4911],[-89.7921,14.4909],[-89.7918,14.4907],[-89.7917,14.4905],[-89.7916,14.4902],[-89.7916,14.4898],[-89.7917,14.4894],[-89.7919,14.489],[-89.7921,14.4886],[-89.7922,14.4884],[-89.7925,14.4881],[-89.7927,14.4879],[-89.7928,14.4875],[-89.7929,14.4871],[-89.793,14.4867],[-89.7932,14.4863],[-89.7935,14.486],[-89.794,14.4856],[-89.7945,14.4854],[-89.7949,14.4852],[-89.7955,14.4849],[-89.7958,14.4845],[-89.796,14.4841],[-89.7961,14.4836],[-89.796,14.4832],[-89.7958,14.4832],[-89.7954,14.4831],[-89.7953,14.483],[-89.7949,14.4829],[-89.7944,14.4828],[-89.7937,14.4828],[-89.7934,14.4829],[-89.7926,14.483],[-89.7923,14.483],[-89.7916,14.4828],[-89.7909,14.4826],[-89.7903,14.4823],[-89.7897,14.482],[-89.7891,14.4817],[-89.7886,14.4815],[-89.7884,14.4815],[-89.7878,14.4818],[-89.7875,14.4821],[-89.7873,14.4824],[-89.7872,14.4828],[-89.787,14.4833],[-89.7869,14.4838],[-89.7868,14.4843],[-89.7863,14.4847],[-89.7858,14.4849],[-89.7855,14.4847],[-89.7853,14.4844],[-89.785,14.4841],[-89.7842,14.484],[-89.7839,14.4837],[-89.7836,14.4833],[-89.7833,14.4828],[-89.7831,14.4826],[-89.7824,14.4829],[-89.7816,14.4834],[-89.7809,14.4839],[-89.7801,14.4845],[-89.7795,14.4849],[-89.779,14.4851],[-89.7787,14.4849],[-89.7785,14.4848],[-89.7778,14.4849],[-89.7773,14.485],[-89.7767,14.4852],[-89.7758,14.4855],[-89.7748,14.4853],[-89.7744,14.4851],[-89.7738,14.4848],[-89.7733,14.4847],[-89.7727,14.4847],[-89.7716,14.4845],[-89.7706,14.484],[-89.7694,14.4836],[-89.7686,14.4837],[-89.7672,14.4836],[-89.766,14.484],[-89.7653,14.4841],[-89.7638,14.4841],[-89.7628,14.4835],[-89.7619,14.4829],[-89.7613,14.4828],[-89.7606,14.483],[-89.7601,14.4836],[-89.76,14.4841],[-89.7598,14.485],[-89.7595,14.4859],[-89.7587,14.4866],[-89.7579,14.4868],[-89.7574,14.4867],[-89.7569,14.4863],[-89.748,14.4857],[-89.7456,14.4855],[-89.744,14.4847],[-89.7412,14.4838],[-89.738,14.4839],[-89.7342,14.4848],[-89.7292,14.4848],[-89.7209,14.4813],[-89.7111,14.4818],[-89.7016,14.4909],[-89.692,14.4959],[-89.6889,14.5168],[-89.6815,14.5262],[-89.6817,14.5301],[-89.6817,14.5307],[-89.6793,14.5432],[-89.682,14.5436],[-89.694,14.5571],[-89.694,14.5571],[-89.6939,14.5572],[-89.6797,14.5841],[-89.6724,14.5979],[-89.6617,14.6182],[-89.6634,14.6243],[-89.6641,14.6298],[-89.6592,14.638],[-89.66,14.6436],[-89.6558,14.6494],[-89.6509,14.6569],[-89.6508,14.6612],[-89.6506,14.6742],[-89.6499,14.6843],[-89.6488,14.702],[-89.6483,14.706],[-89.6555,14.7044],[-89.6612,14.705],[-89.6615,14.711],[-89.6607,14.717],[-89.6599,14.7222],[-89.6595,14.7289],[-89.6575,14.7384],[-89.6556,14.7428],[-89.6596,14.7476],[-89.6609,14.7534],[-89.6612,14.7549],[-89.6703,14.7572],[-89.6802,14.7571],[-89.6839,14.7531],[-89.6876,14.7483],[-89.7076,14.7485],[-89.7203,14.7508],[-89.7204,14.7509],[-89.7478,14.7421],[-89.7482,14.7422],[-89.7484,14.7424],[-89.7486,14.7428],[-89.7488,14.7431],[-89.7493,14.7432],[-89.7497,14.7432],[-89.75,14.7434],[-89.7503,14.7433],[-89.7506,14.7432],[-89.751,14.7433],[-89.7513,14.7433],[-89.7515,14.7434],[-89.7517,14.7437],[-89.752,14.7438],[-89.7525,14.7438],[-89.7528,14.7439],[-89.7531,14.7439],[-89.7534,14.7438],[-89.7537,14.7438],[-89.754,14.744],[-89.7543,14.7441],[-89.7547,14.744],[-89.755,14.7442],[-89.7552,14.7444],[-89.7554,14.7448],[-89.7555,14.7452],[-89.756,14.7455],[-89.7565,14.7455],[-89.7568,14.7455],[-89.7571,14.7456],[-89.7573,14.7457],[-89.7573,14.746],[-89.7574,14.7462],[-89.7576,14.7463],[-89.758,14.7461],[-89.7582,14.7461],[-89.7584,14.7463],[-89.7584,14.7465],[-89.7585,14.7468],[-89.7586,14.7472],[-89.7587,14.7473],[-89.7591,14.7474],[-89.7594,14.7473],[-89.7596,14.7475],[-89.7596,14.7478],[-89.7596,14.7481],[-89.7596,14.7484],[-89.7599,14.7486],[-89.7602,14.7486],[-89.7605,14.7488],[-89.7606,14.749],[-89.7608,14.7492],[-89.7611,14.7493],[-89.7615,14.7494],[-89.7619,14.7493],[-89.7621,14.7492],[-89.7623,14.749],[-89.7625,14.7488],[-89.7628,14.7486],[-89.7629,14.7486],[-89.763,14.7486],[-89.763,14.7488],[-89.7631,14.7493],[-89.7632,14.7494],[-89.7633,14.7493],[-89.7636,14.7492],[-89.7637,14.749],[-89.7638,14.749],[-89.7641,14.7489],[-89.7643,14.749],[-89.7645,14.7492],[-89.7645,14.7493],[-89.7646,14.7495],[-89.7647,14.7496],[-89.7648,14.7496],[-89.765,14.7495],[-89.7652,14.7496],[-89.7653,14.7497],[-89.7656,14.7497],[-89.7658,14.7498],[-89.7658,14.7499],[-89.7659,14.7501],[-89.766,14.7503],[-89.7661,14.7504],[-89.7663,14.7505],[-89.7665,14.7506],[-89.7667,14.7507],[-89.7668,14.7508],[-89.7669,14.7507],[-89.7671,14.7506],[-89.7673,14.7505],[-89.7674,14.7504],[-89.7675,14.7503],[-89.7677,14.7503],[-89.7678,14.7504],[-89.7679,14.7505],[-89.768,14.7506],[-89.7683,14.7507],[-89.7684,14.7507],[-89.7685,14.7507],[-89.7687,14.7509],[-89.7689,14.751],[-89.7691,14.7511],[-89.7694,14.7512],[-89.7695,14.7512],[-89.7696,14.7512],[-89.7697,14.7513],[-89.7697,14.7514],[-89.7699,14.7516],[-89.7699,14.7517],[-89.7699,14.7519],[-89.7698,14.752],[-89.7697,14.7521],[-89.7697,14.7523],[-89.7697,14.7524],[-89.7698,14.7526],[-89.7701,14.7531],[-89.7702,14.7532],[-89.7704,14.7532],[-89.7707,14.7531],[-89.771,14.7531],[-89.7712,14.7531],[-89.7712,14.7531],[-89.7713,14.7532],[-89.7716,14.7533],[-89.7718,14.7534],[-89.7718,14.7535],[-89.7718,14.7537],[-89.7717,14.7538],[-89.7718,14.754],[-89.7719,14.7542],[-89.772,14.7543],[-89.7722,14.7544],[-89.7724,14.7546],[-89.7724,14.7548],[-89.7724,14.755],[-89.7724,14.7551],[-89.7722,14.7551],[-89.7721,14.7551],[-89.7718,14.755],[-89.7716,14.7549],[-89.7715,14.7549],[-89.7713,14.7548],[-89.7711,14.7548],[-89.7708,14.7549],[-89.7706,14.755],[-89.7704,14.7551],[-89.7703,14.7553],[-89.7703,14.7554],[-89.7704,14.7556],[-89.7705,14.7557],[-89.7707,14.7559],[-89.7709,14.756],[-89.7711,14.7561],[-89.7713,14.7562],[-89.7715,14.7563],[-89.7718,14.7564],[-89.772,14.7565],[-89.7722,14.7566],[-89.7724,14.7568],[-89.7724,14.7569],[-89.7723,14.7571],[-89.7722,14.7573],[-89.7723,14.7576],[-89.7723,14.7577],[-89.7725,14.7579],[-89.7727,14.7581],[-89.7729,14.7583],[-89.7731,14.7585],[-89.7734,14.7586],[-89.7735,14.7587],[-89.7736,14.7589],[-89.7735,14.7591],[-89.7734,14.7593],[-89.7733,14.7596],[-89.7733,14.7598],[-89.7734,14.7599],[-89.7735,14.7602],[-89.7735,14.7603],[-89.7735,14.7605],[-89.7733,14.7607],[-89.7731,14.761],[-89.773,14.7611],[-89.7728,14.7612],[-89.7726,14.7613],[-89.7724,14.7615],[-89.7723,14.7617],[-89.7723,14.7618],[-89.7723,14.7619],[-89.7722,14.7621],[-89.7721,14.7622],[-89.7721,14.7624],[-89.772,14.7625],[-89.7721,14.7627],[-89.7721,14.7629],[-89.7721,14.7632],[-89.7721,14.7633],[-89.7721,14.7635],[-89.7723,14.7637],[-89.7723,14.7638],[-89.7725,14.7642],[-89.7729,14.7645],[-89.7731,14.7646],[-89.7733,14.7648],[-89.7736,14.765],[-89.7736,14.7651],[-89.7737,14.7653],[-89.7738,14.7656],[-89.7769,14.7662],[-89.7795,14.7674],[-89.7801,14.7676],[-89.7805,14.7678],[-89.7806,14.7679],[-89.7807,14.7681],[-89.781,14.7682],[-89.7812,14.7683],[-89.7814,14.7684],[-89.7816,14.7685],[-89.7818,14.7686],[-89.7819,14.7686],[-89.7822,14.7686],[-89.7825,14.7685],[-89.7827,14.7685],[-89.7829,14.7685],[-89.783,14.7686],[-89.7833,14.7687],[-89.7835,14.7688],[-89.7838,14.769],[-89.784,14.769],[-89.7842,14.7691],[-89.7845,14.7691],[-89.7847,14.7691],[-89.7848,14.769],[-89.7851,14.7691],[-89.7854,14.7692],[-89.7854,14.7692],[-89.7857,14.7693],[-89.7859,14.7694],[-89.7859,14.7696],[-89.786,14.7699],[-89.786,14.77],[-89.786,14.7702],[-89.786,14.7704],[-89.7858,14.7705],[-89.7857,14.7706],[-89.7856,14.7707],[-89.7855,14.7707],[-89.7854,14.7708],[-89.7853,14.7708],[-89.7853,14.7709],[-89.7853,14.7711],[-89.7853,14.7712],[-89.7851,14.7713],[-89.785,14.7714],[-89.785,14.7715],[-89.785,14.7716],[-89.785,14.7717],[-89.785,14.7718],[-89.7848,14.7719],[-89.7846,14.772],[-89.7845,14.7721],[-89.7844,14.7721],[-89.7845,14.7723],[-89.7846,14.7725],[-89.7846,14.7727],[-89.7848,14.7728],[-89.785,14.7729],[-89.7851,14.7732],[-89.7853,14.7732],[-89.7855,14.7732],[-89.7857,14.7732],[-89.7858,14.7732],[-89.7859,14.7731],[-89.786,14.7729],[-89.7862,14.773],[-89.7863,14.7731],[-89.7864,14.7733],[-89.7866,14.7735],[-89.7868,14.7736],[-89.7872,14.7736],[-89.7875,14.7736],[-89.7878,14.7735],[-89.7878,14.7733],[-89.7879,14.7731],[-89.7881,14.7729],[-89.7882,14.7728],[-89.7883,14.7728],[-89.7884,14.7728],[-89.7885,14.7729],[-89.7887,14.7731],[-89.7888,14.7732],[-89.7891,14.7733],[-89.7894,14.7733],[-89.7895,14.7733],[-89.7896,14.7733],[-89.7914,14.7746],[-89.8008,14.7816],[-89.8012,14.782],[-89.8016,14.7824],[-89.8024,14.7827],[-89.803,14.7829],[-89.8037,14.7831],[-89.804,14.7833],[-89.8042,14.7839],[-89.8041,14.7843],[-89.8037,14.7845],[-89.8036,14.7846],[-89.8033,14.7848],[-89.8031,14.7853],[-89.8029,14.7857],[-89.8025,14.7862],[-89.8025,14.7865],[-89.803,14.7866],[-89.8036,14.7865],[-89.8041,14.7863],[-89.8045,14.7863],[-89.8047,14.7866],[-89.8051,14.7875],[-89.8057,14.788],[-89.8063,14.7882],[-89.8068,14.7887],[-89.8072,14.7894],[-89.8074,14.7899],[-89.8078,14.7904],[-89.8083,14.7906],[-89.8087,14.7907],[-89.8093,14.7909],[-89.8099,14.791],[-89.8104,14.7913],[-89.8109,14.7915],[-89.8114,14.7915],[-89.812,14.7915],[-89.812,14.7916],[-89.8123,14.7919],[-89.8125,14.7924],[-89.8128,14.7927],[-89.813,14.7929],[-89.8133,14.7933],[-89.8133,14.7937],[-89.8134,14.7939],[-89.8133,14.7943],[-89.8132,14.7948],[-89.8133,14.7951],[-89.8135,14.7956],[-89.8135,14.796],[-89.8135,14.7964],[-89.8133,14.7966],[-89.8131,14.7969],[-89.8131,14.7972],[-89.8129,14.7975],[-89.8129,14.7975],[-89.8126,14.7979],[-89.8124,14.7983],[-89.8164,14.8028],[-89.8182,14.8049],[-89.8184,14.8052],[-89.8185,14.8055],[-89.8187,14.8057],[-89.819,14.8058],[-89.8191,14.8061],[-89.8191,14.8065],[-89.8189,14.8067],[-89.8188,14.8067],[-89.8187,14.8069],[-89.8188,14.807],[-89.819,14.8071],[-89.8191,14.8074],[-89.819,14.8077],[-89.8191,14.8079],[-89.8189,14.8082],[-89.8186,14.8083],[-89.8185,14.8084],[-89.8185,14.8086],[-89.8186,14.8088],[-89.819,14.8087],[-89.8193,14.8087],[-89.8195,14.8089],[-89.8194,14.8091],[-89.8193,14.8094],[-89.8192,14.8097],[-89.8193,14.8097],[-89.8196,14.8097],[-89.8198,14.8094],[-89.8199,14.8093],[-89.8201,14.8093],[-89.8204,14.8096],[-89.8207,14.8098],[-89.8211,14.8098],[-89.8214,14.8097],[-89.8215,14.8097],[-89.8218,14.8097],[-89.822,14.81],[-89.8219,14.8102],[-89.8219,14.8103],[-89.8219,14.8104],[-89.8221,14.8107],[-89.8224,14.8108],[-89.8224,14.8108],[-89.8226,14.8106],[-89.8229,14.8104],[-89.8231,14.8105],[-89.8233,14.811],[-89.8235,14.8113],[-89.8239,14.8116],[-89.8241,14.8117],[-89.8244,14.8117],[-89.8246,14.8118],[-89.8246,14.8121],[-89.8246,14.8125],[-89.8248,14.8127],[-89.825,14.813],[-89.8252,14.8131],[-89.8253,14.813],[-89.8254,14.8128],[-89.8256,14.8125],[-89.8259,14.8125],[-89.8261,14.8128],[-89.8259,14.8132],[-89.826,14.8134],[-89.8261,14.8137],[-89.8264,14.8138],[-89.8268,14.8139],[-89.8271,14.8142],[-89.8272,14.8143],[-89.8272,14.8145],[-89.826,14.8185],[-89.823,14.8217],[-89.8229,14.8217],[-89.823,14.8217],[-89.823,14.8225],[-89.8232,14.8236],[-89.8246,14.825],[-89.8247,14.8252],[-89.8248,14.8259],[-89.8203,14.8283],[-89.8199,14.83],[-89.8197,14.831],[-89.8191,14.8322],[-89.8189,14.8325],[-89.8188,14.8327],[-89.8187,14.8328],[-89.8185,14.833],[-89.8184,14.8333],[-89.8183,14.8334],[-89.8181,14.8336],[-89.8178,14.8339],[-89.8177,14.8343],[-89.8177,14.8344],[-89.8178,14.8346],[-89.8178,14.8348],[-89.8179,14.8351],[-89.818,14.8353],[-89.818,14.8358],[-89.8179,14.836],[-89.8179,14.8362],[-89.8179,14.8368],[-89.8181,14.8375],[-89.8181,14.8377],[-89.8181,14.838],[-89.818,14.8382],[-89.818,14.8385],[-89.818,14.8387],[-89.8181,14.8389],[-89.8182,14.8392],[-89.8184,14.8394],[-89.8185,14.8396],[-89.8185,14.8397],[-89.8187,14.8399],[-89.819,14.8402],[-89.8191,14.8404],[-89.8195,14.8406],[-89.8195,14.8407],[-89.8196,14.8408],[-89.8197,14.841],[-89.8197,14.8411],[-89.8196,14.8414],[-89.8195,14.8416],[-89.8195,14.8417],[-89.8196,14.8418],[-89.8198,14.8418],[-89.8201,14.8419],[-89.8203,14.8419],[-89.8204,14.842],[-89.8204,14.8422],[-89.8204,14.8425],[-89.8205,14.8427],[-89.8207,14.8428],[-89.8209,14.8428],[-89.821,14.8428],[-89.8211,14.843],[-89.821,14.8434],[-89.821,14.8434],[-89.8209,14.8437],[-89.8208,14.8439],[-89.8207,14.8444],[-89.8204,14.8448],[-89.8202,14.8452],[-89.8203,14.8455],[-89.8204,14.8456],[-89.8206,14.8458],[-89.8208,14.8461],[-89.821,14.8462],[-89.8212,14.8465],[-89.8213,14.8467],[-89.8215,14.8468],[-89.8217,14.847],[-89.8221,14.8469],[-89.8223,14.8469],[-89.8223,14.8472],[-89.8223,14.8474],[-89.8226,14.8474],[-89.8228,14.8473],[-89.8232,14.8473],[-89.8233,14.8474],[-89.8232,14.8476],[-89.8233,14.8478],[-89.8235,14.8479],[-89.8237,14.8477],[-89.824,14.8476],[-89.8242,14.8477],[-89.8243,14.8478],[-89.8245,14.8479],[-89.8248,14.8478],[-89.825,14.8479],[-89.8252,14.848],[-89.8256,14.8482],[-89.826,14.8482],[-89.8262,14.8484],[-89.8264,14.8486],[-89.8266,14.8488],[-89.8268,14.849],[-89.8269,14.8492],[-89.8271,14.8493],[-89.8274,14.8495],[-89.8279,14.8495],[-89.8281,14.8496],[-89.8283,14.8498],[-89.8286,14.8501],[-89.8289,14.8503],[-89.8293,14.8504],[-89.8294,14.8506],[-89.8292,14.8508],[-89.8293,14.8511],[-89.8296,14.8511],[-89.8298,14.8512],[-89.8299,14.8514],[-89.83,14.8519],[-89.8301,14.8521],[-89.8304,14.8522],[-89.8307,14.8523],[-89.8311,14.8526],[-89.8313,14.8528],[-89.8315,14.8529],[-89.8319,14.853],[-89.8323,14.853],[-89.8325,14.8529],[-89.8326,14.8528],[-89.8329,14.8526],[-89.8333,14.8528],[-89.8334,14.8529],[-89.8336,14.8531],[-89.8335,14.8533],[-89.8335,14.8533],[-89.8336,14.8536],[-89.8337,14.8538],[-89.8339,14.8541],[-89.8341,14.8543],[-89.8345,14.8543],[-89.8347,14.8544],[-89.8349,14.8546],[-89.8352,14.8548],[-89.8355,14.8549],[-89.8357,14.855],[-89.8361,14.855],[-89.8362,14.8548],[-89.8366,14.8548],[-89.8369,14.8548],[-89.8372,14.8547],[-89.8374,14.8548],[-89.8377,14.855],[-89.838,14.855],[-89.8382,14.8551],[-89.8384,14.8553],[-89.8385,14.8554],[-89.8387,14.8555],[-89.8389,14.8558],[-89.8391,14.856],[-89.8393,14.8563],[-89.8395,14.8562],[-89.8397,14.856],[-89.8399,14.8559],[-89.8402,14.856],[-89.8402,14.8562],[-89.8403,14.8564],[-89.8405,14.8565],[-89.8408,14.8564],[-89.8409,14.8565],[-89.841,14.8567],[-89.8411,14.8569],[-89.8414,14.857],[-89.8416,14.8569],[-89.8418,14.8569],[-89.842,14.857],[-89.8421,14.8572],[-89.8425,14.8574],[-89.8425,14.8573],[-89.8427,14.8572],[-89.843,14.8573],[-89.8431,14.8576],[-89.843,14.8579],[-89.843,14.8582],[-89.8429,14.8584],[-89.8428,14.8587],[-89.8428,14.8589],[-89.8427,14.8591],[-89.8425,14.8593],[-89.8425,14.8593],[-89.8424,14.8598],[-89.8422,14.8602],[-89.8422,14.8603],[-89.842,14.8607],[-89.8421,14.861],[-89.8422,14.8613],[-89.8423,14.8618],[-89.8425,14.862],[-89.8427,14.8622],[-89.843,14.8625],[-89.8432,14.8627],[-89.8434,14.8631],[-89.8434,14.8632],[-89.8434,14.8636],[-89.8435,14.8638],[-89.8437,14.8638],[-89.8439,14.8639],[-89.8441,14.8641],[-89.8443,14.8642],[-89.8445,14.8644],[-89.8447,14.8645],[-89.8451,14.8645],[-89.8453,14.8646],[-89.8456,14.8647],[-89.8458,14.8647],[-89.846,14.8646],[-89.8461,14.8647],[-89.8463,14.8649],[-89.8464,14.8649],[-89.8465,14.8648],[-89.8467,14.8646],[-89.8468,14.8646],[-89.847,14.8647],[-89.8472,14.8649],[-89.8474,14.8652],[-89.8478,14.8655],[-89.8481,14.8656],[-89.8484,14.8657],[-89.8487,14.8656],[-89.849,14.8656],[-89.8493,14.8656],[-89.8495,14.8658],[-89.8497,14.8661],[-89.8499,14.8663],[-89.8502,14.8665],[-89.8505,14.8666],[-89.851,14.8668],[-89.8513,14.8668],[-89.8517,14.8668],[-89.8519,14.8666],[-89.8521,14.8664],[-89.8522,14.8661],[-89.8523,14.8659],[-89.8525,14.8656],[-89.8528,14.8655],[-89.853,14.8657],[-89.8533,14.8656],[-89.8534,14.8654],[-89.8535,14.8651],[-89.8536,14.8648],[-89.8538,14.8646],[-89.8541,14.8647],[-89.8544,14.8648],[-89.8547,14.8647],[-89.8553,14.8645],[-89.8559,14.8645],[-89.8567,14.8645],[-89.8571,14.8646],[-89.8578,14.8648],[-89.8584,14.8647],[-89.8587,14.8644],[-89.8591,14.8643],[-89.8596,14.8641],[-89.8602,14.864],[-89.8606,14.8639],[-89.8612,14.8637],[-89.8618,14.8636],[-89.8618,14.8636],[-89.8624,14.8636],[-89.8628,14.8635],[-89.8633,14.8634],[-89.8636,14.8636],[-89.8623,14.8709],[-89.8622,14.8716],[-89.874,14.8719],[-89.8747,14.8714],[-89.9114,14.849],[-89.9213,14.8396],[-89.9249,14.836],[-89.9328,14.826],[-89.9364,14.8215],[-89.9555,14.8158],[-89.9672,14.7982],[-89.9684,14.7965],[-89.9858,14.7713],[-90.0408,14.7546],[-90.049,14.7521],[-90.0621,14.7296],[-90.0723,14.7118],[-90.0893,14.7101],[-90.1091,14.7171],[-90.1743,14.7063],[-90.181,14.7052],[-90.1821,14.6924],[-90.1828,14.6867],[-90.1841,14.6795],[-90.1872,14.6762],[-90.1887,14.6716],[-90.189,14.6703],[-90.1899,14.667],[-90.1908,14.6625],[-90.1906,14.6585],[-90.1904,14.6523],[-90.1922,14.6485],[-90.2003,14.6682],[-90.2035,14.6758]]]}},{"type":"Feature","properties":{"name":"San Marcos","id":"GT-SM"},"geometry":{"type":"Polygon","coordinates":[[[-91.5692,15.2244],[-91.5751,15.2279],[-91.5799,15.2327],[-91.5805,15.2333],[-91.5812,15.2333],[-91.5856,15.2334],[-91.6227,15.2345],[-91.6232,15.2351],[-91.6229,15.2352],[-91.6224,15.2355],[-91.6218,15.2359],[-91.6217,15.2361],[-91.6216,15.2363],[-91.6217,15.2368],[-91.6216,15.2371],[-91.6216,15.2374],[-91.6216,15.2375],[-91.622,15.2382],[-91.6226,15.2387],[-91.6228,15.2389],[-91.6236,15.2393],[-91.6242,15.2396],[-91.6244,15.2397],[-91.6245,15.2397],[-91.6249,15.2395],[-91.6262,15.2387],[-91.6269,15.2383],[-91.6272,15.2381],[-91.6274,15.2381],[-91.6278,15.2382],[-91.6283,15.2382],[-91.6289,15.2384],[-91.6293,15.2386],[-91.6294,15.2388],[-91.6296,15.2394],[-91.6296,15.2396],[-91.6295,15.2401],[-91.6292,15.2408],[-91.6291,15.2411],[-91.6292,15.2414],[-91.6293,15.2417],[-91.6295,15.2418],[-91.6329,15.2469],[-91.6444,15.264],[-91.6636,15.2926],[-91.6687,15.2958],[-91.6821,15.3042],[-91.6988,15.3238],[-91.6996,15.325],[-91.7018,15.3284],[-91.7073,15.3369],[-91.7089,15.3373],[-91.7164,15.3391],[-91.7293,15.3425],[-91.7309,15.3447],[-91.7415,15.3455],[-91.7429,15.3427],[-91.7432,15.3424],[-91.7433,15.3423],[-91.7447,15.3409],[-91.7498,15.3403],[-91.751,15.3406],[-91.764,15.3434],[-91.7947,15.3287],[-91.8231,15.3278],[-91.8553,15.3466],[-91.8571,15.3477],[-91.8614,15.3502],[-91.8809,15.3616],[-91.8812,15.3613],[-91.8863,15.3576],[-91.8878,15.3565],[-91.8907,15.3544],[-91.9397,15.3185],[-91.9569,15.3192],[-91.9599,15.3159],[-91.9648,15.3104],[-91.9771,15.2967],[-91.9786,15.2952],[-91.9931,15.2806],[-92.0088,15.265],[-92.0099,15.2651],[-92.0106,15.2647],[-92.0769,15.2777],[-92.0773,15.2778],[-92.0774,15.2825],[-92.0774,15.2963],[-92.0775,15.3073],[-92.0777,15.3434],[-92.0777,15.3546],[-92.0779,15.3925],[-92.0787,15.3967],[-92.0801,15.3976],[-92.083,15.3984],[-92.0853,15.3982],[-92.0996,15.4024],[-92.1034,15.4044],[-92.1074,15.4073],[-92.1107,15.4119],[-92.1137,15.4198],[-92.1162,15.4229],[-92.1174,15.4235],[-92.1178,15.4228],[-92.1292,15.4023],[-92.1327,15.3955],[-92.1353,15.3905],[-92.1373,15.3866],[-92.1405,15.3803],[-92.1424,15.3767],[-92.1446,15.3727],[-92.1619,15.3418],[-92.1837,15.3045],[-92.1955,15.2845],[-92.2098,15.2609],[-92.2025,15.2509],[-92.2007,15.2486],[-92.1973,15.2441],[-92.1966,15.2432],[-92.1965,15.2431],[-92.1911,15.2364],[-92.1865,15.2307],[-92.184,15.2276],[-92.1825,15.2258],[-92.1797,15.2222],[-92.1785,15.2208],[-92.1785,15.2207],[-92.1755,15.217],[-92.1728,15.2136],[-92.1702,15.2102],[-92.1672,15.2066],[-92.1644,15.203],[-92.1629,15.2012],[-92.1614,15.1994],[-92.1574,15.1941],[-92.1562,15.1925],[-92.1533,15.189],[-92.1491,15.1839],[-92.1449,15.1786],[-92.1408,15.173],[-92.1403,15.1724],[-92.1312,15.1612],[-92.1268,15.1557],[-92.1236,15.1517],[-92.1207,15.148],[-92.1177,15.1445],[-92.1139,15.1397],[-92.1113,15.136],[-92.1079,15.132],[-92.1011,15.1235],[-92.0997,15.1216],[-92.0979,15.1194],[-92.092,15.1117],[-92.0887,15.1079],[-92.0843,15.1024],[-92.084,15.1021],[-92.0776,15.0939],[-92.073,15.0882],[-92.0668,15.0801],[-92.0619,15.074],[-92.0593,15.0708],[-92.0593,15.0706],[-92.0593,15.0705],[-92.0594,15.0703],[-92.0594,15.0702],[-92.0596,15.0701],[-92.0595,15.07],[-92.0595,15.0699],[-92.0593,15.0698],[-92.0593,15.0696],[-92.0595,15.0694],[-92.0596,15.0692],[-92.0596,15.0692],[-92.0594,15.0686],[-92.0598,15.0683],[-92.0603,15.0682],[-92.0611,15.0683],[-92.062,15.0684],[-92.0627,15.0684],[-92.0634,15.0683],[-92.064,15.068],[-92.0648,15.0677],[-92.0652,15.0674],[-92.0656,15.067],[-92.0662,15.0663],[-92.067,15.0658],[-92.0675,15.0656],[-92.0674,15.0653],[-92.0674,15.0651],[-92.0676,15.0649],[-92.0679,15.0646],[-92.0682,15.0645],[-92.0685,15.0644],[-92.0688,15.0641],[-92.0689,15.0638],[-92.069,15.0635],[-92.069,15.0632],[-92.0691,15.0629],[-92.0692,15.0627],[-92.0694,15.0624],[-92.0697,15.0621],[-92.07,15.062],[-92.0701,15.062],[-92.0709,15.0615],[-92.0716,15.0612],[-92.0724,15.061],[-92.0724,15.0609],[-92.0724,15.0608],[-92.0723,15.0605],[-92.0721,15.0603],[-92.0718,15.0601],[-92.0717,15.06],[-92.0715,15.0599],[-92.0714,15.0596],[-92.0715,15.0594],[-92.0716,15.059],[-92.0718,15.0587],[-92.0719,15.0585],[-92.0722,15.0582],[-92.0723,15.058],[-92.0723,15.058],[-92.0723,15.0574],[-92.0722,15.0574],[-92.0719,15.0573],[-92.0715,15.0573],[-92.0711,15.0571],[-92.0706,15.0571],[-92.0703,15.0572],[-92.0698,15.0573],[-92.0693,15.0573],[-92.069,15.0572],[-92.0689,15.0571],[-92.0689,15.0569],[-92.069,15.0567],[-92.0691,15.0565],[-92.0691,15.0562],[-92.069,15.0559],[-92.0689,15.0557],[-92.0687,15.0554],[-92.0686,15.0553],[-92.0684,15.0552],[-92.0682,15.0552],[-92.0679,15.0554],[-92.0676,15.0556],[-92.0675,15.0556],[-92.0674,15.0555],[-92.0673,15.0554],[-92.0673,15.0552],[-92.0672,15.0552],[-92.0672,15.0548],[-92.0673,15.0547],[-92.0674,15.0546],[-92.0676,15.0544],[-92.0677,15.0542],[-92.0677,15.0539],[-92.0678,15.0536],[-92.0679,15.0533],[-92.0679,15.053],[-92.068,15.0527],[-92.0681,15.0524],[-92.0682,15.0522],[-92.0683,15.0518],[-92.0684,15.0516],[-92.0686,15.0515],[-92.0689,15.0514],[-92.0691,15.0514],[-92.0692,15.0514],[-92.0693,15.0513],[-92.0697,15.0505],[-92.0699,15.05],[-92.0699,15.0495],[-92.0698,15.0495],[-92.0697,15.0494],[-92.0696,15.0492],[-92.0695,15.0489],[-92.0695,15.0485],[-92.0694,15.0482],[-92.0693,15.0479],[-92.0694,15.0477],[-92.0695,15.0474],[-92.0694,15.0472],[-92.0693,15.047],[-92.0693,15.0466],[-92.0694,15.0463],[-92.0696,15.0461],[-92.07,15.0459],[-92.0704,15.0456],[-92.0706,15.0456],[-92.071,15.0452],[-92.0715,15.0446],[-92.072,15.0441],[-92.0721,15.0439],[-92.0723,15.0437],[-92.0725,15.0437],[-92.0726,15.0437],[-92.0732,15.0435],[-92.0739,15.0437],[-92.075,15.0443],[-92.0764,15.045],[-92.0769,15.0451],[-92.0777,15.045],[-92.0778,15.0448],[-92.0778,15.0446],[-92.0777,15.0443],[-92.0775,15.0439],[-92.0773,15.0436],[-92.0772,15.0432],[-92.0773,15.0429],[-92.0774,15.0427],[-92.0775,15.0426],[-92.0775,15.042],[-92.0777,15.0413],[-92.078,15.0408],[-92.0783,15.0404],[-92.0786,15.0394],[-92.0786,15.0389],[-92.0785,15.0388],[-92.0784,15.0386],[-92.0784,15.0382],[-92.0784,15.038],[-92.0785,15.0379],[-92.0785,15.0373],[-92.0785,15.0372],[-92.0785,15.0371],[-92.0785,15.037],[-92.0786,15.0362],[-92.0787,15.0355],[-92.0793,15.035],[-92.0794,15.0343],[-92.0793,15.0337],[-92.079,15.0329],[-92.079,15.0319],[-92.0791,15.0313],[-92.0793,15.0308],[-92.0797,15.0296],[-92.0801,15.0285],[-92.0804,15.0278],[-92.0806,15.0273],[-92.0811,15.0268],[-92.0819,15.0264],[-92.0825,15.026],[-92.0828,15.0256],[-92.0833,15.0247],[-92.0837,15.0241],[-92.0842,15.0227],[-92.0844,15.022],[-92.0849,15.0212],[-92.0857,15.0206],[-92.0864,15.0201],[-92.0869,15.0199],[-92.0874,15.0196],[-92.0881,15.0194],[-92.0894,15.0191],[-92.0901,15.0189],[-92.0907,15.0186],[-92.0913,15.0183],[-92.0919,15.018],[-92.0923,15.0177],[-92.0929,15.0173],[-92.0939,15.0163],[-92.0945,15.0157],[-92.0951,15.0154],[-92.0956,15.0151],[-92.0961,15.0148],[-92.0967,15.0145],[-92.0973,15.014],[-92.0979,15.0135],[-92.0981,15.0128],[-92.0982,15.0124],[-92.0983,15.0122],[-92.0983,15.0118],[-92.0982,15.0114],[-92.0983,15.0111],[-92.0983,15.0108],[-92.0985,15.0103],[-92.0987,15.01],[-92.0989,15.0099],[-92.0991,15.0096],[-92.0997,15.0094],[-92.1004,15.0094],[-92.101,15.0095],[-92.1017,15.0098],[-92.1023,15.0099],[-92.1031,15.01],[-92.1037,15.01],[-92.1043,15.01],[-92.1048,15.0102],[-92.1054,15.0102],[-92.1064,15.0102],[-92.107,15.0102],[-92.1077,15.0104],[-92.1082,15.0104],[-92.109,15.0103],[-92.1099,15.0105],[-92.1105,15.011],[-92.1108,15.0115],[-92.1111,15.0121],[-92.1115,15.0124],[-92.1121,15.0123],[-92.1128,15.0119],[-92.1135,15.0118],[-92.1142,15.0121],[-92.1152,15.0127],[-92.1164,15.0134],[-92.1169,15.0137],[-92.1175,15.0138],[-92.1181,15.0137],[-92.1186,15.0133],[-92.1189,15.0125],[-92.1191,15.012],[-92.1193,15.0115],[-92.1199,15.0111],[-92.1206,15.011],[-92.1212,15.0112],[-92.1219,15.0116],[-92.1224,15.0123],[-92.1229,15.013],[-92.1232,15.0135],[-92.1239,15.014],[-92.1253,15.0141],[-92.1265,15.0141],[-92.1271,15.0139],[-92.1279,15.0135],[-92.1284,15.013],[-92.1284,15.0129],[-92.1284,15.0128],[-92.1287,15.0126],[-92.1288,15.0126],[-92.129,15.0124],[-92.1297,15.0121],[-92.1304,15.012],[-92.1311,15.0119],[-92.1316,15.0115],[-92.1322,15.0111],[-92.1329,15.0106],[-92.1334,15.0102],[-92.1337,15.0098],[-92.1337,15.0098],[-92.1341,15.009],[-92.1342,15.0085],[-92.1343,15.0081],[-92.1341,15.0078],[-92.1341,15.0076],[-92.134,15.0072],[-92.1339,15.0067],[-92.1339,15.0062],[-92.1341,15.0058],[-92.1345,15.0051],[-92.1349,15.0045],[-92.1352,15.0041],[-92.1355,15.0035],[-92.136,15.0029],[-92.1365,15.0023],[-92.1371,15.0019],[-92.138,15.0015],[-92.1389,15.0012],[-92.1391,15.0006],[-92.139,15.0005],[-92.1387,15.0004],[-92.1384,15.0001],[-92.1384,14.9999],[-92.1385,14.9995],[-92.1385,14.9994],[-92.1383,14.9989],[-92.139,14.9983],[-92.1392,14.9975],[-92.1393,14.9962],[-92.1392,14.9955],[-92.1393,14.9946],[-92.1397,14.9941],[-92.1403,14.9937],[-92.1408,14.9935],[-92.1414,14.9934],[-92.1425,14.9933],[-92.1436,14.993],[-92.1444,14.9928],[-92.1445,14.9927],[-92.1446,14.9926],[-92.1452,14.9924],[-92.1457,14.9921],[-92.1467,14.9916],[-92.1472,14.9912],[-92.1476,14.9905],[-92.1481,14.9899],[-92.1486,14.9891],[-92.1489,14.9886],[-92.1493,14.988],[-92.1496,14.9876],[-92.1505,14.9868],[-92.1507,14.9861],[-92.1507,14.9855],[-92.1508,14.9849],[-92.1507,14.9843],[-92.1494,14.983],[-92.1491,14.9827],[-92.1491,14.9827],[-92.1491,14.9827],[-92.1483,14.9818],[-92.1474,14.981],[-92.147,14.9806],[-92.1467,14.9802],[-92.146,14.9789],[-92.1457,14.9783],[-92.1449,14.9768],[-92.1446,14.9761],[-92.1444,14.9753],[-92.1443,14.9746],[-92.1444,14.9739],[-92.1449,14.9733],[-92.1454,14.9729],[-92.1459,14.9725],[-92.1462,14.9722],[-92.1465,14.9714],[-92.1467,14.9711],[-92.1468,14.9708],[-92.1469,14.9701],[-92.147,14.9692],[-92.1469,14.9685],[-92.1467,14.9679],[-92.1466,14.9675],[-92.1466,14.9632],[-92.1466,14.9631],[-92.1463,14.9623],[-92.1462,14.9616],[-92.1462,14.9607],[-92.1461,14.9601],[-92.146,14.9598],[-92.146,14.9592],[-92.1461,14.9587],[-92.1462,14.9584],[-92.1463,14.958],[-92.1464,14.9578],[-92.1465,14.9577],[-92.1469,14.957],[-92.1475,14.9559],[-92.1483,14.9545],[-92.1485,14.9542],[-92.1485,14.954],[-92.1486,14.9529],[-92.1485,14.9518],[-92.1484,14.9507],[-92.1484,14.9495],[-92.1483,14.9485],[-92.1481,14.9476],[-92.1476,14.9468],[-92.1471,14.9453],[-92.1467,14.9441],[-92.1462,14.9434],[-92.1452,14.9424],[-92.1444,14.9418],[-92.1442,14.9416],[-92.144,14.9413],[-92.1436,14.9406],[-92.1435,14.9404],[-92.143,14.9397],[-92.1428,14.9389],[-92.1428,14.9381],[-92.1427,14.9374],[-92.1427,14.9367],[-92.1429,14.9361],[-92.1432,14.9359],[-92.1434,14.9342],[-92.1436,14.933],[-92.1436,14.9308],[-92.1436,14.9287],[-92.1436,14.9279],[-92.1435,14.9268],[-92.1428,14.9257],[-92.1422,14.9246],[-92.1415,14.9235],[-92.1412,14.9226],[-92.1412,14.9214],[-92.1415,14.9206],[-92.1418,14.9202],[-92.142,14.9195],[-92.1421,14.9191],[-92.1419,14.9188],[-92.1417,14.9181],[-92.1415,14.9169],[-92.1416,14.9161],[-92.1419,14.9157],[-92.1424,14.9151],[-92.1432,14.9143],[-92.1433,14.914],[-92.1442,14.9123],[-92.1443,14.912],[-92.1443,14.9118],[-92.1444,14.9108],[-92.1444,14.9099],[-92.1442,14.9092],[-92.1439,14.9085],[-92.1437,14.9082],[-92.1434,14.908],[-92.142,14.9067],[-92.1416,14.9064],[-92.1414,14.906],[-92.1413,14.9054],[-92.1413,14.905],[-92.1411,14.9046],[-92.1409,14.9039],[-92.1407,14.9029],[-92.1404,14.9023],[-92.1403,14.9018],[-92.1402,14.9015],[-92.1396,14.9006],[-92.1388,14.8996],[-92.1384,14.899],[-92.138,14.8984],[-92.1375,14.8976],[-92.1373,14.8971],[-92.137,14.8964],[-92.1369,14.8957],[-92.1369,14.8947],[-92.1368,14.8939],[-92.1367,14.8936],[-92.1362,14.8932],[-92.1361,14.8925],[-92.1362,14.8916],[-92.1365,14.8908],[-92.1367,14.8899],[-92.1367,14.8898],[-92.1367,14.8892],[-92.1368,14.8884],[-92.1373,14.8876],[-92.1375,14.8874],[-92.1379,14.8865],[-92.1383,14.8861],[-92.139,14.8854],[-92.14,14.8851],[-92.1411,14.885],[-92.1412,14.885],[-92.1417,14.8844],[-92.142,14.8837],[-92.1418,14.8832],[-92.1418,14.8825],[-92.142,14.8819],[-92.1432,14.8792],[-92.1437,14.8784],[-92.1438,14.8783],[-92.1439,14.878],[-92.1442,14.8774],[-92.1443,14.8773],[-92.1443,14.877],[-92.1444,14.8763],[-92.145,14.8737],[-92.1451,14.8735],[-92.1454,14.873],[-92.1462,14.872],[-92.1464,14.8714],[-92.1465,14.8709],[-92.1466,14.8702],[-92.1471,14.8698],[-92.1481,14.8689],[-92.1484,14.8687],[-92.1487,14.8682],[-92.1494,14.8676],[-92.1502,14.8671],[-92.151,14.8667],[-92.1521,14.8663],[-92.1531,14.8661],[-92.1538,14.8659],[-92.1544,14.8656],[-92.1561,14.865],[-92.1585,14.864],[-92.1596,14.8634],[-92.1613,14.8625],[-92.1621,14.8619],[-92.1628,14.8615],[-92.1637,14.8609],[-92.1642,14.8607],[-92.1647,14.8604],[-92.1652,14.8602],[-92.166,14.8602],[-92.1676,14.8602],[-92.1687,14.8604],[-92.1692,14.8605],[-92.1699,14.8605],[-92.1705,14.8604],[-92.1711,14.8599],[-92.1714,14.8588],[-92.1717,14.8566],[-92.172,14.8558],[-92.1728,14.855],[-92.1739,14.8542],[-92.1746,14.8534],[-92.1747,14.8528],[-92.175,14.8516],[-92.1752,14.8508],[-92.1762,14.8501],[-92.1776,14.8494],[-92.1789,14.849],[-92.1795,14.8486],[-92.18,14.8483],[-92.1804,14.848],[-92.1807,14.8476],[-92.1812,14.8468],[-92.1813,14.8464],[-92.1815,14.8446],[-92.1815,14.8439],[-92.1814,14.842],[-92.1813,14.8411],[-92.1813,14.8406],[-92.1812,14.8398],[-92.1813,14.8387],[-92.1814,14.8378],[-92.1816,14.8368],[-92.1819,14.836],[-92.1821,14.8335],[-92.1821,14.8328],[-92.1823,14.8314],[-92.1825,14.8306],[-92.1826,14.83],[-92.1827,14.8292],[-92.1827,14.8286],[-92.1825,14.8282],[-92.1822,14.8276],[-92.1818,14.8269],[-92.1816,14.8264],[-92.1814,14.8259],[-92.1802,14.8224],[-92.18,14.8217],[-92.1798,14.821],[-92.1795,14.8204],[-92.1783,14.819],[-92.1772,14.8179],[-92.1765,14.8172],[-92.1762,14.8167],[-92.1758,14.8157],[-92.1758,14.8148],[-92.1759,14.8143],[-92.1761,14.8138],[-92.177,14.8123],[-92.1774,14.8117],[-92.1776,14.8111],[-92.1778,14.8104],[-92.178,14.8094],[-92.1781,14.8084],[-92.1782,14.8066],[-92.1782,14.8057],[-92.178,14.805],[-92.1776,14.8037],[-92.1775,14.8028],[-92.1775,14.8027],[-92.1771,14.802],[-92.1767,14.8012],[-92.1751,14.798],[-92.1738,14.7965],[-92.173,14.7955],[-92.1723,14.7946],[-92.1717,14.7939],[-92.1712,14.7933],[-92.171,14.7928],[-92.1709,14.7921],[-92.1708,14.7915],[-92.1706,14.7908],[-92.1703,14.7903],[-92.1701,14.7898],[-92.169,14.788],[-92.1687,14.7874],[-92.1686,14.787],[-92.1656,14.7839],[-92.1649,14.783],[-92.1647,14.7826],[-92.1645,14.7822],[-92.1645,14.781],[-92.1648,14.78],[-92.1648,14.7789],[-92.1647,14.7774],[-92.1645,14.7767],[-92.1636,14.7764],[-92.1624,14.7759],[-92.1615,14.7752],[-92.1609,14.7743],[-92.1605,14.7736],[-92.1603,14.7729],[-92.1603,14.7721],[-92.1599,14.7715],[-92.1593,14.7704],[-92.1589,14.7688],[-92.1587,14.7678],[-92.1588,14.7669],[-92.1593,14.7654],[-92.16,14.7638],[-92.1607,14.7628],[-92.1607,14.7625],[-92.1609,14.7618],[-92.1609,14.761],[-92.1611,14.7604],[-92.1614,14.7599],[-92.1621,14.7594],[-92.1627,14.7593],[-92.164,14.759],[-92.1664,14.7585],[-92.1671,14.7582],[-92.1681,14.7577],[-92.1694,14.7569],[-92.1695,14.7568],[-92.1699,14.7557],[-92.17,14.7548],[-92.1699,14.7541],[-92.1698,14.7528],[-92.1701,14.7503],[-92.1701,14.7497],[-92.17,14.7488],[-92.1698,14.7481],[-92.1694,14.7468],[-92.1694,14.7458],[-92.1696,14.7452],[-92.1695,14.7447],[-92.1694,14.7446],[-92.1691,14.7441],[-92.1689,14.7438],[-92.1683,14.7434],[-92.168,14.743],[-92.1671,14.7425],[-92.1664,14.7422],[-92.1659,14.742],[-92.1653,14.7415],[-92.1649,14.7413],[-92.1637,14.7405],[-92.1625,14.7393],[-92.1613,14.7381],[-92.1607,14.738],[-92.16,14.7379],[-92.1594,14.7378],[-92.1585,14.7376],[-92.1579,14.7374],[-92.1574,14.737],[-92.1569,14.7366],[-92.1563,14.7358],[-92.1558,14.735],[-92.1551,14.7336],[-92.1545,14.7327],[-92.1542,14.7317],[-92.1537,14.7306],[-92.1535,14.7302],[-92.1528,14.729],[-92.1521,14.7278],[-92.152,14.7275],[-92.1518,14.7266],[-92.1516,14.7254],[-92.1516,14.7248],[-92.151,14.7232],[-92.1505,14.7219],[-92.1501,14.721],[-92.1497,14.7202],[-92.1487,14.7187],[-92.1476,14.7164],[-92.1473,14.7152],[-92.1471,14.7146],[-92.147,14.7133],[-92.147,14.7124],[-92.1469,14.7116],[-92.1469,14.7102],[-92.1465,14.7094],[-92.1459,14.7078],[-92.1455,14.7068],[-92.1455,14.7054],[-92.1457,14.7042],[-92.1463,14.7013],[-92.1465,14.6999],[-92.1465,14.6985],[-92.1465,14.6969],[-92.1464,14.6964],[-92.1457,14.6953],[-92.1433,14.6916],[-92.143,14.6909],[-92.143,14.6909],[-92.1429,14.6907],[-92.1427,14.6895],[-92.1426,14.6888],[-92.1427,14.688],[-92.143,14.6872],[-92.1434,14.6864],[-92.1452,14.6832],[-92.1459,14.6814],[-92.1464,14.6798],[-92.1468,14.678],[-92.147,14.6754],[-92.1472,14.6733],[-92.147,14.6699],[-92.147,14.6691],[-92.1469,14.6683],[-92.1469,14.6678],[-92.1465,14.6669],[-92.1455,14.6657],[-92.1452,14.6651],[-92.145,14.6646],[-92.1449,14.6641],[-92.1449,14.6632],[-92.1452,14.6619],[-92.1456,14.6606],[-92.1458,14.6588],[-92.1468,14.6562],[-92.147,14.6554],[-92.1474,14.6549],[-92.1482,14.6543],[-92.1488,14.6541],[-92.1495,14.654],[-92.1501,14.6539],[-92.1502,14.6539],[-92.1504,14.6537],[-92.1523,14.6521],[-92.1534,14.6517],[-92.1545,14.6516],[-92.1558,14.6519],[-92.1576,14.6525],[-92.1583,14.6525],[-92.1581,14.6519],[-92.1578,14.6514],[-92.1576,14.6509],[-92.1574,14.6503],[-92.1574,14.6496],[-92.1574,14.6489],[-92.1575,14.6484],[-92.1578,14.6477],[-92.1582,14.6473],[-92.1612,14.644],[-92.1632,14.6414],[-92.1657,14.6384],[-92.1668,14.6374],[-92.168,14.6364],[-92.1687,14.636],[-92.1695,14.6356],[-92.171,14.6351],[-92.1721,14.6348],[-92.1725,14.6347],[-92.1726,14.6343],[-92.1728,14.6329],[-92.1723,14.6305],[-92.1722,14.6297],[-92.1724,14.6284],[-92.1726,14.6278],[-92.1731,14.6275],[-92.1742,14.6271],[-92.1743,14.6271],[-92.1743,14.6263],[-92.1744,14.6256],[-92.1749,14.6248],[-92.1768,14.6235],[-92.1782,14.6227],[-92.1788,14.6223],[-92.1796,14.6213],[-92.1801,14.6204],[-92.1803,14.6197],[-92.1804,14.6174],[-92.1802,14.6168],[-92.1799,14.6161],[-92.1769,14.6142],[-92.1758,14.6135],[-92.175,14.613],[-92.1746,14.6124],[-92.1746,14.6116],[-92.1746,14.6107],[-92.175,14.61],[-92.1755,14.6093],[-92.1758,14.6087],[-92.1761,14.608],[-92.1763,14.6072],[-92.1764,14.6064],[-92.1765,14.6058],[-92.1766,14.6052],[-92.1768,14.6045],[-92.1769,14.6039],[-92.1773,14.6025],[-92.1774,14.6015],[-92.1776,14.6009],[-92.1779,14.6001],[-92.1781,14.5996],[-92.1787,14.5984],[-92.1788,14.5977],[-92.1787,14.5971],[-92.1792,14.5956],[-92.1818,14.59],[-92.182,14.5894],[-92.1822,14.5867],[-92.1823,14.5851],[-92.1821,14.5835],[-92.1819,14.5829],[-92.1814,14.5823],[-92.1811,14.5817],[-92.1816,14.581],[-92.1823,14.5805],[-92.1827,14.5799],[-92.1829,14.5797],[-92.183,14.5784],[-92.1835,14.5766],[-92.184,14.5752],[-92.185,14.5738],[-92.1862,14.5723],[-92.1878,14.5714],[-92.1899,14.5702],[-92.1912,14.5697],[-92.1916,14.5693],[-92.1923,14.5683],[-92.1927,14.5676],[-92.193,14.5666],[-92.1931,14.5656],[-92.1932,14.5649],[-92.1933,14.5643],[-92.1939,14.5639],[-92.1944,14.5639],[-92.1951,14.564],[-92.1962,14.5641],[-92.197,14.5641],[-92.1976,14.5641],[-92.1984,14.5638],[-92.1993,14.5634],[-92.2,14.5633],[-92.201,14.5632],[-92.2022,14.5631],[-92.2027,14.5631],[-92.2029,14.563],[-92.2034,14.5626],[-92.2036,14.5626],[-92.2042,14.562],[-92.2048,14.5612],[-92.2057,14.5603],[-92.208,14.5584],[-92.2092,14.5577],[-92.2099,14.5573],[-92.2109,14.557],[-92.2122,14.5566],[-92.2134,14.5563],[-92.2142,14.5559],[-92.2151,14.5552],[-92.2154,14.5547],[-92.2156,14.5541],[-92.2159,14.5528],[-92.2169,14.5436],[-92.2172,14.5409],[-92.2174,14.5398],[-92.2177,14.539],[-92.2184,14.5375],[-92.2197,14.5361],[-92.2209,14.5352],[-92.2214,14.5351],[-92.2215,14.5351],[-92.2223,14.5343],[-92.2264,14.5322],[-92.223,14.5298],[-92.2219,14.5288],[-92.2204,14.5274],[-92.2184,14.5261],[-92.2178,14.5257],[-92.2164,14.5246],[-92.214,14.5225],[-92.2102,14.5194],[-92.2075,14.5174],[-92.2061,14.5163],[-92.2041,14.5148],[-92.2033,14.5142],[-92.202,14.513],[-92.2012,14.5121],[-92.2003,14.5108],[-92.1998,14.5101],[-92.199,14.5089],[-92.1986,14.5086],[-92.1978,14.508],[-92.1967,14.5073],[-92.1945,14.5064],[-92.1931,14.5059],[-92.1911,14.504],[-92.1886,14.5024],[-92.1881,14.5019],[-92.1869,14.501],[-92.1853,14.5],[-92.1846,14.4995],[-92.1836,14.4987],[-92.1802,14.4966],[-92.1796,14.4962],[-92.1786,14.4955],[-92.1773,14.4956],[-92.1759,14.4944],[-92.1756,14.4942],[-92.1755,14.4938],[-92.1753,14.4937],[-92.1741,14.4929],[-92.172,14.4914],[-92.1672,14.4883],[-92.1659,14.4874],[-92.1646,14.4866],[-92.1642,14.4864],[-92.1631,14.4873],[-92.1609,14.4889],[-92.16,14.4896],[-92.159,14.4911],[-92.1585,14.4907],[-92.1573,14.49],[-92.157,14.4906],[-92.1567,14.4911],[-92.1547,14.4912],[-92.1542,14.4912],[-92.1525,14.4903],[-92.1514,14.4905],[-92.1485,14.491],[-92.1457,14.4932],[-92.1428,14.4937],[-92.1431,14.496],[-92.1429,14.4996],[-92.1437,14.5009],[-92.1425,14.5037],[-92.1415,14.5038],[-92.1396,14.5068],[-92.1393,14.507],[-92.1377,14.5065],[-92.1363,14.5084],[-92.1362,14.5083],[-92.1344,14.508],[-92.1336,14.5099],[-92.133,14.5102],[-92.1317,14.5092],[-92.1305,14.5092],[-92.1301,14.5092],[-92.1297,14.5092],[-92.128,14.5091],[-92.127,14.5088],[-92.1257,14.5084],[-92.125,14.5082],[-92.1246,14.508],[-92.1243,14.5069],[-92.1242,14.5066],[-92.1232,14.5046],[-92.1213,14.5051],[-92.1208,14.5055],[-92.1197,14.5066],[-92.1191,14.5055],[-92.1179,14.5033],[-92.1159,14.5039],[-92.115,14.5042],[-92.1146,14.5044],[-92.1146,14.5047],[-92.1151,14.5096],[-92.1088,14.5161],[-92.109,14.5228],[-92.106,14.5253],[-92.1044,14.5267],[-92.1049,14.5292],[-92.1052,14.5304],[-92.1037,14.5311],[-92.0868,14.5386],[-92.0854,14.5393],[-92.0817,14.5409],[-92.0813,14.5427],[-92.08,14.5481],[-92.0668,14.5544],[-92.0608,14.5573],[-92.0587,14.5605],[-92.0505,14.5652],[-92.0503,14.5653],[-92.0515,14.5667],[-92.0523,14.5675],[-92.0556,14.5711],[-92.0543,14.5869],[-92.0542,14.5875],[-92.0706,14.593],[-92.081,14.5964],[-92.0849,14.5977],[-92.0868,14.592],[-92.0868,14.5917],[-92.0877,14.5922],[-92.093,14.5947],[-92.1373,14.6155],[-92.14,14.6168],[-92.1391,14.6253],[-92.138,14.6263],[-92.1347,14.6285],[-92.1163,14.6408],[-92.1136,14.644],[-92.1121,14.6458],[-92.1113,14.6469],[-92.1084,14.6515],[-92.1066,14.6575],[-92.1035,14.6594],[-92.1034,14.6594],[-92.0969,14.6583],[-92.0956,14.6604],[-92.0929,14.6647],[-92.0904,14.6728],[-92.0886,14.6793],[-92.0835,14.6846],[-92.0765,14.6838],[-92.0713,14.6827],[-92.0709,14.6832],[-92.065,14.6908],[-92.0602,14.6945],[-92.0566,14.7],[-92.0525,14.7067],[-92.0503,14.707],[-92.042,14.7083],[-92.041,14.7096],[-92.0384,14.7128],[-92.0373,14.7129],[-92.0324,14.7133],[-92.031,14.7145],[-92.0275,14.7172],[-92.0255,14.7174],[-92.0227,14.7176],[-92.0098,14.7135],[-92.001,14.7128],[-92.001,14.7127],[-91.9943,14.712],[-91.9903,14.7119],[-91.9869,14.7112],[-91.9815,14.7105],[-91.9787,14.7115],[-91.9739,14.7123],[-91.968,14.7125],[-91.9638,14.7125],[-91.961,14.7112],[-91.9562,14.7127],[-91.9559,14.7127],[-91.956,14.7137],[-91.9553,14.717],[-91.9535,14.7185],[-91.9527,14.7187],[-91.9509,14.7193],[-91.9494,14.7208],[-91.9482,14.722],[-91.9476,14.7242],[-91.9449,14.7257],[-91.9445,14.7255],[-91.942,14.7243],[-91.9396,14.7237],[-91.9386,14.7247],[-91.9382,14.7251],[-91.9362,14.7269],[-91.9358,14.7267],[-91.9345,14.726],[-91.933,14.7272],[-91.9326,14.7276],[-91.9316,14.728],[-91.9305,14.7285],[-91.9272,14.7269],[-91.9253,14.7244],[-91.9205,14.725],[-91.9187,14.7252],[-91.9183,14.7252],[-91.9182,14.7251],[-91.9162,14.7225],[-91.9153,14.7229],[-91.9126,14.7229],[-91.9113,14.7203],[-91.9087,14.7211],[-91.9067,14.7206],[-91.9056,14.7186],[-91.9042,14.718],[-91.9018,14.7172],[-91.9015,14.7157],[-91.8999,14.7166],[-91.8978,14.7182],[-91.8958,14.7176],[-91.8922,14.7176],[-91.8872,14.7173],[-91.8808,14.716],[-91.8785,14.7174],[-91.8772,14.7181],[-91.8769,14.718],[-91.8759,14.7176],[-91.8702,14.7174],[-91.8629,14.7175],[-91.8614,14.7181],[-91.8593,14.719],[-91.8578,14.719],[-91.8535,14.7189],[-91.8488,14.7183],[-91.8467,14.7146],[-91.8442,14.7145],[-91.8373,14.7166],[-91.836,14.7169],[-91.8314,14.7183],[-91.831,14.7187],[-91.8289,14.7208],[-91.8247,14.7229],[-91.823,14.7293],[-91.8209,14.7305],[-91.8197,14.7306],[-91.8175,14.7307],[-91.8086,14.7318],[-91.8035,14.7311],[-91.8014,14.7321],[-91.7991,14.7333],[-91.7953,14.7364],[-91.7936,14.7381],[-91.7909,14.7421],[-91.7903,14.7453],[-91.7889,14.7518],[-91.7892,14.7556],[-91.788,14.7571],[-91.7837,14.7645],[-91.7846,14.7679],[-91.7834,14.7715],[-91.7782,14.7795],[-91.7796,14.7821],[-91.7818,14.7846],[-91.7805,14.7902],[-91.7787,14.7919],[-91.7789,14.7929],[-91.7802,14.7942],[-91.7817,14.7963],[-91.7833,14.7992],[-91.7823,14.8074],[-91.7831,14.8125],[-91.7823,14.8151],[-91.7802,14.8159],[-91.7731,14.8239],[-91.7756,14.8285],[-91.7762,14.8318],[-91.7731,14.8355],[-91.7718,14.8383],[-91.7699,14.841],[-91.7668,14.8464],[-91.764,14.8513],[-91.7628,14.8567],[-91.7584,14.8617],[-91.7584,14.8708],[-91.7571,14.8731],[-91.7542,14.8767],[-91.7514,14.8776],[-91.7486,14.8786],[-91.7449,14.88],[-91.7406,14.884],[-91.7391,14.8907],[-91.738,14.892],[-91.736,14.8924],[-91.7356,14.8925],[-91.7337,14.8929],[-91.7333,14.8928],[-91.7311,14.8919],[-91.7307,14.8922],[-91.7298,14.8928],[-91.7285,14.8927],[-91.7269,14.8912],[-91.7244,14.8919],[-91.7242,14.8921],[-91.7236,14.8928],[-91.7226,14.8949],[-91.7204,14.8967],[-91.7133,14.9011],[-91.7127,14.9033],[-91.7191,14.9109],[-91.7222,14.9143],[-91.7227,14.9153],[-91.7255,14.9221],[-91.7173,14.9235],[-91.7139,14.9245],[-91.7107,14.9252],[-91.7056,14.9281],[-91.7029,14.9297],[-91.7007,14.9309],[-91.7004,14.9318],[-91.7,14.933],[-91.6994,14.9332],[-91.6965,14.9343],[-91.6965,14.9343],[-91.6936,14.9353],[-91.691,14.9393],[-91.6886,14.9418],[-91.6875,14.9429],[-91.6814,14.946],[-91.6801,14.9466],[-91.6797,14.9475],[-91.679,14.949],[-91.6778,14.951],[-91.6752,14.9537],[-91.6772,14.9611],[-91.6788,14.9645],[-91.6752,14.9833],[-91.6735,14.9921],[-91.6715,15.0009],[-91.6667,15.0223],[-91.6659,15.0255],[-91.6657,15.027],[-91.6652,15.0298],[-91.6611,15.055],[-91.6654,15.0568],[-91.6656,15.0568],[-91.667,15.0574],[-91.6714,15.0592],[-91.6714,15.0593],[-91.6757,15.0694],[-91.6801,15.0711],[-91.6823,15.0714],[-91.6856,15.0753],[-91.6859,15.0756],[-91.6878,15.0781],[-91.6915,15.081],[-91.6916,15.0812],[-91.6917,15.0812],[-91.6932,15.0819],[-91.696,15.0832],[-91.6958,15.0901],[-91.6981,15.0925],[-91.6984,15.0931],[-91.7,15.0958],[-91.7003,15.0969],[-91.7009,15.0986],[-91.7026,15.1013],[-91.7031,15.102],[-91.7031,15.1023],[-91.7034,15.1056],[-91.7029,15.1077],[-91.7024,15.1097],[-91.7021,15.111],[-91.7006,15.1128],[-91.7001,15.1133],[-91.6981,15.1143],[-91.6971,15.1166],[-91.6965,15.118],[-91.6933,15.1183],[-91.693,15.1184],[-91.6928,15.1212],[-91.6917,15.1235],[-91.6911,15.1247],[-91.6883,15.1269],[-91.6884,15.1286],[-91.6869,15.1301],[-91.6855,15.1315],[-91.6872,15.134],[-91.6857,15.1362],[-91.6841,15.1383],[-91.6838,15.1388],[-91.6809,15.1385],[-91.6803,15.1385],[-91.6759,15.1433],[-91.6731,15.1464],[-91.6627,15.1469],[-91.6556,15.1472],[-91.6291,15.1485],[-91.6207,15.1523],[-91.6187,15.1532],[-91.6186,15.1533],[-91.6135,15.1561],[-91.5857,15.1714],[-91.5855,15.1714],[-91.5829,15.18],[-91.577,15.1992],[-91.5692,15.2244]]]}},{"type":"Feature","properties":{"name":"Huehuetenango","id":"GT-HU"},"geometry":{"type":"Polygon","coordinates":[[[-91.1078,16.0734],[-91.3292,16.0732],[-91.4834,16.0728],[-91.7312,16.0727],[-91.8678,15.8425],[-91.8732,15.8326],[-91.8749,15.8297],[-91.8787,15.8228],[-91.8916,15.8025],[-91.9297,15.7374],[-91.9422,15.7166],[-91.9566,15.6919],[-91.9628,15.6815],[-91.9868,15.6401],[-91.9886,15.6371],[-92.0016,15.6152],[-92.0802,15.4802],[-92.0886,15.4671],[-92.0946,15.4583],[-92.1155,15.4267],[-92.1174,15.4235],[-92.1162,15.4229],[-92.1137,15.4198],[-92.1107,15.4119],[-92.1074,15.4073],[-92.1034,15.4044],[-92.0996,15.4024],[-92.0853,15.3982],[-92.083,15.3984],[-92.0801,15.3976],[-92.0787,15.3967],[-92.0779,15.3925],[-92.0777,15.3546],[-92.0777,15.3434],[-92.0775,15.3073],[-92.0774,15.2963],[-92.0774,15.2825],[-92.0773,15.2778],[-92.0769,15.2777],[-92.0106,15.2647],[-92.0099,15.2651],[-92.0088,15.265],[-91.9931,15.2806],[-91.9786,15.2952],[-91.9771,15.2967],[-91.9648,15.3104],[-91.9599,15.3159],[-91.9569,15.3192],[-91.9397,15.3185],[-91.8907,15.3544],[-91.8878,15.3565],[-91.8863,15.3576],[-91.8812,15.3613],[-91.8809,15.3616],[-91.8614,15.3502],[-91.8571,15.3477],[-91.8553,15.3466],[-91.8231,15.3278],[-91.7947,15.3287],[-91.764,15.3434],[-91.751,15.3406],[-91.7498,15.3403],[-91.7447,15.3409],[-91.7433,15.3423],[-91.7432,15.3424],[-91.7429,15.3427],[-91.7415,15.3455],[-91.7309,15.3447],[-91.7293,15.3425],[-91.7164,15.3391],[-91.7089,15.3373],[-91.7073,15.3369],[-91.7018,15.3284],[-91.6996,15.325],[-91.6988,15.3238],[-91.6821,15.3042],[-91.6687,15.2958],[-91.6636,15.2926],[-91.6444,15.264],[-91.6329,15.2469],[-91.6295,15.2418],[-91.6293,15.2417],[-91.6292,15.2414],[-91.6291,15.2411],[-91.6292,15.2408],[-91.6295,15.2401],[-91.6296,15.2396],[-91.6296,15.2394],[-91.6294,15.2388],[-91.6293,15.2386],[-91.6289,15.2384],[-91.6283,15.2382],[-91.6278,15.2382],[-91.6274,15.2381],[-91.6272,15.2381],[-91.6269,15.2383],[-91.6262,15.2387],[-91.6249,15.2395],[-91.6245,15.2397],[-91.6244,15.2397],[-91.6242,15.2396],[-91.6236,15.2393],[-91.6228,15.2389],[-91.6226,15.2387],[-91.622,15.2382],[-91.6216,15.2375],[-91.6216,15.2374],[-91.6216,15.2371],[-91.6217,15.2368],[-91.6216,15.2363],[-91.6217,15.2361],[-91.6218,15.2359],[-91.6224,15.2355],[-91.6229,15.2352],[-91.6232,15.2351],[-91.6227,15.2345],[-91.5856,15.2334],[-91.5812,15.2333],[-91.5805,15.2333],[-91.5799,15.2327],[-91.5751,15.2279],[-91.5692,15.2244],[-91.5684,15.2241],[-91.5204,15.2057],[-91.513,15.1554],[-91.5115,15.1455],[-91.5103,15.1451],[-91.4662,15.134],[-91.3882,15.1373],[-91.388,15.14],[-91.3817,15.2081],[-91.3816,15.2099],[-91.3815,15.2107],[-91.3773,15.2112],[-91.3735,15.212],[-91.3732,15.2121],[-91.3721,15.2126],[-91.3714,15.2141],[-91.3708,15.2152],[-91.3703,15.2162],[-91.3681,15.2179],[-91.3657,15.2209],[-91.3613,15.2261],[-91.3582,15.2281],[-91.3543,15.2296],[-91.353,15.23],[-91.3512,15.2304],[-91.3503,15.2306],[-91.347,15.2315],[-91.343,15.2344],[-91.3401,15.2331],[-91.3331,15.2327],[-91.3276,15.2343],[-91.3252,15.2379],[-91.3244,15.2404],[-91.3228,15.2435],[-91.3209,15.2488],[-91.3197,15.2524],[-91.3192,15.2537],[-91.3234,15.2605],[-91.3262,15.265],[-91.3257,15.2657],[-91.3247,15.2672],[-91.3214,15.272],[-91.3134,15.2727],[-91.3102,15.273],[-91.3072,15.2733],[-91.3007,15.2761],[-91.2895,15.2809],[-91.2827,15.2806],[-91.2819,15.2801],[-91.2738,15.2755],[-91.2653,15.2689],[-91.2646,15.2683],[-91.2637,15.2688],[-91.2464,15.2781],[-91.2318,15.2848],[-91.2193,15.2863],[-91.196,15.2855],[-91.1887,15.2873],[-91.1843,15.3002],[-91.1838,15.3172],[-91.1782,15.3356],[-91.175,15.339],[-91.1638,15.3509],[-91.1589,15.3603],[-91.1582,15.3618],[-91.1581,15.3619],[-91.1492,15.3716],[-91.1466,15.3744],[-91.1598,15.3773],[-91.1645,15.3863],[-91.1672,15.3883],[-91.171,15.3911],[-91.2184,15.3876],[-91.2341,15.3879],[-91.2472,15.3879],[-91.2796,15.4196],[-91.2927,15.4277],[-91.3126,15.4549],[-91.3152,15.4635],[-91.316,15.4722],[-91.3108,15.4766],[-91.3113,15.4991],[-91.3108,15.5037],[-91.3123,15.5083],[-91.3111,15.5112],[-91.3134,15.5208],[-91.3128,15.5357],[-91.3084,15.549],[-91.3046,15.5593],[-91.2971,15.5684],[-91.2816,15.5756],[-91.2715,15.5845],[-91.2629,15.5946],[-91.2755,15.6005],[-91.2751,15.6062],[-91.2629,15.6185],[-91.2576,15.6239],[-91.2488,15.6241],[-91.2398,15.626],[-91.2384,15.6256],[-91.2348,15.6247],[-91.2295,15.6297],[-91.2206,15.6371],[-91.2176,15.6428],[-91.2158,15.6462],[-91.2128,15.6519],[-91.2094,15.6554],[-91.1988,15.6567],[-91.1974,15.6672],[-91.1906,15.6678],[-91.1837,15.6656],[-91.1677,15.6972],[-91.1654,15.7018],[-91.1595,15.7134],[-91.1582,15.7161],[-91.1581,15.7201],[-91.1575,15.7508],[-91.1574,15.7515],[-91.1402,15.7754],[-91.1399,15.7757],[-91.1462,15.7841],[-91.1527,15.79],[-91.1597,15.7939],[-91.1624,15.7964],[-91.1691,15.7983],[-91.1692,15.7993],[-91.1694,15.8002],[-91.1675,15.8015],[-91.1555,15.8088],[-91.148,15.8188],[-91.1476,15.8206],[-91.1476,15.821],[-91.1525,15.831],[-91.1527,15.8314],[-91.1524,15.8322],[-91.1443,15.8329],[-91.0927,15.8009],[-91.0696,15.8828],[-91.0678,15.8893],[-91.0631,15.9059],[-91.0607,15.9145],[-91.0594,15.9192],[-91.052,15.9155],[-91.0516,15.9153],[-91.0475,15.9324],[-91.0473,15.9333],[-91.0462,15.9381],[-91.0671,15.9466],[-91.0673,15.9467],[-91.0666,15.9491],[-91.0606,15.9685],[-91.061,15.9685],[-91.0761,15.969],[-91.0964,15.9698],[-91.0967,15.9698],[-91.0981,15.9721],[-91.0978,15.9725],[-91.0961,15.9753],[-91.0946,15.9775],[-91.0958,15.9782],[-91.1011,15.9815],[-91.1075,15.995],[-91.1104,15.9957],[-91.1214,15.9965],[-91.1248,15.998],[-91.1284,15.9997],[-91.1288,15.9998],[-91.1288,16.0025],[-91.1288,16.0048],[-91.1272,16.007],[-91.1271,16.0072],[-91.1269,16.016],[-91.1249,16.0208],[-91.1241,16.0228],[-91.1236,16.0239],[-91.1307,16.0265],[-91.132,16.0296],[-91.1324,16.0305],[-91.1259,16.0345],[-91.119,16.0348],[-91.118,16.0348],[-91.1161,16.0384],[-91.1184,16.0413],[-91.119,16.0421],[-91.1116,16.0486],[-91.1111,16.049],[-91.1072,16.0524],[-91.1063,16.0533],[-91.1113,16.061],[-91.112,16.0648],[-91.1125,16.0673],[-91.1085,16.0706],[-91.1078,16.0734]]]}},{"type":"Feature","properties":{"name":"Totonicapán","id":"GT-TO"},"geometry":{"type":"Polygon","coordinates":[[[-91.3192,15.2537],[-91.3197,15.2524],[-91.3209,15.2488],[-91.3228,15.2435],[-91.3244,15.2404],[-91.3252,15.2379],[-91.3276,15.2343],[-91.3331,15.2327],[-91.3401,15.2331],[-91.343,15.2344],[-91.347,15.2315],[-91.3503,15.2306],[-91.3512,15.2304],[-91.353,15.23],[-91.3543,15.2296],[-91.3582,15.2281],[-91.3613,15.2261],[-91.3657,15.2209],[-91.3681,15.2179],[-91.3703,15.2162],[-91.3708,15.2152],[-91.3714,15.2141],[-91.3721,15.2126],[-91.3732,15.2121],[-91.3735,15.212],[-91.3773,15.2112],[-91.3815,15.2107],[-91.3816,15.2099],[-91.3817,15.2081],[-91.388,15.14],[-91.3882,15.1373],[-91.4662,15.134],[-91.5103,15.1451],[-91.5115,15.1455],[-91.5116,15.1454],[-91.5185,15.139],[-91.52,15.1377],[-91.5218,15.136],[-91.5485,15.1114],[-91.5478,15.1054],[-91.5456,15.0657],[-91.5437,15.0306],[-91.541,14.9895],[-91.5405,14.9813],[-91.5401,14.9758],[-91.5338,14.9713],[-91.5334,14.971],[-91.5334,14.9709],[-91.5324,14.9644],[-91.5342,14.9608],[-91.5327,14.9581],[-91.5573,14.9382],[-91.5548,14.9383],[-91.5534,14.9384],[-91.5518,14.9388],[-91.5268,14.9463],[-91.5248,14.9461],[-91.524,14.9432],[-91.5238,14.9383],[-91.5238,14.9381],[-91.5237,14.937],[-91.5241,14.9344],[-91.5236,14.9319],[-91.518,14.9237],[-91.5175,14.9229],[-91.5171,14.9215],[-91.5168,14.9203],[-91.5156,14.9155],[-91.5111,14.9068],[-91.5059,14.895],[-91.5051,14.8933],[-91.4999,14.8846],[-91.4988,14.8828],[-91.4966,14.8805],[-91.4945,14.8781],[-91.4935,14.8782],[-91.4885,14.8782],[-91.4847,14.8785],[-91.4814,14.8788],[-91.4798,14.878],[-91.4774,14.8776],[-91.477,14.8783],[-91.4766,14.8793],[-91.4759,14.879],[-91.4751,14.879],[-91.4745,14.8789],[-91.4738,14.8787],[-91.4722,14.8829],[-91.4716,14.8842],[-91.4711,14.8856],[-91.4708,14.8865],[-91.4704,14.8873],[-91.4707,14.8875],[-91.4699,14.8884],[-91.4686,14.8899],[-91.4669,14.892],[-91.4649,14.8946],[-91.4657,14.8954],[-91.4659,14.8955],[-91.465,14.8966],[-91.464,14.8976],[-91.4645,14.898],[-91.4639,14.8987],[-91.4644,14.899],[-91.465,14.8993],[-91.4656,14.8996],[-91.4662,14.8998],[-91.4656,14.9005],[-91.4652,14.9007],[-91.4636,14.9],[-91.4613,14.8993],[-91.4592,14.8991],[-91.4588,14.8991],[-91.4582,14.8994],[-91.4581,14.8996],[-91.4564,14.8989],[-91.4536,14.8977],[-91.4464,14.8942],[-91.4441,14.8933],[-91.4421,14.8918],[-91.4387,14.89],[-91.4385,14.8898],[-91.4378,14.8892],[-91.4371,14.8868],[-91.4374,14.8819],[-91.4371,14.8803],[-91.4357,14.8805],[-91.4356,14.8798],[-91.4368,14.8796],[-91.4206,14.8462],[-91.42,14.845],[-91.4112,14.8321],[-91.4041,14.8219],[-91.4036,14.821],[-91.3629,14.8477],[-91.3629,14.8484],[-91.3627,14.8512],[-91.3624,14.8514],[-91.3567,14.8565],[-91.3478,14.8644],[-91.3054,14.8668],[-91.3,14.8672],[-91.2977,14.8676],[-91.2893,14.861],[-91.2877,14.8597],[-91.2869,14.8588],[-91.2755,14.8594],[-91.2731,14.8584],[-91.2626,14.8412],[-91.2622,14.8414],[-91.2515,14.8462],[-91.2459,14.8488],[-91.2146,14.8573],[-91.2144,14.8582],[-91.2126,14.8655],[-91.211,14.8717],[-91.2088,14.8769],[-91.2063,14.8795],[-91.1753,14.8934],[-91.1772,14.8952],[-91.2162,14.9325],[-91.224,14.9416],[-91.2387,14.9452],[-91.2388,14.9456],[-91.239,14.9464],[-91.2395,14.9491],[-91.2398,14.9506],[-91.2394,14.9564],[-91.2395,14.9569],[-91.2404,14.9596],[-91.241,14.963],[-91.2412,14.9643],[-91.2377,14.9705],[-91.2338,14.9753],[-91.2325,14.9768],[-91.2329,14.9775],[-91.2365,14.9843],[-91.237,14.9851],[-91.2392,14.9844],[-91.2547,14.9798],[-91.2567,14.9838],[-91.2618,14.9934],[-91.2628,14.9953],[-91.2628,14.9954],[-91.2643,15.001],[-91.2638,15.0175],[-91.2638,15.0189],[-91.2637,15.0217],[-91.2718,15.0354],[-91.2639,15.0496],[-91.259,15.1194],[-91.2581,15.125],[-91.2558,15.1247],[-91.2534,15.1235],[-91.2516,15.1185],[-91.2514,15.115],[-91.2506,15.1131],[-91.2488,15.1109],[-91.2441,15.1093],[-91.2388,15.1076],[-91.2253,15.1031],[-91.2245,15.1029],[-91.2141,15.1001],[-91.2133,15.101],[-91.2116,15.1031],[-91.2092,15.1059],[-91.2062,15.1087],[-91.205,15.111],[-91.2063,15.1127],[-91.2066,15.1128],[-91.2086,15.1134],[-91.2118,15.114],[-91.2153,15.1153],[-91.2199,15.1173],[-91.2232,15.1189],[-91.2282,15.1226],[-91.2303,15.1264],[-91.233,15.1287],[-91.2332,15.1289],[-91.2334,15.129],[-91.234,15.13],[-91.2348,15.1312],[-91.2356,15.1337],[-91.236,15.1369],[-91.2363,15.1369],[-91.2387,15.1372],[-91.2408,15.14],[-91.2411,15.1426],[-91.2448,15.1422],[-91.2489,15.1433],[-91.2524,15.1445],[-91.2538,15.1489],[-91.2542,15.1526],[-91.2586,15.1552],[-91.2602,15.1571],[-91.2627,15.1613],[-91.2669,15.1614],[-91.2694,15.1582],[-91.2742,15.1591],[-91.2798,15.1607],[-91.2849,15.1633],[-91.2902,15.1679],[-91.2919,15.1729],[-91.2943,15.1744],[-91.2947,15.1746],[-91.2962,15.1759],[-91.2971,15.1766],[-91.2987,15.1799],[-91.2988,15.182],[-91.2991,15.1856],[-91.2992,15.1873],[-91.3022,15.1879],[-91.3042,15.1904],[-91.3071,15.1932],[-91.3089,15.1948],[-91.3094,15.1982],[-91.3095,15.1992],[-91.3115,15.1998],[-91.3187,15.2008],[-91.3187,15.2014],[-91.3189,15.203],[-91.3187,15.2041],[-91.3186,15.2057],[-91.3185,15.206],[-91.3177,15.2077],[-91.3171,15.2092],[-91.3185,15.2105],[-91.3193,15.2113],[-91.3208,15.2128],[-91.3196,15.2162],[-91.3189,15.2178],[-91.3179,15.22],[-91.3176,15.2224],[-91.3171,15.2277],[-91.3144,15.2305],[-91.3145,15.2357],[-91.3131,15.2382],[-91.3118,15.2403],[-91.3116,15.2407],[-91.3115,15.2413],[-91.3109,15.2439],[-91.3108,15.244],[-91.3109,15.244],[-91.3119,15.2453],[-91.3126,15.2461],[-91.3145,15.2482],[-91.3192,15.2537]]]}},{"type":"Feature","properties":{"name":"Quetzaltenango","id":"GT-QZ"},"geometry":{"type":"Polygon","coordinates":[[[-91.4875,14.7109],[-91.4867,14.7155],[-91.485,14.7181],[-91.4824,14.7205],[-91.4789,14.7223],[-91.4741,14.7242],[-91.4728,14.7248],[-91.4723,14.7252],[-91.4722,14.7254],[-91.4695,14.7279],[-91.4676,14.7306],[-91.4649,14.735],[-91.4649,14.735],[-91.4636,14.737],[-91.4616,14.7385],[-91.4602,14.7386],[-91.453,14.7393],[-91.448,14.7401],[-91.4467,14.7414],[-91.4457,14.7439],[-91.4456,14.7454],[-91.4456,14.746],[-91.4454,14.7586],[-91.444,14.7637],[-91.4435,14.7641],[-91.4427,14.7646],[-91.4414,14.7655],[-91.4387,14.7683],[-91.4383,14.7687],[-91.4069,14.8006],[-91.4036,14.821],[-91.4041,14.8219],[-91.4112,14.8321],[-91.42,14.845],[-91.4206,14.8462],[-91.4368,14.8796],[-91.4356,14.8798],[-91.4357,14.8805],[-91.4371,14.8803],[-91.4374,14.8819],[-91.4371,14.8868],[-91.4378,14.8892],[-91.4385,14.8898],[-91.4387,14.89],[-91.4421,14.8918],[-91.4441,14.8933],[-91.4464,14.8942],[-91.4536,14.8977],[-91.4564,14.8989],[-91.4581,14.8996],[-91.4582,14.8994],[-91.4588,14.8991],[-91.4592,14.8991],[-91.4613,14.8993],[-91.4636,14.9],[-91.4652,14.9007],[-91.4656,14.9005],[-91.4662,14.8998],[-91.4656,14.8996],[-91.465,14.8993],[-91.4644,14.899],[-91.4639,14.8987],[-91.4645,14.898],[-91.464,14.8976],[-91.465,14.8966],[-91.4659,14.8955],[-91.4657,14.8954],[-91.4649,14.8946],[-91.4669,14.892],[-91.4686,14.8899],[-91.4699,14.8884],[-91.4707,14.8875],[-91.4704,14.8873],[-91.4708,14.8865],[-91.4711,14.8856],[-91.4716,14.8842],[-91.4722,14.8829],[-91.4738,14.8787],[-91.4745,14.8789],[-91.4751,14.879],[-91.4759,14.879],[-91.4766,14.8793],[-91.477,14.8783],[-91.4774,14.8776],[-91.4798,14.878],[-91.4814,14.8788],[-91.4847,14.8785],[-91.4885,14.8782],[-91.4935,14.8782],[-91.4945,14.8781],[-91.4966,14.8805],[-91.4988,14.8828],[-91.4999,14.8846],[-91.5051,14.8933],[-91.5059,14.895],[-91.5111,14.9068],[-91.5156,14.9155],[-91.5168,14.9203],[-91.5171,14.9215],[-91.5175,14.9229],[-91.518,14.9237],[-91.5236,14.9319],[-91.5241,14.9344],[-91.5237,14.937],[-91.5238,14.9381],[-91.5238,14.9383],[-91.524,14.9432],[-91.5248,14.9461],[-91.5268,14.9463],[-91.5518,14.9388],[-91.5534,14.9384],[-91.5548,14.9383],[-91.5573,14.9382],[-91.5327,14.9581],[-91.5342,14.9608],[-91.5324,14.9644],[-91.5334,14.9709],[-91.5334,14.971],[-91.5338,14.9713],[-91.5401,14.9758],[-91.5405,14.9813],[-91.541,14.9895],[-91.5437,15.0306],[-91.5456,15.0657],[-91.5478,15.1054],[-91.5485,15.1114],[-91.5218,15.136],[-91.52,15.1377],[-91.5185,15.139],[-91.5116,15.1454],[-91.5115,15.1455],[-91.513,15.1554],[-91.5204,15.2057],[-91.5684,15.2241],[-91.5692,15.2244],[-91.577,15.1992],[-91.5829,15.18],[-91.5855,15.1714],[-91.5857,15.1714],[-91.6135,15.1561],[-91.6186,15.1533],[-91.6187,15.1532],[-91.6207,15.1523],[-91.6291,15.1485],[-91.6556,15.1472],[-91.6627,15.1469],[-91.6731,15.1464],[-91.6759,15.1433],[-91.6803,15.1385],[-91.6809,15.1385],[-91.6838,15.1388],[-91.6841,15.1383],[-91.6857,15.1362],[-91.6872,15.134],[-91.6855,15.1315],[-91.6869,15.1301],[-91.6884,15.1286],[-91.6883,15.1269],[-91.6911,15.1247],[-91.6917,15.1235],[-91.6928,15.1212],[-91.693,15.1184],[-91.6933,15.1183],[-91.6965,15.118],[-91.6971,15.1166],[-91.6981,15.1143],[-91.7001,15.1133],[-91.7006,15.1128],[-91.7021,15.111],[-91.7024,15.1097],[-91.7029,15.1077],[-91.7034,15.1056],[-91.7031,15.1023],[-91.7031,15.102],[-91.7026,15.1013],[-91.7009,15.0986],[-91.7003,15.0969],[-91.7,15.0958],[-91.6984,15.0931],[-91.6981,15.0925],[-91.6958,15.0901],[-91.696,15.0832],[-91.6932,15.0819],[-91.6917,15.0812],[-91.6916,15.0812],[-91.6915,15.081],[-91.6878,15.0781],[-91.6859,15.0756],[-91.6856,15.0753],[-91.6823,15.0714],[-91.6801,15.0711],[-91.6757,15.0694],[-91.6714,15.0593],[-91.6714,15.0592],[-91.667,15.0574],[-91.6656,15.0568],[-91.6654,15.0568],[-91.6611,15.055],[-91.6652,15.0298],[-91.6657,15.027],[-91.6659,15.0255],[-91.6667,15.0223],[-91.6715,15.0009],[-91.6735,14.9921],[-91.6752,14.9833],[-91.6788,14.9645],[-91.6772,14.9611],[-91.6752,14.9537],[-91.6778,14.951],[-91.679,14.949],[-91.6797,14.9475],[-91.6801,14.9466],[-91.6814,14.946],[-91.6875,14.9429],[-91.6886,14.9418],[-91.691,14.9393],[-91.6936,14.9353],[-91.6965,14.9343],[-91.6965,14.9343],[-91.6994,14.9332],[-91.7,14.933],[-91.7004,14.9318],[-91.7007,14.9309],[-91.7029,14.9297],[-91.7056,14.9281],[-91.7107,14.9252],[-91.7139,14.9245],[-91.7173,14.9235],[-91.7255,14.9221],[-91.7227,14.9153],[-91.7222,14.9143],[-91.7191,14.9109],[-91.7127,14.9033],[-91.7133,14.9011],[-91.7204,14.8967],[-91.7226,14.8949],[-91.7236,14.8928],[-91.7242,14.8921],[-91.7244,14.8919],[-91.7269,14.8912],[-91.7285,14.8927],[-91.7298,14.8928],[-91.7307,14.8922],[-91.7311,14.8919],[-91.7333,14.8928],[-91.7337,14.8929],[-91.7356,14.8925],[-91.736,14.8924],[-91.738,14.892],[-91.7391,14.8907],[-91.7406,14.884],[-91.7449,14.88],[-91.7486,14.8786],[-91.7514,14.8776],[-91.7542,14.8767],[-91.7571,14.8731],[-91.7584,14.8708],[-91.7584,14.8617],[-91.7628,14.8567],[-91.764,14.8513],[-91.7668,14.8464],[-91.7699,14.841],[-91.7718,14.8383],[-91.7731,14.8355],[-91.7762,14.8318],[-91.7756,14.8285],[-91.7731,14.8239],[-91.7802,14.8159],[-91.7823,14.8151],[-91.7831,14.8125],[-91.7823,14.8074],[-91.7833,14.7992],[-91.7817,14.7963],[-91.7802,14.7942],[-91.7789,14.7929],[-91.7787,14.7919],[-91.7805,14.7902],[-91.7818,14.7846],[-91.7796,14.7821],[-91.7782,14.7795],[-91.7834,14.7715],[-91.7846,14.7679],[-91.7837,14.7645],[-91.788,14.7571],[-91.7892,14.7556],[-91.7889,14.7518],[-91.7903,14.7453],[-91.7909,14.7421],[-91.7936,14.7381],[-91.7953,14.7364],[-91.7991,14.7333],[-91.8014,14.7321],[-91.8035,14.7311],[-91.8086,14.7318],[-91.8175,14.7307],[-91.8197,14.7306],[-91.8209,14.7305],[-91.823,14.7293],[-91.8247,14.7229],[-91.8289,14.7208],[-91.831,14.7187],[-91.8314,14.7183],[-91.836,14.7169],[-91.8373,14.7166],[-91.8442,14.7145],[-91.8467,14.7146],[-91.8488,14.7183],[-91.8535,14.7189],[-91.8578,14.719],[-91.8593,14.719],[-91.8614,14.7181],[-91.8629,14.7175],[-91.8702,14.7174],[-91.8759,14.7176],[-91.8769,14.718],[-91.8772,14.7181],[-91.8785,14.7174],[-91.8808,14.716],[-91.8872,14.7173],[-91.8922,14.7176],[-91.8958,14.7176],[-91.8978,14.7182],[-91.8999,14.7166],[-91.9015,14.7157],[-91.9018,14.7172],[-91.9042,14.718],[-91.9056,14.7186],[-91.9067,14.7206],[-91.9087,14.7211],[-91.9113,14.7203],[-91.9126,14.7229],[-91.9153,14.7229],[-91.9162,14.7225],[-91.9182,14.7251],[-91.9183,14.7252],[-91.9187,14.7252],[-91.9205,14.725],[-91.9253,14.7244],[-91.9272,14.7269],[-91.9305,14.7285],[-91.9316,14.728],[-91.9326,14.7276],[-91.933,14.7272],[-91.9345,14.726],[-91.9358,14.7267],[-91.9362,14.7269],[-91.9382,14.7251],[-91.9386,14.7247],[-91.9396,14.7237],[-91.942,14.7243],[-91.9445,14.7255],[-91.9449,14.7257],[-91.9476,14.7242],[-91.9482,14.722],[-91.9494,14.7208],[-91.9509,14.7193],[-91.9527,14.7187],[-91.9535,14.7185],[-91.9553,14.717],[-91.956,14.7137],[-91.9559,14.7127],[-91.9562,14.7127],[-91.961,14.7112],[-91.9638,14.7125],[-91.968,14.7125],[-91.9739,14.7123],[-91.9787,14.7115],[-91.9815,14.7105],[-91.9869,14.7112],[-91.9903,14.7119],[-91.9943,14.712],[-92.001,14.7127],[-92.001,14.7128],[-92.0098,14.7135],[-92.0227,14.7176],[-92.0255,14.7174],[-92.0275,14.7172],[-92.031,14.7145],[-92.0324,14.7133],[-92.0373,14.7129],[-92.0384,14.7128],[-92.041,14.7096],[-92.042,14.7083],[-92.0503,14.707],[-92.0525,14.7067],[-92.0566,14.7],[-92.0602,14.6945],[-92.065,14.6908],[-92.0709,14.6832],[-92.0713,14.6827],[-92.0765,14.6838],[-92.0835,14.6846],[-92.0886,14.6793],[-92.0904,14.6728],[-92.0929,14.6647],[-92.0956,14.6604],[-92.0969,14.6583],[-92.1034,14.6594],[-92.1035,14.6594],[-92.1066,14.6575],[-92.1084,14.6515],[-92.1113,14.6469],[-92.1121,14.6458],[-92.1136,14.644],[-92.1163,14.6408],[-92.1347,14.6285],[-92.138,14.6263],[-92.1391,14.6253],[-92.14,14.6168],[-92.1373,14.6155],[-92.093,14.5947],[-92.0877,14.5922],[-92.0868,14.5917],[-92.0868,14.592],[-92.0849,14.5977],[-92.081,14.5964],[-92.0706,14.593],[-92.0542,14.5875],[-92.0543,14.5869],[-92.0556,14.5711],[-92.0523,14.5675],[-92.0515,14.5667],[-92.0503,14.5653],[-92.0377,14.56],[-92.036,14.5594],[-92.0345,14.5577],[-92.0321,14.5551],[-92.0253,14.5505],[-92.0246,14.5503],[-92.0153,14.5472],[-92.007,14.5458],[-92.0004,14.5409],[-91.9968,14.5381],[-91.9957,14.5382],[-91.9896,14.5388],[-91.986,14.5375],[-91.9812,14.5378],[-91.9755,14.5387],[-91.972,14.5368],[-91.9711,14.5339],[-91.9699,14.5335],[-91.9693,14.5332],[-91.9677,14.5329],[-91.9663,14.5328],[-91.9662,14.5328],[-91.9655,14.5326],[-91.9654,14.5326],[-91.965,14.5325],[-91.964,14.5321],[-91.9617,14.5301],[-91.9594,14.5279],[-91.9587,14.5275],[-91.958,14.5275],[-91.957,14.5273],[-91.9558,14.5266],[-91.9527,14.5244],[-91.9494,14.5217],[-91.9481,14.5207],[-91.9474,14.5203],[-91.9464,14.5203],[-91.9454,14.5205],[-91.9438,14.5215],[-91.9412,14.5227],[-91.9398,14.5236],[-91.9393,14.5238],[-91.9387,14.524],[-91.9375,14.5235],[-91.9352,14.5214],[-91.9326,14.5201],[-91.931,14.5196],[-91.9282,14.5193],[-91.927,14.5188],[-91.9251,14.5178],[-91.9243,14.5174],[-91.923,14.5171],[-91.9211,14.517],[-91.9181,14.5171],[-91.9166,14.5168],[-91.9157,14.5164],[-91.915,14.5154],[-91.9144,14.5139],[-91.913,14.5127],[-91.9124,14.5122],[-91.9121,14.5109],[-91.9118,14.5098],[-91.9113,14.5094],[-91.9104,14.5089],[-91.9091,14.5087],[-91.9074,14.5088],[-91.9054,14.5087],[-91.9033,14.5086],[-91.9024,14.5087],[-91.902,14.5091],[-91.9009,14.51],[-91.8997,14.5101],[-91.898,14.5097],[-91.8949,14.5091],[-91.8926,14.509],[-91.8926,14.509],[-91.891,14.5093],[-91.89,14.5096],[-91.8891,14.5098],[-91.8879,14.5094],[-91.8869,14.5085],[-91.8864,14.5078],[-91.8865,14.5071],[-91.8864,14.507],[-91.8864,14.5066],[-91.886,14.5062],[-91.8853,14.5061],[-91.8844,14.5064],[-91.8819,14.5091],[-91.8802,14.5107],[-91.8785,14.5121],[-91.8764,14.5134],[-91.8756,14.5137],[-91.8745,14.5138],[-91.8737,14.5138],[-91.8726,14.5135],[-91.8714,14.5127],[-91.8711,14.5123],[-91.871,14.5117],[-91.871,14.5116],[-91.8707,14.5109],[-91.8703,14.5105],[-91.8699,14.5103],[-91.8695,14.5101],[-91.869,14.5096],[-91.8686,14.5088],[-91.8684,14.5083],[-91.8677,14.5079],[-91.8668,14.5076],[-91.8648,14.5076],[-91.8637,14.5075],[-91.8623,14.5068],[-91.8616,14.5061],[-91.8615,14.506],[-91.8613,14.5059],[-91.8608,14.5058],[-91.8582,14.5055],[-91.8574,14.505],[-91.8569,14.5046],[-91.8562,14.5044],[-91.8553,14.504],[-91.8539,14.5031],[-91.853,14.5021],[-91.8506,14.5003],[-91.8486,14.4993],[-91.8476,14.4987],[-91.8469,14.4986],[-91.845,14.4987],[-91.8432,14.4986],[-91.8422,14.4982],[-91.841,14.4978],[-91.84,14.4979],[-91.8393,14.4978],[-91.8383,14.4974],[-91.8379,14.4974],[-91.8373,14.4977],[-91.8366,14.4979],[-91.8363,14.4979],[-91.8359,14.4976],[-91.8354,14.4967],[-91.8351,14.4956],[-91.8349,14.4948],[-91.8347,14.4945],[-91.834,14.4942],[-91.8327,14.4938],[-91.8324,14.4938],[-91.8312,14.4935],[-91.8298,14.4935],[-91.8287,14.4936],[-91.8278,14.4934],[-91.827,14.4932],[-91.8259,14.493],[-91.825,14.4931],[-91.8247,14.4933],[-91.8237,14.4939],[-91.823,14.4943],[-91.8227,14.4947],[-91.8228,14.4953],[-91.8232,14.4957],[-91.8237,14.4961],[-91.8238,14.4965],[-91.8235,14.4969],[-91.8227,14.4973],[-91.821,14.498],[-91.82,14.4979],[-91.8184,14.4975],[-91.8143,14.4955],[-91.8136,14.4952],[-91.8129,14.4952],[-91.8119,14.4958],[-91.8114,14.4959],[-91.8109,14.4957],[-91.8108,14.4951],[-91.8101,14.4946],[-91.8087,14.4942],[-91.8078,14.4941],[-91.8072,14.494],[-91.8065,14.4943],[-91.8059,14.4948],[-91.8056,14.4958],[-91.8059,14.497],[-91.8057,14.4995],[-91.8049,14.5005],[-91.8045,14.5016],[-91.804,14.5024],[-91.8036,14.5027],[-91.8028,14.5033],[-91.8018,14.5038],[-91.8009,14.5042],[-91.8001,14.5043],[-91.7996,14.5046],[-91.8015,14.5059],[-91.8009,14.5078],[-91.8022,14.5107],[-91.8026,14.5116],[-91.802,14.5134],[-91.8008,14.5141],[-91.801,14.5165],[-91.8013,14.5178],[-91.801,14.5206],[-91.7994,14.5219],[-91.7979,14.5249],[-91.7973,14.5287],[-91.7966,14.5318],[-91.7958,14.5333],[-91.7928,14.534],[-91.7922,14.5359],[-91.7911,14.5375],[-91.789,14.5403],[-91.7882,14.543],[-91.7854,14.553],[-91.7847,14.5576],[-91.7847,14.5577],[-91.7842,14.5613],[-91.7825,14.5652],[-91.784,14.5671],[-91.7851,14.5709],[-91.7871,14.574],[-91.7878,14.5769],[-91.7874,14.5796],[-91.7857,14.5817],[-91.7853,14.5846],[-91.7851,14.5882],[-91.7807,14.5948],[-91.7571,14.5901],[-91.7552,14.5959],[-91.7555,14.5984],[-91.7552,14.601],[-91.7541,14.6048],[-91.7541,14.6087],[-91.7561,14.6114],[-91.7559,14.6181],[-91.7553,14.6241],[-91.7549,14.629],[-91.755,14.6322],[-91.7523,14.6411],[-91.7505,14.6459],[-91.7475,14.6479],[-91.7461,14.65],[-91.7421,14.6568],[-91.7347,14.6727],[-91.7336,14.6716],[-91.7325,14.6707],[-91.7339,14.668],[-91.7163,14.658],[-91.7141,14.6563],[-91.7149,14.6594],[-91.7161,14.6647],[-91.7144,14.6656],[-91.7129,14.6686],[-91.7131,14.6707],[-91.7114,14.6742],[-91.71,14.6766],[-91.7086,14.6792],[-91.7068,14.6831],[-91.7043,14.69],[-91.703,14.6903],[-91.7011,14.6925],[-91.6993,14.6949],[-91.6967,14.6968],[-91.6932,14.6994],[-91.6909,14.7026],[-91.682,14.7097],[-91.6802,14.7102],[-91.6763,14.7095],[-91.6738,14.7101],[-91.6722,14.7107],[-91.6715,14.7127],[-91.6716,14.715],[-91.6716,14.7153],[-91.6694,14.7157],[-91.6675,14.7143],[-91.6655,14.7129],[-91.6656,14.7127],[-91.6669,14.7103],[-91.6678,14.7057],[-91.6671,14.7022],[-91.6678,14.6986],[-91.6689,14.6963],[-91.6704,14.6931],[-91.6681,14.6881],[-91.6692,14.6851],[-91.6727,14.6813],[-91.6742,14.6747],[-91.6737,14.6684],[-91.6745,14.6664],[-91.6772,14.6637],[-91.6791,14.661],[-91.6811,14.6573],[-91.6814,14.6528],[-91.681,14.6473],[-91.6809,14.646],[-91.6814,14.644],[-91.6824,14.6405],[-91.6804,14.6393],[-91.6778,14.6396],[-91.6772,14.6397],[-91.6742,14.6437],[-91.6735,14.6469],[-91.6726,14.6481],[-91.6693,14.6512],[-91.6681,14.6507],[-91.6655,14.6496],[-91.6663,14.6458],[-91.6656,14.633],[-91.6597,14.6173],[-91.6557,14.6168],[-91.657,14.6083],[-91.6531,14.6102],[-91.6502,14.6117],[-91.6481,14.6147],[-91.639,14.6231],[-91.6379,14.6277],[-91.638,14.6315],[-91.6376,14.6349],[-91.6343,14.637],[-91.6328,14.6398],[-91.6313,14.6402],[-91.6293,14.6421],[-91.6279,14.6496],[-91.6272,14.6521],[-91.6256,14.6543],[-91.6114,14.6533],[-91.608,14.6534],[-91.6081,14.6529],[-91.6083,14.652],[-91.6101,14.6489],[-91.6096,14.6469],[-91.6091,14.6449],[-91.6097,14.6428],[-91.6121,14.6336],[-91.6105,14.6306],[-91.6101,14.6268],[-91.6086,14.626],[-91.6077,14.6268],[-91.607,14.6275],[-91.6047,14.628],[-91.6005,14.6297],[-91.5955,14.6324],[-91.5916,14.6364],[-91.5908,14.6412],[-91.5917,14.6438],[-91.591,14.6458],[-91.5871,14.6492],[-91.5802,14.6516],[-91.5751,14.6505],[-91.5728,14.6503],[-91.5715,14.6501],[-91.5713,14.6502],[-91.564,14.6566],[-91.5596,14.6615],[-91.557,14.6649],[-91.5525,14.6698],[-91.5409,14.6778],[-91.5334,14.6885],[-91.5338,14.6866],[-91.5328,14.6851],[-91.5321,14.6838],[-91.5318,14.683],[-91.5315,14.6819],[-91.5305,14.6799],[-91.5268,14.6806],[-91.525,14.6811],[-91.5235,14.681],[-91.5225,14.6824],[-91.5213,14.6843],[-91.5209,14.6848],[-91.5152,14.6858],[-91.515,14.6859],[-91.5144,14.686],[-91.5112,14.6874],[-91.5074,14.6904],[-91.5037,14.6941],[-91.4984,14.6996],[-91.4875,14.7109]]]}},{"type":"Feature","properties":{"name":"Retalhuleu","id":"GT-RE"},"geometry":{"type":"Polygon","coordinates":[[[-91.5225,14.6824],[-91.5235,14.681],[-91.525,14.6811],[-91.5268,14.6806],[-91.5305,14.6799],[-91.5315,14.6819],[-91.5318,14.683],[-91.5321,14.6838],[-91.5328,14.6851],[-91.5338,14.6866],[-91.5334,14.6885],[-91.5409,14.6778],[-91.5525,14.6698],[-91.557,14.6649],[-91.5596,14.6615],[-91.564,14.6566],[-91.5713,14.6502],[-91.5715,14.6501],[-91.5728,14.6503],[-91.5751,14.6505],[-91.5802,14.6516],[-91.5871,14.6492],[-91.591,14.6458],[-91.5917,14.6438],[-91.5908,14.6412],[-91.5916,14.6364],[-91.5955,14.6324],[-91.6005,14.6297],[-91.6047,14.628],[-91.607,14.6275],[-91.6077,14.6268],[-91.6086,14.626],[-91.6101,14.6268],[-91.6105,14.6306],[-91.6121,14.6336],[-91.6097,14.6428],[-91.6091,14.6449],[-91.6096,14.6469],[-91.6101,14.6489],[-91.6083,14.652],[-91.6081,14.6529],[-91.608,14.6534],[-91.6114,14.6533],[-91.6256,14.6543],[-91.6272,14.6521],[-91.6279,14.6496],[-91.6293,14.6421],[-91.6313,14.6402],[-91.6328,14.6398],[-91.6343,14.637],[-91.6376,14.6349],[-91.638,14.6315],[-91.6379,14.6277],[-91.639,14.6231],[-91.6481,14.6147],[-91.6502,14.6117],[-91.6531,14.6102],[-91.657,14.6083],[-91.6557,14.6168],[-91.6597,14.6173],[-91.6656,14.633],[-91.6663,14.6458],[-91.6655,14.6496],[-91.6681,14.6507],[-91.6693,14.6512],[-91.6726,14.6481],[-91.6735,14.6469],[-91.6742,14.6437],[-91.6772,14.6397],[-91.6778,14.6396],[-91.6804,14.6393],[-91.6824,14.6405],[-91.6814,14.644],[-91.6809,14.646],[-91.681,14.6473],[-91.6814,14.6528],[-91.6811,14.6573],[-91.6791,14.661],[-91.6772,14.6637],[-91.6745,14.6664],[-91.6737,14.6684],[-91.6742,14.6747],[-91.6727,14.6813],[-91.6692,14.6851],[-91.6681,14.6881],[-91.6704,14.6931],[-91.6689,14.6963],[-91.6678,14.6986],[-91.6671,14.7022],[-91.6678,14.7057],[-91.6669,14.7103],[-91.6656,14.7127],[-91.6655,14.7129],[-91.6675,14.7143],[-91.6694,14.7157],[-91.6716,14.7153],[-91.6716,14.715],[-91.6715,14.7127],[-91.6722,14.7107],[-91.6738,14.7101],[-91.6763,14.7095],[-91.6802,14.7102],[-91.682,14.7097],[-91.6909,14.7026],[-91.6932,14.6994],[-91.6967,14.6968],[-91.6993,14.6949],[-91.7011,14.6925],[-91.703,14.6903],[-91.7043,14.69],[-91.7068,14.6831],[-91.7086,14.6792],[-91.71,14.6766],[-91.7114,14.6742],[-91.7131,14.6707],[-91.7129,14.6686],[-91.7144,14.6656],[-91.7161,14.6647],[-91.7149,14.6594],[-91.7141,14.6563],[-91.7163,14.658],[-91.7339,14.668],[-91.7325,14.6707],[-91.7336,14.6716],[-91.7347,14.6727],[-91.7421,14.6568],[-91.7461,14.65],[-91.7475,14.6479],[-91.7505,14.6459],[-91.7523,14.6411],[-91.755,14.6322],[-91.7549,14.629],[-91.7553,14.6241],[-91.7559,14.6181],[-91.7561,14.6114],[-91.7541,14.6087],[-91.7541,14.6048],[-91.7552,14.601],[-91.7555,14.5984],[-91.7552,14.5959],[-91.7571,14.5901],[-91.7807,14.5948],[-91.7851,14.5882],[-91.7853,14.5846],[-91.7857,14.5817],[-91.7874,14.5796],[-91.7878,14.5769],[-91.7871,14.574],[-91.7851,14.5709],[-91.784,14.5671],[-91.7825,14.5652],[-91.7842,14.5613],[-91.7847,14.5577],[-91.7847,14.5576],[-91.7854,14.553],[-91.7882,14.543],[-91.789,14.5403],[-91.7911,14.5375],[-91.7922,14.5359],[-91.7928,14.534],[-91.7958,14.5333],[-91.7966,14.5318],[-91.7973,14.5287],[-91.7979,14.5249],[-91.7994,14.5219],[-91.801,14.5206],[-91.8013,14.5178],[-91.801,14.5165],[-91.8008,14.5141],[-91.802,14.5134],[-91.8026,14.5116],[-91.8022,14.5107],[-91.8009,14.5078],[-91.8015,14.5059],[-91.7996,14.5046],[-91.8001,14.5043],[-91.8009,14.5042],[-91.8018,14.5038],[-91.8028,14.5033],[-91.8036,14.5027],[-91.804,14.5024],[-91.8045,14.5016],[-91.8049,14.5005],[-91.8057,14.4995],[-91.8059,14.497],[-91.8056,14.4958],[-91.8059,14.4948],[-91.8065,14.4943],[-91.8072,14.494],[-91.8078,14.4941],[-91.8087,14.4942],[-91.8101,14.4946],[-91.8108,14.4951],[-91.8109,14.4957],[-91.8114,14.4959],[-91.8119,14.4958],[-91.8129,14.4952],[-91.8136,14.4952],[-91.8143,14.4955],[-91.8184,14.4975],[-91.82,14.4979],[-91.821,14.498],[-91.8227,14.4973],[-91.8235,14.4969],[-91.8238,14.4965],[-91.8237,14.4961],[-91.8232,14.4957],[-91.8228,14.4953],[-91.8227,14.4947],[-91.823,14.4943],[-91.8237,14.4939],[-91.8247,14.4933],[-91.825,14.4931],[-91.8259,14.493],[-91.827,14.4932],[-91.8278,14.4934],[-91.8287,14.4936],[-91.8298,14.4935],[-91.8312,14.4935],[-91.8324,14.4938],[-91.8327,14.4938],[-91.834,14.4942],[-91.8347,14.4945],[-91.8349,14.4948],[-91.8351,14.4956],[-91.8354,14.4967],[-91.8359,14.4976],[-91.8363,14.4979],[-91.8366,14.4979],[-91.8373,14.4977],[-91.8379,14.4974],[-91.8383,14.4974],[-91.8393,14.4978],[-91.84,14.4979],[-91.841,14.4978],[-91.8422,14.4982],[-91.8432,14.4986],[-91.845,14.4987],[-91.8469,14.4986],[-91.8476,14.4987],[-91.8486,14.4993],[-91.8506,14.5003],[-91.853,14.5021],[-91.8539,14.5031],[-91.8553,14.504],[-91.8562,14.5044],[-91.8569,14.5046],[-91.8574,14.505],[-91.8582,14.5055],[-91.8608,14.5058],[-91.8613,14.5059],[-91.8615,14.506],[-91.8616,14.5061],[-91.8623,14.5068],[-91.8637,14.5075],[-91.8648,14.5076],[-91.8668,14.5076],[-91.8677,14.5079],[-91.8684,14.5083],[-91.8686,14.5088],[-91.869,14.5096],[-91.8695,14.5101],[-91.8699,14.5103],[-91.8703,14.5105],[-91.8707,14.5109],[-91.871,14.5116],[-91.871,14.5117],[-91.8711,14.5123],[-91.8714,14.5127],[-91.8726,14.5135],[-91.8737,14.5138],[-91.8745,14.5138],[-91.8756,14.5137],[-91.8764,14.5134],[-91.8785,14.5121],[-91.8802,14.5107],[-91.8819,14.5091],[-91.8844,14.5064],[-91.8853,14.5061],[-91.886,14.5062],[-91.8864,14.5066],[-91.8864,14.507],[-91.8865,14.5071],[-91.8864,14.5078],[-91.8869,14.5085],[-91.8879,14.5094],[-91.8891,14.5098],[-91.89,14.5096],[-91.891,14.5093],[-91.8926,14.509],[-91.8926,14.509],[-91.8949,14.5091],[-91.898,14.5097],[-91.8997,14.5101],[-91.9009,14.51],[-91.902,14.5091],[-91.9024,14.5087],[-91.9033,14.5086],[-91.9054,14.5087],[-91.9074,14.5088],[-91.9091,14.5087],[-91.9104,14.5089],[-91.9113,14.5094],[-91.9118,14.5098],[-91.9121,14.5109],[-91.9124,14.5122],[-91.913,14.5127],[-91.9144,14.5139],[-91.915,14.5154],[-91.9157,14.5164],[-91.9166,14.5168],[-91.9181,14.5171],[-91.9211,14.517],[-91.923,14.5171],[-91.9243,14.5174],[-91.9251,14.5178],[-91.927,14.5188],[-91.9282,14.5193],[-91.931,14.5196],[-91.9326,14.5201],[-91.9352,14.5214],[-91.9375,14.5235],[-91.9387,14.524],[-91.9393,14.5238],[-91.9398,14.5236],[-91.9412,14.5227],[-91.9438,14.5215],[-91.9454,14.5205],[-91.9464,14.5203],[-91.9474,14.5203],[-91.9481,14.5207],[-91.9494,14.5217],[-91.9527,14.5244],[-91.9558,14.5266],[-91.957,14.5273],[-91.958,14.5275],[-91.9587,14.5275],[-91.9594,14.5279],[-91.9617,14.5301],[-91.964,14.5321],[-91.965,14.5325],[-91.9654,14.5326],[-91.9655,14.5326],[-91.9662,14.5328],[-91.9663,14.5328],[-91.9677,14.5329],[-91.9693,14.5332],[-91.9699,14.5335],[-91.9711,14.5339],[-91.972,14.5368],[-91.9755,14.5387],[-91.9812,14.5378],[-91.986,14.5375],[-91.9896,14.5388],[-91.9957,14.5382],[-91.9968,14.5381],[-92.0004,14.5409],[-92.007,14.5458],[-92.0153,14.5472],[-92.0246,14.5503],[-92.0253,14.5505],[-92.0321,14.5551],[-92.0345,14.5577],[-92.036,14.5594],[-92.0377,14.56],[-92.0503,14.5653],[-92.0505,14.5652],[-92.0587,14.5605],[-92.0608,14.5573],[-92.0668,14.5544],[-92.08,14.5481],[-92.0813,14.5427],[-92.0817,14.5409],[-92.0854,14.5393],[-92.0868,14.5386],[-92.1037,14.5311],[-92.1052,14.5304],[-92.1049,14.5292],[-92.1044,14.5267],[-92.106,14.5253],[-92.109,14.5228],[-92.1088,14.5161],[-92.1151,14.5096],[-92.1146,14.5047],[-92.1146,14.5044],[-92.115,14.5042],[-92.1159,14.5039],[-92.1179,14.5033],[-92.1191,14.5055],[-92.1197,14.5066],[-92.1208,14.5055],[-92.1213,14.5051],[-92.1232,14.5046],[-92.1242,14.5066],[-92.1243,14.5069],[-92.1246,14.508],[-92.125,14.5082],[-92.1257,14.5084],[-92.127,14.5088],[-92.128,14.5091],[-92.1297,14.5092],[-92.1301,14.5092],[-92.1305,14.5092],[-92.1317,14.5092],[-92.133,14.5102],[-92.1336,14.5099],[-92.1344,14.508],[-92.1362,14.5083],[-92.1363,14.5084],[-92.1377,14.5065],[-92.1393,14.507],[-92.1396,14.5068],[-92.1415,14.5038],[-92.1425,14.5037],[-92.1437,14.5009],[-92.1429,14.4996],[-92.1431,14.496],[-92.1428,14.4937],[-92.1457,14.4932],[-92.1485,14.491],[-92.1514,14.4905],[-92.1525,14.4903],[-92.1542,14.4912],[-92.1547,14.4912],[-92.1567,14.4911],[-92.157,14.4906],[-92.1573,14.49],[-92.1585,14.4907],[-92.159,14.4911],[-92.16,14.4896],[-92.1609,14.4889],[-92.1631,14.4873],[-92.1642,14.4864],[-92.1624,14.4852],[-92.16,14.4837],[-92.1567,14.4813],[-92.1539,14.4794],[-92.1504,14.477],[-92.1481,14.4753],[-92.1437,14.4724],[-92.141,14.4704],[-92.1389,14.4687],[-92.1368,14.467],[-92.134,14.4652],[-92.1324,14.4641],[-92.1302,14.4623],[-92.1295,14.4615],[-92.1285,14.4608],[-92.1273,14.4597],[-92.1273,14.4597],[-92.1265,14.4591],[-92.126,14.4587],[-92.1257,14.4584],[-92.1227,14.4564],[-92.1226,14.4563],[-92.1221,14.456],[-92.1214,14.4556],[-92.1203,14.4548],[-92.1194,14.454],[-92.1186,14.4533],[-92.1106,14.4473],[-92.1021,14.441],[-92.0987,14.4385],[-92.0956,14.4359],[-92.0938,14.4344],[-92.0916,14.4325],[-92.0892,14.4309],[-92.0876,14.4295],[-92.0852,14.4276],[-92.0835,14.4264],[-92.0817,14.4249],[-92.0766,14.4211],[-92.0626,14.4109],[-92.056,14.4061],[-92.0549,14.4052],[-92.0537,14.4042],[-92.0506,14.4016],[-92.0492,14.4001],[-92.0481,14.3993],[-92.0431,14.3957],[-92.0381,14.3918],[-92.0355,14.3898],[-92.0239,14.3807],[-92.017,14.3754],[-92.0103,14.37],[-92.007,14.3673],[-92.0052,14.3657],[-92.0004,14.362],[-91.9998,14.3614],[-91.9983,14.3625],[-91.9982,14.3628],[-91.9984,14.363],[-91.9978,14.3632],[-91.9972,14.3633],[-91.9969,14.3636],[-91.9966,14.3636],[-91.9961,14.3643],[-91.9954,14.3644],[-91.9957,14.3639],[-91.9957,14.3634],[-91.9963,14.3626],[-91.9966,14.3632],[-91.9968,14.3632],[-91.9972,14.3628],[-91.9979,14.3621],[-91.9989,14.3614],[-91.999,14.3608],[-91.9952,14.3573],[-91.9942,14.3564],[-91.9935,14.3558],[-91.9928,14.3552],[-91.9928,14.3552],[-91.9919,14.3546],[-91.9907,14.3536],[-91.9852,14.3488],[-91.9843,14.3482],[-91.9824,14.3468],[-91.9812,14.3458],[-91.9806,14.3453],[-91.977,14.3418],[-91.9765,14.3413],[-91.9761,14.3409],[-91.9746,14.3397],[-91.9744,14.3395],[-91.9744,14.3395],[-91.9739,14.3391],[-91.9715,14.337],[-91.9692,14.3352],[-91.9683,14.3346],[-91.9671,14.3336],[-91.9656,14.3325],[-91.9642,14.3313],[-91.9628,14.3301],[-91.9622,14.3295],[-91.9588,14.3265],[-91.9576,14.3255],[-91.9562,14.3243],[-91.9549,14.3231],[-91.9543,14.3224],[-91.9537,14.3218],[-91.9534,14.3215],[-91.9473,14.3168],[-91.9314,14.3059],[-91.9254,14.3017],[-91.9229,14.3002],[-91.9212,14.2991],[-91.9208,14.2983],[-91.9203,14.2977],[-91.918,14.295],[-91.9169,14.2963],[-91.917,14.2967],[-91.9172,14.2972],[-91.9166,14.298],[-91.9163,14.298],[-91.9163,14.298],[-91.9163,14.298],[-91.9156,14.2975],[-91.9148,14.297],[-91.9148,14.2969],[-91.9148,14.2969],[-91.9147,14.2966],[-91.9155,14.2957],[-91.9156,14.2958],[-91.9166,14.2946],[-91.9168,14.2947],[-91.9169,14.2947],[-91.917,14.2947],[-91.9176,14.2939],[-91.9183,14.2937],[-91.9188,14.2938],[-91.9185,14.2934],[-91.9184,14.2934],[-91.9183,14.2934],[-91.9183,14.2934],[-91.9178,14.2932],[-91.9175,14.293],[-91.9165,14.2923],[-91.916,14.292],[-91.9066,14.2857],[-91.9057,14.285],[-91.9051,14.2847],[-91.9045,14.2842],[-91.9013,14.2819],[-91.9004,14.2813],[-91.8993,14.2805],[-91.8989,14.2802],[-91.8984,14.2798],[-91.8982,14.2798],[-91.898,14.2797],[-91.8978,14.2798],[-91.8974,14.2799],[-91.8974,14.28],[-91.8974,14.28],[-91.8973,14.2807],[-91.8973,14.281],[-91.8977,14.2815],[-91.8977,14.2818],[-91.8976,14.2821],[-91.8973,14.2826],[-91.8972,14.2838],[-91.8954,14.2843],[-91.8949,14.2833],[-91.8922,14.2834],[-91.8905,14.2848],[-91.8906,14.2874],[-91.889,14.2875],[-91.888,14.2882],[-91.8874,14.2892],[-91.8866,14.2894],[-91.886,14.2923],[-91.8851,14.293],[-91.8853,14.2938],[-91.8842,14.2943],[-91.8841,14.2954],[-91.8837,14.2958],[-91.8831,14.2946],[-91.8838,14.2927],[-91.8838,14.292],[-91.8849,14.2912],[-91.8848,14.2889],[-91.8824,14.2887],[-91.8816,14.2905],[-91.8803,14.2916],[-91.88,14.2919],[-91.879,14.2917],[-91.878,14.2928],[-91.8776,14.2953],[-91.8758,14.2953],[-91.8758,14.2948],[-91.8772,14.294],[-91.8774,14.291],[-91.8804,14.2905],[-91.8812,14.2887],[-91.8829,14.2875],[-91.8866,14.287],[-91.8881,14.2861],[-91.8909,14.2801],[-91.8927,14.2803],[-91.8938,14.2809],[-91.8939,14.2802],[-91.8937,14.2799],[-91.8938,14.2793],[-91.8954,14.2803],[-91.8959,14.2803],[-91.8966,14.2799],[-91.8964,14.2792],[-91.8951,14.2779],[-91.8863,14.2719],[-91.8846,14.2717],[-91.8848,14.273],[-91.8843,14.275],[-91.8846,14.275],[-91.8846,14.2763],[-91.8843,14.2763],[-91.8841,14.2757],[-91.8838,14.2753],[-91.8836,14.2741],[-91.8841,14.2735],[-91.8843,14.2735],[-91.8843,14.2719],[-91.8777,14.273],[-91.8775,14.2727],[-91.8793,14.2719],[-91.8838,14.2715],[-91.8843,14.2701],[-91.8825,14.2691],[-91.8817,14.2678],[-91.8799,14.2671],[-91.8751,14.2639],[-91.8751,14.2644],[-91.8743,14.2647],[-91.8746,14.2678],[-91.8743,14.2677],[-91.8735,14.2651],[-91.8725,14.2654],[-91.8722,14.2667],[-91.8706,14.2664],[-91.8705,14.2695],[-91.8694,14.2706],[-91.8694,14.2713],[-91.8702,14.2721],[-91.8701,14.2749],[-91.8693,14.2752],[-91.8697,14.2731],[-91.8685,14.2715],[-91.8677,14.2716],[-91.8685,14.2698],[-91.8664,14.2698],[-91.8656,14.2744],[-91.865,14.2744],[-91.8651,14.2726],[-91.8645,14.2726],[-91.864,14.2713],[-91.8622,14.2708],[-91.862,14.2703],[-91.8637,14.2694],[-91.8648,14.2686],[-91.8659,14.2686],[-91.8678,14.2677],[-91.868,14.2667],[-91.8689,14.2662],[-91.8688,14.2649],[-91.8712,14.2651],[-91.8713,14.2641],[-91.8729,14.2634],[-91.873,14.2618],[-91.8622,14.2541],[-91.8616,14.2538],[-91.8601,14.2538],[-91.8597,14.2569],[-91.8586,14.2584],[-91.8582,14.2638],[-91.8592,14.2641],[-91.8598,14.2672],[-91.8595,14.2672],[-91.8595,14.2666],[-91.8587,14.2664],[-91.8585,14.2674],[-91.859,14.2674],[-91.859,14.2679],[-91.8579,14.2679],[-91.8578,14.2687],[-91.8582,14.2697],[-91.8566,14.2706],[-91.8553,14.27],[-91.8547,14.2746],[-91.8542,14.2746],[-91.8538,14.2723],[-91.8545,14.272],[-91.8541,14.2692],[-91.8566,14.2691],[-91.8573,14.2671],[-91.8582,14.2669],[-91.8582,14.2648],[-91.8569,14.2643],[-91.8566,14.2653],[-91.8542,14.266],[-91.8532,14.2666],[-91.8531,14.2661],[-91.856,14.2646],[-91.8562,14.2615],[-91.858,14.2579],[-91.8575,14.2574],[-91.8572,14.2576],[-91.8562,14.2578],[-91.8551,14.2594],[-91.8543,14.2597],[-91.8543,14.2591],[-91.8545,14.2591],[-91.8545,14.2589],[-91.8561,14.2576],[-91.8564,14.2576],[-91.8567,14.2572],[-91.8573,14.2573],[-91.8586,14.2556],[-91.8588,14.2538],[-91.8564,14.2522],[-91.8562,14.2532],[-91.8543,14.2546],[-91.8527,14.2548],[-91.8527,14.2561],[-91.8522,14.256],[-91.8508,14.2586],[-91.8498,14.2583],[-91.8509,14.2578],[-91.851,14.256],[-91.8506,14.255],[-91.8493,14.2547],[-91.8488,14.2565],[-91.8472,14.2564],[-91.8466,14.2569],[-91.8432,14.2563],[-91.8412,14.2604],[-91.8413,14.2617],[-91.8408,14.2618],[-91.8403,14.2623],[-91.8397,14.2622],[-91.8389,14.2637],[-91.8379,14.264],[-91.8363,14.2663],[-91.8355,14.2663],[-91.8347,14.2642],[-91.8368,14.2636],[-91.8382,14.2627],[-91.8389,14.2613],[-91.8403,14.2614],[-91.8405,14.2591],[-91.8374,14.2598],[-91.8374,14.2606],[-91.8363,14.261],[-91.8337,14.2596],[-91.8347,14.2589],[-91.8358,14.2597],[-91.8361,14.2591],[-91.8387,14.2589],[-91.8395,14.2582],[-91.8413,14.2581],[-91.8409,14.257],[-91.8411,14.2562],[-91.8416,14.2562],[-91.8424,14.2545],[-91.8379,14.2542],[-91.8379,14.2537],[-91.8432,14.2536],[-91.844,14.2521],[-91.8448,14.2519],[-91.8431,14.2545],[-91.8432,14.2551],[-91.8461,14.2546],[-91.8482,14.2542],[-91.8481,14.2532],[-91.8486,14.2527],[-91.8485,14.2519],[-91.8501,14.2526],[-91.8512,14.2526],[-91.8517,14.2531],[-91.8531,14.2527],[-91.8535,14.2521],[-91.8543,14.2521],[-91.855,14.2509],[-91.8562,14.2501],[-91.856,14.2493],[-91.8558,14.2492],[-91.8541,14.2479],[-91.8535,14.2475],[-91.8513,14.2462],[-91.8495,14.2449],[-91.8473,14.2435],[-91.8454,14.2424],[-91.8439,14.2415],[-91.8422,14.2402],[-91.8412,14.2392],[-91.8398,14.2376],[-91.8385,14.2364],[-91.837,14.2351],[-91.8362,14.2346],[-91.8347,14.2337],[-91.8338,14.2333],[-91.8329,14.2328],[-91.8323,14.2324],[-91.8311,14.2312],[-91.8293,14.2295],[-91.8266,14.2274],[-91.8251,14.2263],[-91.8239,14.2253],[-91.8207,14.2227],[-91.8194,14.2218],[-91.8175,14.2202],[-91.8163,14.2189],[-91.815,14.2174],[-91.8139,14.2162],[-91.8132,14.2155],[-91.8125,14.2148],[-91.8121,14.2143],[-91.8116,14.2138],[-91.8107,14.2131],[-91.8097,14.2121],[-91.809,14.2115],[-91.8086,14.211],[-91.8082,14.2106],[-91.8077,14.21],[-91.8067,14.209],[-91.8051,14.2074],[-91.8045,14.207],[-91.8042,14.2066],[-91.8033,14.2053],[-91.8017,14.2033],[-91.8002,14.2017],[-91.7984,14.1998],[-91.7959,14.1975],[-91.7941,14.1959],[-91.7929,14.1951],[-91.791,14.1938],[-91.7894,14.1924],[-91.7888,14.1921],[-91.7857,14.1905],[-91.7851,14.1901],[-91.7818,14.1886],[-91.7765,14.1861],[-91.7691,14.1832],[-91.7608,14.1793],[-91.7541,14.1759],[-91.7486,14.1729],[-91.7465,14.1717],[-91.7374,14.1665],[-91.7371,14.1664],[-91.735,14.1653],[-91.7328,14.1639],[-91.7294,14.1619],[-91.7274,14.1609],[-91.7268,14.1605],[-91.7259,14.1599],[-91.7245,14.1592],[-91.7244,14.1591],[-91.7233,14.1586],[-91.7232,14.1585],[-91.7226,14.1588],[-91.7217,14.1583],[-91.7213,14.1573],[-91.7201,14.1566],[-91.7195,14.1561],[-91.7181,14.1554],[-91.7172,14.1548],[-91.7161,14.1539],[-91.715,14.1532],[-91.7132,14.1522],[-91.7115,14.1513],[-91.7095,14.1503],[-91.709,14.1501],[-91.7076,14.1494],[-91.7067,14.1488],[-91.7042,14.1469],[-91.7029,14.1461],[-91.7009,14.1448],[-91.6995,14.1439],[-91.6982,14.1431],[-91.6961,14.1419],[-91.6951,14.1413],[-91.6931,14.1402],[-91.6901,14.1382],[-91.6877,14.1366],[-91.686,14.1353],[-91.6829,14.1334],[-91.6814,14.1326],[-91.6799,14.1318],[-91.6778,14.1306],[-91.675,14.1288],[-91.6737,14.1279],[-91.672,14.127],[-91.6702,14.126],[-91.6697,14.1254],[-91.669,14.1247],[-91.6684,14.125],[-91.668,14.125],[-91.6653,14.1238],[-91.6652,14.1238],[-91.6645,14.1238],[-91.6642,14.1241],[-91.6638,14.1243],[-91.6627,14.1255],[-91.6614,14.1267],[-91.6604,14.1272],[-91.6594,14.1284],[-91.6592,14.1292],[-91.6592,14.1299],[-91.6598,14.1307],[-91.6622,14.1324],[-91.6623,14.1325],[-91.6623,14.1325],[-91.6646,14.1337],[-91.6655,14.1344],[-91.6659,14.1356],[-91.6658,14.1367],[-91.6655,14.1379],[-91.6634,14.1402],[-91.6625,14.1413],[-91.6619,14.1432],[-91.6613,14.1453],[-91.66,14.1471],[-91.6582,14.1488],[-91.6567,14.1494],[-91.6566,14.1497],[-91.6565,14.1501],[-91.6563,14.1505],[-91.656,14.1509],[-91.6557,14.1511],[-91.6554,14.1512],[-91.6553,14.1512],[-91.6551,14.151],[-91.655,14.1506],[-91.6549,14.1504],[-91.6547,14.1503],[-91.6545,14.1503],[-91.6543,14.1506],[-91.6543,14.1513],[-91.6543,14.1516],[-91.6542,14.152],[-91.6539,14.1524],[-91.6525,14.1541],[-91.6521,14.1543],[-91.6508,14.1543],[-91.6506,14.1544],[-91.6506,14.1546],[-91.6509,14.1551],[-91.6511,14.1553],[-91.6515,14.1554],[-91.6518,14.1556],[-91.6519,14.1558],[-91.6519,14.156],[-91.6514,14.1563],[-91.651,14.1569],[-91.6508,14.1574],[-91.6508,14.1576],[-91.6513,14.1583],[-91.6515,14.1585],[-91.6519,14.1587],[-91.6525,14.1587],[-91.6528,14.1588],[-91.653,14.159],[-91.6531,14.1591],[-91.6533,14.1592],[-91.6534,14.1594],[-91.6534,14.1595],[-91.6532,14.1595],[-91.653,14.1595],[-91.6528,14.1596],[-91.6526,14.16],[-91.6524,14.1601],[-91.6522,14.1602],[-91.652,14.1601],[-91.6519,14.1599],[-91.6516,14.1598],[-91.6513,14.1599],[-91.651,14.16],[-91.6509,14.1605],[-91.6511,14.1607],[-91.6517,14.1612],[-91.6517,14.1614],[-91.6517,14.1615],[-91.6515,14.1616],[-91.6508,14.1617],[-91.6503,14.1619],[-91.6495,14.162],[-91.649,14.162],[-91.6488,14.1619],[-91.6486,14.162],[-91.6486,14.1625],[-91.6484,14.1628],[-91.6483,14.163],[-91.6483,14.1632],[-91.6484,14.1634],[-91.6486,14.1638],[-91.649,14.1642],[-91.6492,14.1644],[-91.6495,14.1643],[-91.6501,14.1642],[-91.6504,14.1643],[-91.6505,14.1645],[-91.6506,14.1647],[-91.6505,14.1648],[-91.6502,14.1649],[-91.6499,14.165],[-91.6496,14.165],[-91.6493,14.1649],[-91.6491,14.1649],[-91.649,14.1649],[-91.6489,14.1651],[-91.6491,14.1657],[-91.6491,14.1659],[-91.6491,14.166],[-91.649,14.1661],[-91.6488,14.1661],[-91.6484,14.1659],[-91.6482,14.1658],[-91.648,14.1658],[-91.6479,14.1658],[-91.6478,14.1661],[-91.6476,14.1664],[-91.6476,14.1665],[-91.6478,14.1666],[-91.6483,14.1664],[-91.6485,14.1664],[-91.6488,14.1666],[-91.6489,14.1668],[-91.6489,14.167],[-91.6487,14.1672],[-91.6479,14.1674],[-91.6473,14.1677],[-91.6471,14.168],[-91.6472,14.1682],[-91.6474,14.1683],[-91.6478,14.1685],[-91.6478,14.1687],[-91.6478,14.1688],[-91.6476,14.1689],[-91.6469,14.1691],[-91.6464,14.1696],[-91.6462,14.1702],[-91.6461,14.1705],[-91.6459,14.1706],[-91.6458,14.1705],[-91.6456,14.1704],[-91.6457,14.1698],[-91.6457,14.1696],[-91.6455,14.1695],[-91.6452,14.1696],[-91.6449,14.1697],[-91.6448,14.1698],[-91.6449,14.1704],[-91.6448,14.1706],[-91.6445,14.1712],[-91.6438,14.1719],[-91.6432,14.1723],[-91.6431,14.1725],[-91.6428,14.1725],[-91.6425,14.1724],[-91.6423,14.1723],[-91.6421,14.1719],[-91.642,14.1713],[-91.6418,14.1711],[-91.6416,14.171],[-91.6415,14.171],[-91.6412,14.1715],[-91.6411,14.1717],[-91.6407,14.1719],[-91.6405,14.1721],[-91.6405,14.1724],[-91.6407,14.1729],[-91.6408,14.1738],[-91.641,14.1742],[-91.6412,14.1744],[-91.6414,14.1744],[-91.6417,14.1744],[-91.6421,14.1742],[-91.6424,14.1741],[-91.6427,14.174],[-91.6434,14.1742],[-91.6441,14.1746],[-91.6444,14.1748],[-91.6447,14.1754],[-91.6448,14.1761],[-91.6447,14.1763],[-91.6446,14.1764],[-91.6442,14.1765],[-91.6438,14.1765],[-91.6435,14.1763],[-91.6432,14.1761],[-91.643,14.176],[-91.6424,14.1761],[-91.642,14.1763],[-91.6418,14.1765],[-91.6418,14.1768],[-91.6417,14.1773],[-91.6415,14.1777],[-91.6415,14.178],[-91.6416,14.1783],[-91.6417,14.1786],[-91.6419,14.1787],[-91.6421,14.1788],[-91.6424,14.1788],[-91.6428,14.1786],[-91.6431,14.1784],[-91.6434,14.1784],[-91.6444,14.1786],[-91.6447,14.1787],[-91.6449,14.1789],[-91.6448,14.1792],[-91.6446,14.1795],[-91.6446,14.18],[-91.6447,14.1805],[-91.6447,14.1807],[-91.6445,14.1813],[-91.6444,14.1816],[-91.6444,14.1818],[-91.6442,14.1819],[-91.6436,14.1819],[-91.6435,14.182],[-91.6434,14.1825],[-91.6434,14.1828],[-91.6436,14.1831],[-91.6435,14.1833],[-91.6431,14.1835],[-91.6428,14.1835],[-91.6426,14.1833],[-91.6425,14.1831],[-91.6426,14.1829],[-91.6426,14.1827],[-91.6423,14.1826],[-91.6419,14.1826],[-91.6416,14.1829],[-91.641,14.1834],[-91.6404,14.1839],[-91.64,14.1847],[-91.64,14.1849],[-91.6402,14.185],[-91.6404,14.185],[-91.6407,14.1848],[-91.6407,14.1846],[-91.6409,14.1844],[-91.6411,14.1845],[-91.6413,14.1847],[-91.6417,14.1854],[-91.6419,14.1858],[-91.642,14.1866],[-91.6422,14.187],[-91.6423,14.1873],[-91.6422,14.188],[-91.6419,14.1891],[-91.6414,14.1899],[-91.6407,14.1907],[-91.6403,14.1913],[-91.6403,14.1914],[-91.6404,14.1915],[-91.6412,14.1916],[-91.6416,14.1917],[-91.6418,14.1918],[-91.6418,14.1919],[-91.6417,14.1921],[-91.6416,14.1922],[-91.6407,14.1923],[-91.6404,14.1924],[-91.6399,14.1922],[-91.6396,14.1922],[-91.6391,14.1923],[-91.6388,14.1925],[-91.6386,14.1931],[-91.6385,14.1934],[-91.6382,14.1936],[-91.638,14.1936],[-91.6378,14.1935],[-91.6373,14.1929],[-91.6372,14.1926],[-91.637,14.1925],[-91.6368,14.1925],[-91.6366,14.1927],[-91.6363,14.1939],[-91.6362,14.1942],[-91.636,14.1943],[-91.6356,14.1944],[-91.6353,14.1945],[-91.6347,14.1952],[-91.6343,14.1956],[-91.634,14.1957],[-91.6335,14.1958],[-91.6334,14.1957],[-91.6331,14.1954],[-91.6328,14.1953],[-91.6323,14.1949],[-91.6321,14.1948],[-91.6318,14.1949],[-91.6317,14.1951],[-91.6316,14.1952],[-91.6319,14.1957],[-91.6323,14.1958],[-91.6326,14.1961],[-91.633,14.1963],[-91.633,14.1966],[-91.6329,14.1967],[-91.6328,14.197],[-91.6328,14.1974],[-91.6328,14.1978],[-91.6327,14.1982],[-91.6324,14.1988],[-91.6323,14.199],[-91.6321,14.199],[-91.6313,14.199],[-91.6309,14.199],[-91.6304,14.1991],[-91.6302,14.1992],[-91.6299,14.1992],[-91.6296,14.199],[-91.6289,14.199],[-91.6286,14.199],[-91.6284,14.1992],[-91.6283,14.1997],[-91.6281,14.2],[-91.6279,14.2006],[-91.6278,14.201],[-91.6277,14.2012],[-91.6274,14.2016],[-91.6273,14.2017],[-91.6271,14.2017],[-91.6271,14.2017],[-91.6271,14.2015],[-91.6272,14.2013],[-91.6272,14.2012],[-91.6271,14.2011],[-91.6269,14.2012],[-91.6263,14.2011],[-91.6261,14.2012],[-91.6261,14.2014],[-91.6261,14.2016],[-91.6265,14.202],[-91.6267,14.2024],[-91.6266,14.2026],[-91.6265,14.2026],[-91.6259,14.2026],[-91.6257,14.2027],[-91.6255,14.2028],[-91.6254,14.203],[-91.6256,14.2031],[-91.6262,14.2035],[-91.6266,14.2038],[-91.6266,14.204],[-91.6267,14.2042],[-91.6266,14.2044],[-91.6262,14.2046],[-91.6252,14.2048],[-91.6248,14.205],[-91.6246,14.2052],[-91.6246,14.2055],[-91.6247,14.2059],[-91.6247,14.2061],[-91.6245,14.2061],[-91.6243,14.206],[-91.6242,14.206],[-91.6241,14.2062],[-91.6241,14.2064],[-91.624,14.2066],[-91.6237,14.2068],[-91.6236,14.207],[-91.6235,14.2074],[-91.6233,14.2078],[-91.6233,14.208],[-91.6235,14.2083],[-91.6235,14.2087],[-91.6236,14.2088],[-91.6238,14.2089],[-91.624,14.2089],[-91.6243,14.2089],[-91.6245,14.2091],[-91.6247,14.2094],[-91.6247,14.2098],[-91.6247,14.2099],[-91.6242,14.2099],[-91.6241,14.21],[-91.6241,14.2102],[-91.6245,14.2106],[-91.6246,14.211],[-91.6249,14.2113],[-91.6249,14.2115],[-91.6247,14.2116],[-91.6245,14.2116],[-91.624,14.2116],[-91.6233,14.2114],[-91.623,14.2114],[-91.6225,14.2114],[-91.622,14.2116],[-91.6218,14.2118],[-91.6218,14.212],[-91.6218,14.2123],[-91.6224,14.2127],[-91.6226,14.213],[-91.6225,14.2132],[-91.6224,14.2134],[-91.6224,14.2137],[-91.6226,14.2139],[-91.623,14.2141],[-91.6231,14.2143],[-91.623,14.2145],[-91.6228,14.2146],[-91.6222,14.2145],[-91.622,14.2145],[-91.6214,14.2155],[-91.6212,14.2157],[-91.621,14.2159],[-91.621,14.2161],[-91.6212,14.2165],[-91.6212,14.2168],[-91.6211,14.217],[-91.6211,14.2173],[-91.6212,14.2175],[-91.6219,14.218],[-91.6219,14.2183],[-91.6218,14.2185],[-91.6218,14.2188],[-91.622,14.2192],[-91.622,14.2204],[-91.6219,14.2205],[-91.6216,14.2205],[-91.6214,14.2204],[-91.6211,14.2202],[-91.621,14.2201],[-91.6208,14.2201],[-91.6206,14.2202],[-91.6205,14.2209],[-91.6206,14.2212],[-91.6214,14.2213],[-91.622,14.2213],[-91.6222,14.2214],[-91.6224,14.2218],[-91.6228,14.222],[-91.623,14.2223],[-91.623,14.2228],[-91.6231,14.2234],[-91.623,14.2236],[-91.6229,14.2237],[-91.622,14.2236],[-91.6217,14.2237],[-91.6215,14.2238],[-91.6215,14.2242],[-91.622,14.2249],[-91.6221,14.2252],[-91.6221,14.2256],[-91.6218,14.2261],[-91.6212,14.2266],[-91.6208,14.227],[-91.6205,14.2274],[-91.6204,14.2277],[-91.6204,14.228],[-91.6207,14.2287],[-91.6209,14.229],[-91.6214,14.2296],[-91.6216,14.23],[-91.6221,14.2306],[-91.6224,14.231],[-91.6226,14.2313],[-91.6226,14.2314],[-91.6219,14.2315],[-91.6215,14.2315],[-91.6212,14.2317],[-91.6212,14.2319],[-91.6213,14.232],[-91.622,14.2323],[-91.6221,14.2325],[-91.6221,14.2327],[-91.6219,14.2329],[-91.6213,14.2333],[-91.6209,14.2334],[-91.6208,14.2336],[-91.6208,14.2337],[-91.621,14.234],[-91.6211,14.2344],[-91.6211,14.2347],[-91.6212,14.2351],[-91.6215,14.2353],[-91.6218,14.2354],[-91.6221,14.2354],[-91.6225,14.2352],[-91.6227,14.2353],[-91.6229,14.2353],[-91.6229,14.2356],[-91.623,14.2359],[-91.6228,14.2368],[-91.6229,14.2375],[-91.6231,14.2382],[-91.6231,14.2388],[-91.623,14.2395],[-91.6229,14.2399],[-91.6221,14.2413],[-91.6215,14.242],[-91.621,14.2425],[-91.621,14.2429],[-91.6211,14.2435],[-91.6214,14.2451],[-91.6215,14.2452],[-91.6217,14.2453],[-91.6222,14.2452],[-91.6229,14.2445],[-91.6238,14.2439],[-91.6241,14.2437],[-91.6245,14.2437],[-91.625,14.2439],[-91.6251,14.244],[-91.6251,14.2443],[-91.6252,14.2446],[-91.6255,14.2448],[-91.6257,14.2449],[-91.6259,14.2448],[-91.626,14.245],[-91.6259,14.2451],[-91.6258,14.2453],[-91.6248,14.2457],[-91.6243,14.246],[-91.6242,14.2461],[-91.6243,14.2463],[-91.6246,14.2464],[-91.6248,14.2465],[-91.6248,14.2468],[-91.6248,14.2471],[-91.6245,14.2476],[-91.624,14.2483],[-91.6227,14.2494],[-91.6225,14.2497],[-91.6225,14.2499],[-91.6227,14.2501],[-91.6234,14.2511],[-91.6237,14.2515],[-91.6238,14.2518],[-91.6236,14.2524],[-91.6233,14.2531],[-91.6233,14.2536],[-91.6236,14.2542],[-91.6241,14.2547],[-91.6242,14.255],[-91.6242,14.2551],[-91.6233,14.2556],[-91.6232,14.2558],[-91.6232,14.256],[-91.6232,14.2563],[-91.6231,14.2565],[-91.6227,14.2566],[-91.6226,14.2568],[-91.6226,14.2569],[-91.6228,14.2572],[-91.6233,14.2574],[-91.6236,14.2575],[-91.6241,14.2574],[-91.6244,14.2574],[-91.6247,14.2576],[-91.6248,14.2577],[-91.6248,14.2579],[-91.6246,14.258],[-91.6243,14.2585],[-91.6241,14.2585],[-91.624,14.2588],[-91.6245,14.2592],[-91.6247,14.2595],[-91.6246,14.2598],[-91.6243,14.2601],[-91.6243,14.2603],[-91.6246,14.2605],[-91.6257,14.2609],[-91.6258,14.2611],[-91.6258,14.2612],[-91.6255,14.2614],[-91.6254,14.2618],[-91.6252,14.2621],[-91.6253,14.2624],[-91.6256,14.2628],[-91.6257,14.2633],[-91.6256,14.2634],[-91.6255,14.2635],[-91.6254,14.2635],[-91.6245,14.2625],[-91.6242,14.2623],[-91.6238,14.2623],[-91.6229,14.2626],[-91.6226,14.2628],[-91.6224,14.2631],[-91.6224,14.2633],[-91.6225,14.2634],[-91.6229,14.2636],[-91.6232,14.264],[-91.6233,14.2641],[-91.6236,14.2642],[-91.6239,14.2643],[-91.6243,14.2647],[-91.6242,14.2649],[-91.624,14.2652],[-91.624,14.2654],[-91.6241,14.2657],[-91.6242,14.2659],[-91.6242,14.2661],[-91.6242,14.2664],[-91.6247,14.267],[-91.6247,14.2672],[-91.6246,14.2675],[-91.6241,14.2682],[-91.6239,14.2684],[-91.6236,14.2684],[-91.6233,14.2682],[-91.6231,14.2682],[-91.6229,14.2683],[-91.6228,14.2687],[-91.6226,14.2688],[-91.6224,14.269],[-91.6223,14.2691],[-91.6223,14.2694],[-91.6224,14.2698],[-91.6224,14.2701],[-91.6224,14.2702],[-91.6222,14.2702],[-91.6217,14.2698],[-91.6215,14.2696],[-91.6212,14.2695],[-91.621,14.2697],[-91.6205,14.2705],[-91.6204,14.2708],[-91.6204,14.271],[-91.6206,14.2714],[-91.6209,14.2717],[-91.6209,14.2723],[-91.6211,14.2726],[-91.621,14.2731],[-91.621,14.2733],[-91.6212,14.2734],[-91.6213,14.2736],[-91.6213,14.2738],[-91.6211,14.274],[-91.6209,14.2741],[-91.6207,14.2741],[-91.6205,14.274],[-91.62,14.2735],[-91.6196,14.2732],[-91.619,14.273],[-91.6187,14.2729],[-91.6182,14.2722],[-91.6181,14.2721],[-91.6179,14.2721],[-91.6178,14.2724],[-91.6179,14.2726],[-91.6182,14.2733],[-91.6183,14.2738],[-91.6187,14.2742],[-91.6191,14.275],[-91.6195,14.2758],[-91.6196,14.2764],[-91.62,14.2767],[-91.6202,14.2769],[-91.6202,14.277],[-91.6202,14.2772],[-91.62,14.2774],[-91.6195,14.2775],[-91.6192,14.2776],[-91.6188,14.2781],[-91.6181,14.2787],[-91.6179,14.2791],[-91.6174,14.2796],[-91.6173,14.2801],[-91.6169,14.2805],[-91.6169,14.2807],[-91.617,14.2809],[-91.6171,14.2809],[-91.6177,14.2806],[-91.6181,14.2805],[-91.6191,14.2809],[-91.6194,14.2811],[-91.6195,14.2813],[-91.6195,14.2816],[-91.6193,14.282],[-91.6193,14.2831],[-91.6192,14.2834],[-91.619,14.2835],[-91.6187,14.2839],[-91.6185,14.2842],[-91.6187,14.2846],[-91.6191,14.2848],[-91.6193,14.2851],[-91.6193,14.2854],[-91.6192,14.2855],[-91.619,14.2856],[-91.6187,14.2855],[-91.6183,14.2851],[-91.618,14.285],[-91.6178,14.2849],[-91.6176,14.2851],[-91.6172,14.2859],[-91.6171,14.2864],[-91.6168,14.2866],[-91.6163,14.2869],[-91.616,14.2869],[-91.6157,14.2868],[-91.6151,14.2862],[-91.6143,14.2859],[-91.6139,14.2857],[-91.6135,14.2857],[-91.6128,14.286],[-91.6126,14.2864],[-91.6127,14.2866],[-91.6129,14.2868],[-91.6131,14.2872],[-91.6131,14.288],[-91.6132,14.2883],[-91.6133,14.2884],[-91.6138,14.2886],[-91.6143,14.2888],[-91.6145,14.2891],[-91.6145,14.2893],[-91.6144,14.2898],[-91.6144,14.2902],[-91.6146,14.2904],[-91.6152,14.2908],[-91.6155,14.2915],[-91.6159,14.2925],[-91.6158,14.2927],[-91.6156,14.2928],[-91.6148,14.2927],[-91.614,14.2928],[-91.6136,14.2927],[-91.6129,14.2922],[-91.6125,14.2917],[-91.6123,14.2907],[-91.6123,14.2899],[-91.6121,14.2895],[-91.6118,14.2893],[-91.6112,14.2892],[-91.6108,14.2893],[-91.6106,14.2895],[-91.6106,14.2898],[-91.6107,14.2902],[-91.6107,14.2904],[-91.6106,14.2906],[-91.6101,14.291],[-91.6099,14.2914],[-91.6099,14.2917],[-91.6103,14.2925],[-91.6103,14.2928],[-91.6102,14.2931],[-91.6097,14.2935],[-91.6096,14.2939],[-91.6096,14.2943],[-91.6094,14.2947],[-91.609,14.295],[-91.6087,14.2954],[-91.6089,14.2957],[-91.61,14.2962],[-91.6103,14.2964],[-91.6106,14.297],[-91.6107,14.2975],[-91.6102,14.2996],[-91.6098,14.3],[-91.6096,14.3],[-91.6068,14.2997],[-91.6064,14.2997],[-91.6059,14.2999],[-91.6056,14.3005],[-91.6054,14.3011],[-91.6054,14.3016],[-91.6055,14.3021],[-91.6064,14.303],[-91.6072,14.3038],[-91.6073,14.3044],[-91.6075,14.3053],[-91.6074,14.3057],[-91.6074,14.3061],[-91.6077,14.3064],[-91.6079,14.3068],[-91.6079,14.3071],[-91.6073,14.3078],[-91.6071,14.3081],[-91.6064,14.3083],[-91.6061,14.3083],[-91.6058,14.3081],[-91.6056,14.3081],[-91.6052,14.3089],[-91.6052,14.3093],[-91.6055,14.31],[-91.606,14.3103],[-91.6066,14.3102],[-91.607,14.31],[-91.6074,14.3099],[-91.6076,14.31],[-91.6077,14.3103],[-91.6074,14.3114],[-91.607,14.3134],[-91.6069,14.3137],[-91.6066,14.3139],[-91.6063,14.3139],[-91.6062,14.3135],[-91.6061,14.313],[-91.6058,14.3127],[-91.6054,14.3126],[-91.6051,14.3128],[-91.6046,14.3136],[-91.6038,14.3148],[-91.6036,14.3151],[-91.6037,14.3155],[-91.6042,14.3161],[-91.6045,14.3166],[-91.6045,14.3169],[-91.6045,14.3172],[-91.6041,14.3177],[-91.6037,14.3179],[-91.6031,14.3181],[-91.6026,14.3183],[-91.6022,14.3185],[-91.6016,14.3188],[-91.6011,14.3187],[-91.6008,14.3185],[-91.6004,14.3179],[-91.6001,14.3176],[-91.5997,14.3175],[-91.599,14.3177],[-91.5987,14.318],[-91.5985,14.3182],[-91.5986,14.3187],[-91.5989,14.3191],[-91.5991,14.3195],[-91.5991,14.3198],[-91.5989,14.3202],[-91.5987,14.3202],[-91.5983,14.3201],[-91.5978,14.3197],[-91.5974,14.3195],[-91.5971,14.3195],[-91.5968,14.3198],[-91.5964,14.3201],[-91.5964,14.3204],[-91.5971,14.3212],[-91.5972,14.3216],[-91.5971,14.3219],[-91.5969,14.3222],[-91.5965,14.3224],[-91.5961,14.3225],[-91.5955,14.3223],[-91.5951,14.3224],[-91.5949,14.3226],[-91.5947,14.3233],[-91.5946,14.324],[-91.5945,14.3245],[-91.5944,14.325],[-91.5945,14.3256],[-91.5946,14.3257],[-91.595,14.3258],[-91.5958,14.3257],[-91.5961,14.3257],[-91.5963,14.326],[-91.5963,14.3263],[-91.5971,14.3267],[-91.5977,14.3271],[-91.5978,14.3274],[-91.5974,14.3283],[-91.5972,14.329],[-91.597,14.3291],[-91.5966,14.3292],[-91.5961,14.329],[-91.5956,14.3289],[-91.595,14.329],[-91.5944,14.3287],[-91.5935,14.3289],[-91.593,14.3291],[-91.593,14.3291],[-91.5929,14.3297],[-91.5929,14.33],[-91.5931,14.3301],[-91.5936,14.3301],[-91.5944,14.3302],[-91.5945,14.3302],[-91.5948,14.3303],[-91.595,14.3307],[-91.5955,14.3313],[-91.5956,14.3316],[-91.5954,14.3317],[-91.5948,14.3319],[-91.5944,14.3322],[-91.5942,14.3324],[-91.5942,14.3328],[-91.5945,14.3332],[-91.5947,14.3336],[-91.5946,14.3342],[-91.5944,14.3343],[-91.594,14.3343],[-91.5935,14.3345],[-91.5932,14.3349],[-91.5931,14.3354],[-91.5932,14.3358],[-91.5937,14.3362],[-91.5939,14.3366],[-91.5938,14.3372],[-91.5936,14.3376],[-91.593,14.3382],[-91.5928,14.3386],[-91.5926,14.3388],[-91.5921,14.3386],[-91.5915,14.3382],[-91.5907,14.3381],[-91.5893,14.3383],[-91.5885,14.339],[-91.5884,14.3393],[-91.5886,14.3399],[-91.5887,14.3402],[-91.5888,14.3404],[-91.5892,14.3408],[-91.5899,14.3411],[-91.5905,14.3411],[-91.5913,14.3414],[-91.592,14.3418],[-91.5924,14.3418],[-91.5927,14.3415],[-91.5929,14.341],[-91.5929,14.3404],[-91.5929,14.34],[-91.5931,14.3396],[-91.5936,14.3393],[-91.5938,14.3393],[-91.594,14.3392],[-91.5946,14.3394],[-91.595,14.3396],[-91.5952,14.3404],[-91.5951,14.341],[-91.5951,14.341],[-91.5951,14.3416],[-91.5952,14.3419],[-91.5955,14.3421],[-91.597,14.3426],[-91.5973,14.3426],[-91.5994,14.3436],[-91.5996,14.3436],[-91.6004,14.344],[-91.6004,14.3443],[-91.6002,14.3445],[-91.5994,14.3452],[-91.5975,14.3465],[-91.5972,14.3468],[-91.5971,14.3469],[-91.597,14.3472],[-91.5976,14.3476],[-91.5979,14.3476],[-91.5982,14.348],[-91.5988,14.3487],[-91.5992,14.3492],[-91.5992,14.3497],[-91.599,14.3502],[-91.5987,14.3508],[-91.5983,14.351],[-91.5981,14.351],[-91.5977,14.3507],[-91.5974,14.3502],[-91.5971,14.35],[-91.5966,14.3499],[-91.5961,14.35],[-91.5956,14.3506],[-91.5956,14.3507],[-91.5955,14.3511],[-91.5957,14.3514],[-91.596,14.3516],[-91.5971,14.3515],[-91.5976,14.3516],[-91.5982,14.3517],[-91.5986,14.3519],[-91.5987,14.3524],[-91.5985,14.353],[-91.5982,14.3533],[-91.5982,14.3535],[-91.5982,14.3539],[-91.5982,14.3546],[-91.5982,14.3548],[-91.5984,14.3549],[-91.599,14.355],[-91.5997,14.3553],[-91.5998,14.3553],[-91.6006,14.3562],[-91.6008,14.3566],[-91.6008,14.3571],[-91.6007,14.3575],[-91.6005,14.3578],[-91.6,14.3579],[-91.5986,14.3577],[-91.598,14.3578],[-91.5973,14.3582],[-91.596,14.359],[-91.5959,14.359],[-91.5957,14.3591],[-91.5957,14.3594],[-91.5959,14.3599],[-91.5961,14.3602],[-91.5961,14.3602],[-91.5961,14.3602],[-91.597,14.3615],[-91.5975,14.3626],[-91.5978,14.3636],[-91.598,14.3642],[-91.598,14.3646],[-91.5978,14.3648],[-91.5975,14.3648],[-91.5972,14.3648],[-91.5964,14.3646],[-91.5961,14.3645],[-91.5959,14.3646],[-91.5958,14.3649],[-91.5958,14.3653],[-91.5957,14.3661],[-91.5954,14.3669],[-91.5951,14.3679],[-91.5945,14.3688],[-91.5941,14.3696],[-91.5941,14.3702],[-91.5941,14.3706],[-91.5942,14.3715],[-91.5943,14.3717],[-91.5945,14.3717],[-91.595,14.3719],[-91.5955,14.372],[-91.5956,14.3724],[-91.5957,14.3727],[-91.595,14.3733],[-91.5944,14.3744],[-91.5942,14.375],[-91.5937,14.3759],[-91.5934,14.3761],[-91.5923,14.3765],[-91.592,14.3768],[-91.5919,14.3772],[-91.592,14.3779],[-91.5925,14.3789],[-91.5926,14.3795],[-91.5927,14.3799],[-91.5928,14.3802],[-91.5935,14.3804],[-91.5943,14.381],[-91.5946,14.3812],[-91.5955,14.382],[-91.5962,14.3831],[-91.5961,14.3834],[-91.5958,14.3836],[-91.5955,14.3836],[-91.5952,14.3835],[-91.595,14.3834],[-91.5948,14.3835],[-91.5947,14.3837],[-91.5947,14.384],[-91.5949,14.3847],[-91.5951,14.3856],[-91.595,14.386],[-91.595,14.3864],[-91.5951,14.3864],[-91.5951,14.3866],[-91.5953,14.3868],[-91.5957,14.3872],[-91.5958,14.3873],[-91.5964,14.3876],[-91.597,14.3878],[-91.5973,14.3883],[-91.5972,14.3884],[-91.597,14.3886],[-91.5966,14.3888],[-91.5963,14.3889],[-91.5959,14.3889],[-91.5952,14.3892],[-91.5946,14.39],[-91.594,14.3909],[-91.5938,14.391],[-91.5936,14.391],[-91.5935,14.3905],[-91.5933,14.3904],[-91.5931,14.3904],[-91.5918,14.3914],[-91.5909,14.392],[-91.5901,14.3923],[-91.5897,14.3924],[-91.5895,14.3925],[-91.5895,14.3928],[-91.5897,14.3931],[-91.5898,14.3934],[-91.5898,14.3942],[-91.5898,14.395],[-91.5898,14.3955],[-91.59,14.3959],[-91.5898,14.3962],[-91.5894,14.3965],[-91.589,14.3973],[-91.5882,14.3982],[-91.5882,14.3983],[-91.5881,14.3984],[-91.5883,14.3986],[-91.5888,14.3989],[-91.5891,14.399],[-91.5895,14.3993],[-91.5897,14.3996],[-91.5898,14.3999],[-91.5898,14.4004],[-91.5896,14.4007],[-91.5892,14.401],[-91.5887,14.4014],[-91.5883,14.4019],[-91.588,14.4019],[-91.5878,14.4021],[-91.5876,14.4029],[-91.5875,14.4031],[-91.587,14.4033],[-91.5861,14.404],[-91.5854,14.4043],[-91.5851,14.4047],[-91.585,14.4053],[-91.5849,14.4054],[-91.5847,14.4054],[-91.5845,14.4057],[-91.5842,14.406],[-91.5836,14.4065],[-91.5835,14.4066],[-91.5835,14.4067],[-91.5835,14.4068],[-91.5836,14.4069],[-91.584,14.4071],[-91.584,14.4073],[-91.5839,14.4075],[-91.5836,14.4076],[-91.5835,14.4077],[-91.5834,14.4079],[-91.5835,14.4082],[-91.5838,14.4083],[-91.5839,14.4084],[-91.5842,14.4086],[-91.5843,14.409],[-91.5843,14.4094],[-91.5846,14.4099],[-91.585,14.4104],[-91.5851,14.4108],[-91.585,14.411],[-91.5843,14.4114],[-91.5842,14.4116],[-91.5842,14.4116],[-91.5842,14.4116],[-91.5843,14.4119],[-91.5847,14.4121],[-91.5851,14.4122],[-91.5853,14.4123],[-91.5854,14.4126],[-91.585,14.4137],[-91.5849,14.414],[-91.5847,14.4143],[-91.5838,14.4144],[-91.5836,14.4145],[-91.5836,14.4145],[-91.5836,14.4147],[-91.5838,14.415],[-91.5842,14.4154],[-91.5845,14.416],[-91.5845,14.4163],[-91.5847,14.4166],[-91.5849,14.4168],[-91.5848,14.417],[-91.5846,14.4171],[-91.5839,14.417],[-91.5836,14.417],[-91.5833,14.4172],[-91.5833,14.4172],[-91.5832,14.4175],[-91.5832,14.4183],[-91.5832,14.4187],[-91.5835,14.4192],[-91.5835,14.4192],[-91.5838,14.4193],[-91.584,14.4194],[-91.584,14.4197],[-91.5836,14.4206],[-91.5836,14.4206],[-91.5834,14.4209],[-91.5827,14.4211],[-91.5825,14.4213],[-91.5826,14.4214],[-91.5829,14.4215],[-91.5833,14.4215],[-91.5836,14.4214],[-91.5837,14.4214],[-91.5838,14.4214],[-91.584,14.4215],[-91.5841,14.4218],[-91.584,14.4221],[-91.584,14.4225],[-91.584,14.4228],[-91.5843,14.4232],[-91.5846,14.4234],[-91.5846,14.4234],[-91.5855,14.4235],[-91.5858,14.4236],[-91.586,14.4239],[-91.5861,14.4244],[-91.5859,14.425],[-91.5856,14.4258],[-91.5851,14.4267],[-91.5846,14.4274],[-91.5839,14.4282],[-91.5836,14.4289],[-91.5836,14.4292],[-91.5838,14.4294],[-91.5841,14.4294],[-91.5843,14.4296],[-91.5843,14.43],[-91.5842,14.4303],[-91.5839,14.4306],[-91.5835,14.4313],[-91.5834,14.4318],[-91.5837,14.4322],[-91.584,14.4325],[-91.5841,14.4328],[-91.584,14.4338],[-91.584,14.4346],[-91.5842,14.4353],[-91.5845,14.4359],[-91.5845,14.4364],[-91.5843,14.4366],[-91.584,14.4367],[-91.5835,14.4368],[-91.5832,14.4368],[-91.5831,14.437],[-91.5831,14.4373],[-91.5834,14.4375],[-91.5835,14.4377],[-91.5834,14.4379],[-91.5832,14.438],[-91.583,14.4385],[-91.5829,14.4392],[-91.5828,14.4397],[-91.5825,14.44],[-91.5824,14.4404],[-91.5824,14.441],[-91.5824,14.4414],[-91.5824,14.4416],[-91.5819,14.4419],[-91.5818,14.4421],[-91.5818,14.4428],[-91.5818,14.443],[-91.5816,14.4431],[-91.5813,14.4431],[-91.5809,14.4433],[-91.5809,14.4435],[-91.5809,14.4437],[-91.5811,14.4439],[-91.5813,14.444],[-91.5815,14.4444],[-91.5815,14.4446],[-91.5814,14.445],[-91.5813,14.4453],[-91.5815,14.4457],[-91.5815,14.4465],[-91.5814,14.4468],[-91.581,14.4473],[-91.581,14.4475],[-91.5812,14.4477],[-91.5817,14.4478],[-91.5819,14.4479],[-91.5819,14.4481],[-91.5818,14.4484],[-91.5808,14.4495],[-91.5807,14.4498],[-91.5808,14.4501],[-91.5811,14.4503],[-91.5813,14.4505],[-91.5813,14.4508],[-91.5813,14.451],[-91.581,14.4513],[-91.5807,14.4518],[-91.5806,14.4522],[-91.5809,14.4528],[-91.581,14.4534],[-91.5811,14.4539],[-91.581,14.4545],[-91.581,14.4546],[-91.581,14.4549],[-91.5811,14.4551],[-91.5813,14.4552],[-91.5818,14.4554],[-91.5819,14.4555],[-91.582,14.4558],[-91.5819,14.4561],[-91.5814,14.4563],[-91.5814,14.4564],[-91.5813,14.4566],[-91.5813,14.4569],[-91.5816,14.4572],[-91.5816,14.4573],[-91.5824,14.4577],[-91.5824,14.4579],[-91.5823,14.4581],[-91.5818,14.4583],[-91.5817,14.4585],[-91.5819,14.4589],[-91.5819,14.4591],[-91.5818,14.4593],[-91.5814,14.4595],[-91.5814,14.4595],[-91.5813,14.4597],[-91.5812,14.4601],[-91.5813,14.4604],[-91.5815,14.461],[-91.5817,14.4611],[-91.5821,14.4613],[-91.5826,14.4615],[-91.5832,14.4619],[-91.5834,14.4621],[-91.5834,14.4623],[-91.583,14.4627],[-91.5828,14.463],[-91.5829,14.4632],[-91.5836,14.4637],[-91.5838,14.4639],[-91.5836,14.4641],[-91.583,14.4644],[-91.5829,14.4647],[-91.583,14.4651],[-91.5833,14.4654],[-91.5834,14.4656],[-91.5832,14.4658],[-91.5823,14.466],[-91.5819,14.4662],[-91.5814,14.4669],[-91.5813,14.4674],[-91.5814,14.4676],[-91.5814,14.4678],[-91.5812,14.4682],[-91.5811,14.4686],[-91.5812,14.4691],[-91.5812,14.4693],[-91.581,14.4697],[-91.581,14.4703],[-91.5813,14.4713],[-91.5813,14.4726],[-91.5814,14.4729],[-91.5814,14.4731],[-91.5814,14.4732],[-91.5815,14.4733],[-91.582,14.4741],[-91.5821,14.4742],[-91.5823,14.4745],[-91.5826,14.4748],[-91.5828,14.4749],[-91.583,14.4749],[-91.5832,14.4748],[-91.5833,14.4748],[-91.5834,14.4748],[-91.5835,14.475],[-91.5835,14.4752],[-91.5833,14.476],[-91.5828,14.4771],[-91.5828,14.4773],[-91.5828,14.4774],[-91.5829,14.4776],[-91.5831,14.4781],[-91.5832,14.4784],[-91.5833,14.479],[-91.5833,14.479],[-91.5833,14.4793],[-91.5832,14.4794],[-91.5826,14.4803],[-91.582,14.4807],[-91.5819,14.4808],[-91.5818,14.4812],[-91.5817,14.4813],[-91.5816,14.4814],[-91.5815,14.4814],[-91.5813,14.4813],[-91.5812,14.4812],[-91.581,14.481],[-91.581,14.481],[-91.5809,14.481],[-91.5807,14.4812],[-91.5806,14.4815],[-91.5804,14.4819],[-91.5805,14.4821],[-91.5806,14.4824],[-91.5806,14.4826],[-91.5806,14.4827],[-91.5804,14.4829],[-91.5803,14.4831],[-91.5802,14.4832],[-91.5801,14.4833],[-91.5801,14.4833],[-91.5801,14.4835],[-91.5802,14.4835],[-91.5803,14.4836],[-91.5804,14.4836],[-91.5806,14.4836],[-91.581,14.4835],[-91.5812,14.4835],[-91.5812,14.4835],[-91.5813,14.4837],[-91.5812,14.4839],[-91.5811,14.484],[-91.581,14.4841],[-91.5806,14.4843],[-91.5805,14.4845],[-91.5804,14.4848],[-91.5804,14.4849],[-91.5804,14.485],[-91.5805,14.4854],[-91.5804,14.4856],[-91.5804,14.4858],[-91.5806,14.486],[-91.5806,14.4861],[-91.5806,14.4864],[-91.5808,14.4867],[-91.5808,14.4869],[-91.5808,14.4869],[-91.5807,14.4871],[-91.5803,14.4872],[-91.5803,14.4873],[-91.5802,14.4875],[-91.5802,14.4877],[-91.5803,14.4878],[-91.5804,14.4881],[-91.5804,14.4883],[-91.5804,14.4884],[-91.5806,14.489],[-91.5807,14.4891],[-91.5807,14.4891],[-91.5812,14.4893],[-91.5817,14.4893],[-91.5817,14.4893],[-91.5819,14.4893],[-91.582,14.4892],[-91.5821,14.4889],[-91.5822,14.4886],[-91.5822,14.4885],[-91.5824,14.4885],[-91.5824,14.4885],[-91.5827,14.4885],[-91.5828,14.4886],[-91.5829,14.4887],[-91.583,14.4889],[-91.583,14.4891],[-91.583,14.4893],[-91.583,14.4895],[-91.5824,14.4902],[-91.5823,14.4904],[-91.5822,14.4907],[-91.5822,14.4909],[-91.5822,14.491],[-91.5825,14.4912],[-91.5826,14.4913],[-91.5826,14.4915],[-91.5826,14.4915],[-91.5827,14.4918],[-91.5829,14.4922],[-91.5834,14.4926],[-91.5837,14.4927],[-91.5842,14.4929],[-91.5845,14.4932],[-91.5846,14.4933],[-91.5847,14.494],[-91.5847,14.4942],[-91.5843,14.4947],[-91.5842,14.495],[-91.5837,14.4958],[-91.5836,14.4961],[-91.5835,14.4962],[-91.5835,14.4965],[-91.5837,14.4971],[-91.5837,14.4976],[-91.5836,14.4977],[-91.5836,14.4978],[-91.5833,14.498],[-91.5828,14.4982],[-91.5827,14.4982],[-91.5825,14.4982],[-91.5824,14.4982],[-91.5823,14.4983],[-91.5822,14.4983],[-91.5822,14.4985],[-91.5823,14.499],[-91.5823,14.4991],[-91.5824,14.4992],[-91.5824,14.4993],[-91.5822,14.4995],[-91.5817,14.5002],[-91.5814,14.5007],[-91.5813,14.5009],[-91.5813,14.501],[-91.5813,14.5012],[-91.5813,14.5014],[-91.5814,14.5017],[-91.5816,14.502],[-91.5819,14.5024],[-91.5821,14.5026],[-91.5825,14.5029],[-91.5829,14.5028],[-91.5834,14.5027],[-91.5836,14.5027],[-91.5837,14.5028],[-91.5838,14.5029],[-91.5838,14.5031],[-91.5838,14.5033],[-91.5837,14.5035],[-91.5836,14.5036],[-91.5833,14.5038],[-91.5825,14.5039],[-91.5824,14.504],[-91.5825,14.5043],[-91.5831,14.5056],[-91.5831,14.5058],[-91.5825,14.5062],[-91.5823,14.5064],[-91.5823,14.5065],[-91.5824,14.5068],[-91.5829,14.5078],[-91.5828,14.5081],[-91.5829,14.509],[-91.5829,14.5102],[-91.583,14.5104],[-91.5829,14.5112],[-91.5827,14.5118],[-91.5827,14.5119],[-91.5827,14.5125],[-91.5828,14.5134],[-91.5828,14.5135],[-91.5829,14.5136],[-91.5833,14.5142],[-91.5834,14.5149],[-91.5834,14.515],[-91.5835,14.5151],[-91.5837,14.5151],[-91.5841,14.5148],[-91.5842,14.5148],[-91.5843,14.5148],[-91.5844,14.515],[-91.5842,14.5165],[-91.5841,14.5183],[-91.5841,14.5184],[-91.584,14.5189],[-91.584,14.519],[-91.584,14.5191],[-91.5846,14.5196],[-91.5847,14.5197],[-91.5851,14.5202],[-91.5868,14.5228],[-91.5871,14.5234],[-91.5872,14.5249],[-91.5872,14.5255],[-91.5873,14.5258],[-91.5879,14.527],[-91.588,14.5273],[-91.588,14.5274],[-91.5879,14.5276],[-91.5879,14.5276],[-91.5876,14.5278],[-91.5873,14.5278],[-91.587,14.5276],[-91.5869,14.5276],[-91.5869,14.5276],[-91.5868,14.5277],[-91.5867,14.5278],[-91.5867,14.5279],[-91.5867,14.5283],[-91.5868,14.5285],[-91.5872,14.5289],[-91.5871,14.5291],[-91.5868,14.5293],[-91.5867,14.5294],[-91.5867,14.5295],[-91.5868,14.5297],[-91.5875,14.5302],[-91.5881,14.5309],[-91.5882,14.531],[-91.5883,14.531],[-91.5887,14.5308],[-91.5888,14.5308],[-91.5889,14.531],[-91.5891,14.5315],[-91.5891,14.5319],[-91.5891,14.5324],[-91.5891,14.5326],[-91.5885,14.5336],[-91.5884,14.5338],[-91.5884,14.5342],[-91.5885,14.5343],[-91.5886,14.5345],[-91.5889,14.5347],[-91.5891,14.5351],[-91.5892,14.5359],[-91.5892,14.5365],[-91.589,14.5376],[-91.5888,14.538],[-91.5881,14.5389],[-91.5879,14.5393],[-91.5876,14.5404],[-91.5875,14.5405],[-91.5866,14.5409],[-91.5862,14.5412],[-91.5858,14.5418],[-91.5852,14.5428],[-91.5848,14.5438],[-91.5839,14.5462],[-91.5839,14.5469],[-91.5837,14.5474],[-91.5836,14.5478],[-91.5829,14.5488],[-91.5827,14.549],[-91.5826,14.55],[-91.5823,14.5507],[-91.5822,14.5508],[-91.5819,14.551],[-91.5818,14.5511],[-91.5818,14.5511],[-91.5818,14.5512],[-91.5817,14.5513],[-91.5815,14.5515],[-91.5814,14.5515],[-91.5813,14.5516],[-91.5814,14.5518],[-91.5814,14.5519],[-91.5815,14.552],[-91.5818,14.5526],[-91.582,14.553],[-91.582,14.5532],[-91.5819,14.5534],[-91.5819,14.5535],[-91.5816,14.5537],[-91.5813,14.5537],[-91.5812,14.5537],[-91.5811,14.5538],[-91.5809,14.5542],[-91.5809,14.5544],[-91.581,14.5545],[-91.5811,14.5546],[-91.5813,14.5547],[-91.5813,14.5547],[-91.5814,14.5549],[-91.5814,14.555],[-91.5809,14.5553],[-91.5805,14.5554],[-91.5804,14.5554],[-91.5805,14.5555],[-91.5807,14.5559],[-91.5807,14.556],[-91.5802,14.5562],[-91.5801,14.5563],[-91.5794,14.5572],[-91.5789,14.5574],[-91.5788,14.5576],[-91.5787,14.5577],[-91.5788,14.5579],[-91.5789,14.5581],[-91.5789,14.5583],[-91.5788,14.5586],[-91.578,14.5588],[-91.5779,14.5588],[-91.5778,14.5589],[-91.5778,14.5591],[-91.5779,14.5602],[-91.5778,14.5609],[-91.5776,14.5612],[-91.5776,14.5612],[-91.5775,14.5619],[-91.5772,14.5629],[-91.5771,14.5632],[-91.5769,14.5636],[-91.5769,14.5641],[-91.5769,14.5643],[-91.5769,14.5645],[-91.577,14.5646],[-91.5772,14.5646],[-91.5773,14.5647],[-91.5772,14.565],[-91.5772,14.5652],[-91.5772,14.5656],[-91.5772,14.5657],[-91.577,14.5658],[-91.5769,14.566],[-91.5767,14.5663],[-91.5767,14.5666],[-91.5767,14.5675],[-91.5766,14.5681],[-91.5765,14.5682],[-91.5762,14.5684],[-91.5761,14.5686],[-91.5762,14.5689],[-91.5763,14.5697],[-91.5763,14.5698],[-91.5763,14.57],[-91.5762,14.57],[-91.576,14.5701],[-91.5759,14.5701],[-91.5753,14.5701],[-91.5753,14.5702],[-91.5752,14.5702],[-91.5752,14.5703],[-91.5753,14.5706],[-91.5754,14.5706],[-91.5756,14.5709],[-91.5757,14.571],[-91.5757,14.5711],[-91.5756,14.5712],[-91.5755,14.5713],[-91.5752,14.5715],[-91.5751,14.5718],[-91.5751,14.5721],[-91.5752,14.5724],[-91.5752,14.5727],[-91.5752,14.5727],[-91.5751,14.5727],[-91.5748,14.5728],[-91.5744,14.5729],[-91.5743,14.5729],[-91.5742,14.573],[-91.5742,14.573],[-91.5743,14.5731],[-91.5745,14.5733],[-91.5746,14.5735],[-91.5746,14.5738],[-91.5745,14.5739],[-91.5744,14.5739],[-91.5738,14.5741],[-91.5738,14.5742],[-91.5738,14.5744],[-91.5738,14.5744],[-91.5738,14.5745],[-91.5743,14.575],[-91.5744,14.5751],[-91.5744,14.5753],[-91.5743,14.5755],[-91.5742,14.5756],[-91.5737,14.5755],[-91.5736,14.5755],[-91.5736,14.5755],[-91.5734,14.5756],[-91.5733,14.5759],[-91.5733,14.5764],[-91.5733,14.5772],[-91.5732,14.5775],[-91.573,14.5818],[-91.573,14.5859],[-91.5722,14.5895],[-91.5721,14.5971],[-91.5706,14.6041],[-91.5683,14.6075],[-91.566,14.6105],[-91.5646,14.6225],[-91.563,14.6302],[-91.5613,14.6335],[-91.561,14.634],[-91.5567,14.639],[-91.5563,14.6398],[-91.5536,14.6443],[-91.5505,14.6501],[-91.5472,14.6545],[-91.5464,14.6556],[-91.5453,14.656],[-91.5442,14.6565],[-91.5414,14.6568],[-91.5336,14.6632],[-91.5276,14.6659],[-91.5229,14.6687],[-91.52,14.6714],[-91.5174,14.6755],[-91.5207,14.68],[-91.5225,14.6824]]]}},{"type":"Feature","properties":{"name":"Baja Verapaz","id":"GT-BV"},"geometry":{"type":"Polygon","coordinates":[[[-90.4849,15.2832],[-90.4881,15.2752],[-90.4924,15.2743],[-90.4927,15.271],[-90.4906,15.2695],[-90.491,15.2665],[-90.4916,15.2664],[-90.4951,15.2637],[-90.4966,15.2611],[-90.4977,15.2591],[-90.5021,15.2574],[-90.506,15.2558],[-90.5087,15.2471],[-90.5158,15.2427],[-90.5154,15.2383],[-90.5221,15.235],[-90.5228,15.2303],[-90.5234,15.2239],[-90.5265,15.2211],[-90.5281,15.2162],[-90.5315,15.212],[-90.5317,15.212],[-90.5373,15.2069],[-90.542,15.2047],[-90.5478,15.2038],[-90.5533,15.2023],[-90.5551,15.2022],[-90.5584,15.2021],[-90.5617,15.2033],[-90.5664,15.2071],[-90.5714,15.2114],[-90.5764,15.2091],[-90.5844,15.2089],[-90.5866,15.2125],[-90.59,15.2137],[-90.5918,15.2068],[-90.5955,15.2049],[-90.596,15.2037],[-90.5992,15.1988],[-90.6042,15.1993],[-90.6073,15.2027],[-90.6094,15.2065],[-90.6136,15.2068],[-90.6173,15.2057],[-90.6209,15.2056],[-90.6263,15.2068],[-90.6274,15.2092],[-90.6333,15.2115],[-90.6352,15.2071],[-90.6426,15.2072],[-90.6438,15.2118],[-90.6478,15.2112],[-90.6514,15.2087],[-90.6577,15.2058],[-90.66,15.2073],[-90.6673,15.2068],[-90.6747,15.2054],[-90.6794,15.2056],[-90.6829,15.2037],[-90.691,15.2052],[-90.6968,15.2048],[-90.7042,15.2073],[-90.7112,15.2044],[-90.7179,15.2075],[-90.7221,15.2048],[-90.7264,15.2065],[-90.7286,15.205],[-90.7332,15.2048],[-90.7361,15.2124],[-90.7466,15.218],[-90.7524,15.2213],[-90.7588,15.2193],[-90.7631,15.2216],[-90.7633,15.2217],[-90.7644,15.2216],[-90.7772,15.2199],[-90.7783,15.222],[-90.7835,15.2323],[-90.7877,15.2342],[-90.789,15.2348],[-90.7916,15.2376],[-90.8035,15.2324],[-90.809,15.2352],[-90.8058,15.1536],[-90.8058,15.1526],[-90.7787,15.1066],[-90.7763,15.1025],[-90.75,15.064],[-90.6556,14.997],[-90.6542,14.996],[-90.6551,14.9906],[-90.6528,14.9877],[-90.6556,14.9867],[-90.6575,14.9859],[-90.6578,14.984],[-90.6589,14.9777],[-90.6589,14.9773],[-90.6602,14.9676],[-90.6602,14.9676],[-90.6603,14.966],[-90.6604,14.9642],[-90.6602,14.9632],[-90.6585,14.9606],[-90.6556,14.9557],[-90.6488,14.9534],[-90.6477,14.9531],[-90.6461,14.9526],[-90.6421,14.9465],[-90.6409,14.9384],[-90.6409,14.9382],[-90.6374,14.9331],[-90.6355,14.9303],[-90.6363,14.9264],[-90.6366,14.9249],[-90.634,14.923],[-90.6323,14.9217],[-90.63,14.9199],[-90.6196,14.9162],[-90.6166,14.9151],[-90.6166,14.9148],[-90.6158,14.9117],[-90.6153,14.9092],[-90.6149,14.9075],[-90.6149,14.9073],[-90.6151,14.9015],[-90.6183,14.898],[-90.621,14.8912],[-90.6222,14.8881],[-90.6226,14.8879],[-90.6232,14.888],[-90.6239,14.8881],[-90.6245,14.8881],[-90.6248,14.8881],[-90.6249,14.8881],[-90.6249,14.8878],[-90.6247,14.8875],[-90.6246,14.887],[-90.6245,14.8866],[-90.6235,14.8866],[-90.6225,14.8863],[-90.6224,14.8862],[-90.6217,14.886],[-90.6213,14.8854],[-90.621,14.8848],[-90.6209,14.8844],[-90.6208,14.8835],[-90.6208,14.8828],[-90.6207,14.8822],[-90.6206,14.8813],[-90.6206,14.8808],[-90.6204,14.88],[-90.6202,14.879],[-90.6196,14.8775],[-90.6192,14.877],[-90.6181,14.8758],[-90.6176,14.8754],[-90.6175,14.8753],[-90.6166,14.8751],[-90.6157,14.8753],[-90.6157,14.8753],[-90.6152,14.8755],[-90.6147,14.8758],[-90.6142,14.8762],[-90.6136,14.8766],[-90.6129,14.8768],[-90.6121,14.8772],[-90.6116,14.8777],[-90.6106,14.8789],[-90.6093,14.8797],[-90.6083,14.88],[-90.6072,14.8802],[-90.6064,14.88],[-90.6057,14.8797],[-90.6051,14.8791],[-90.6042,14.8782],[-90.6039,14.8779],[-90.6031,14.8769],[-90.6027,14.8766],[-90.6023,14.8764],[-90.6022,14.8763],[-90.6015,14.8761],[-90.6005,14.876],[-90.6,14.8759],[-90.5992,14.8754],[-90.5986,14.8751],[-90.5981,14.8747],[-90.5978,14.8742],[-90.5971,14.8739],[-90.5964,14.8736],[-90.5954,14.8731],[-90.5949,14.8726],[-90.5942,14.8722],[-90.5934,14.872],[-90.5927,14.8718],[-90.5922,14.8715],[-90.5917,14.8712],[-90.5911,14.8709],[-90.5906,14.8707],[-90.5902,14.8708],[-90.59,14.8713],[-90.59,14.8715],[-90.5898,14.872],[-90.5898,14.8725],[-90.5898,14.8728],[-90.5897,14.8733],[-90.5895,14.8738],[-90.5892,14.8743],[-90.5889,14.8747],[-90.5884,14.8748],[-90.5876,14.8748],[-90.5868,14.8744],[-90.5859,14.8737],[-90.5856,14.8734],[-90.5851,14.8727],[-90.5845,14.8722],[-90.5833,14.8717],[-90.5818,14.8708],[-90.581,14.8704],[-90.5805,14.8701],[-90.58,14.8699],[-90.5794,14.8695],[-90.5789,14.8694],[-90.5785,14.8695],[-90.5783,14.8697],[-90.5783,14.8701],[-90.5782,14.8704],[-90.5777,14.8707],[-90.5774,14.8709],[-90.5774,14.8713],[-90.5772,14.8716],[-90.5767,14.8718],[-90.5763,14.8716],[-90.5759,14.8713],[-90.5753,14.8711],[-90.5748,14.8712],[-90.5739,14.8712],[-90.5732,14.8714],[-90.5723,14.8717],[-90.5715,14.872],[-90.5699,14.8729],[-90.5687,14.8734],[-90.5679,14.8742],[-90.5673,14.8747],[-90.5667,14.8755],[-90.5663,14.8761],[-90.5658,14.8765],[-90.565,14.8766],[-90.5646,14.8762],[-90.5642,14.8755],[-90.564,14.8748],[-90.564,14.8747],[-90.5639,14.8741],[-90.564,14.8735],[-90.5642,14.873],[-90.564,14.8726],[-90.5639,14.8723],[-90.5638,14.8723],[-90.5634,14.8722],[-90.5626,14.8722],[-90.5616,14.8727],[-90.5606,14.8733],[-90.56,14.8738],[-90.5592,14.8746],[-90.5581,14.8752],[-90.5574,14.8752],[-90.5568,14.8749],[-90.5562,14.8747],[-90.5555,14.8746],[-90.5548,14.8749],[-90.5534,14.8761],[-90.5526,14.8766],[-90.5519,14.8768],[-90.5514,14.8766],[-90.5508,14.8765],[-90.55,14.8765],[-90.5494,14.8766],[-90.5488,14.8769],[-90.5484,14.8774],[-90.5482,14.8778],[-90.5474,14.8782],[-90.5469,14.8787],[-90.5465,14.8795],[-90.5461,14.8801],[-90.5459,14.8806],[-90.5455,14.8811],[-90.5451,14.8816],[-90.5444,14.8824],[-90.5439,14.8829],[-90.5433,14.8834],[-90.5428,14.8835],[-90.5421,14.8834],[-90.5417,14.8833],[-90.5412,14.8831],[-90.54,14.8828],[-90.5399,14.8828],[-90.5396,14.8828],[-90.539,14.8829],[-90.5389,14.8829],[-90.5384,14.8831],[-90.5382,14.8834],[-90.5382,14.8837],[-90.5382,14.8841],[-90.5382,14.8843],[-90.5381,14.8847],[-90.538,14.8851],[-90.5378,14.8856],[-90.5376,14.8861],[-90.5372,14.8864],[-90.5368,14.8863],[-90.5365,14.886],[-90.536,14.8858],[-90.5355,14.8857],[-90.5352,14.8856],[-90.5351,14.8854],[-90.5345,14.8853],[-90.5339,14.8855],[-90.5339,14.8855],[-90.5334,14.8855],[-90.5328,14.8856],[-90.5322,14.8855],[-90.5317,14.8853],[-90.5312,14.8851],[-90.5308,14.8849],[-90.5306,14.8845],[-90.5303,14.8841],[-90.5295,14.8836],[-90.5287,14.8833],[-90.5282,14.8833],[-90.5276,14.8835],[-90.5273,14.8837],[-90.5271,14.8839],[-90.5267,14.8843],[-90.5261,14.8849],[-90.5258,14.8853],[-90.5253,14.8857],[-90.5249,14.8861],[-90.5249,14.8861],[-90.5245,14.8865],[-90.524,14.8869],[-90.5235,14.8872],[-90.5228,14.8872],[-90.5225,14.8872],[-90.5219,14.887],[-90.5211,14.8867],[-90.5205,14.8864],[-90.5199,14.8864],[-90.5193,14.8866],[-90.5186,14.8868],[-90.5177,14.887],[-90.5169,14.8871],[-90.5163,14.887],[-90.5155,14.887],[-90.5149,14.8872],[-90.5137,14.8878],[-90.5127,14.888],[-90.5119,14.8881],[-90.5112,14.8882],[-90.5104,14.8883],[-90.5095,14.8886],[-90.5088,14.8889],[-90.5082,14.8895],[-90.5076,14.8901],[-90.5069,14.8906],[-90.5062,14.8911],[-90.5055,14.8913],[-90.5044,14.8918],[-90.5035,14.8922],[-90.5027,14.8924],[-90.5024,14.8924],[-90.5018,14.8927],[-90.5011,14.8932],[-90.5003,14.8939],[-90.4992,14.8945],[-90.4986,14.8948],[-90.4985,14.8948],[-90.4982,14.8949],[-90.4976,14.8948],[-90.4972,14.8945],[-90.4966,14.8941],[-90.4959,14.8937],[-90.4955,14.8933],[-90.4952,14.8929],[-90.4952,14.8929],[-90.4948,14.8927],[-90.4945,14.8929],[-90.4943,14.8932],[-90.4942,14.8937],[-90.4942,14.8938],[-90.4942,14.8941],[-90.4942,14.8946],[-90.4942,14.895],[-90.494,14.8953],[-90.4934,14.8955],[-90.493,14.8955],[-90.4926,14.8953],[-90.4924,14.8949],[-90.4922,14.8944],[-90.4921,14.894],[-90.4919,14.8935],[-90.4918,14.893],[-90.4919,14.8925],[-90.4919,14.8919],[-90.4919,14.8912],[-90.4915,14.8905],[-90.4914,14.8903],[-90.4912,14.8898],[-90.4908,14.8893],[-90.4904,14.8887],[-90.4902,14.8886],[-90.4898,14.8882],[-90.4892,14.8878],[-90.4885,14.8877],[-90.4878,14.8876],[-90.4868,14.8878],[-90.4861,14.8878],[-90.4851,14.8877],[-90.4846,14.8874],[-90.484,14.8869],[-90.4835,14.8864],[-90.4829,14.8851],[-90.4825,14.8841],[-90.4822,14.8838],[-90.4818,14.8836],[-90.481,14.8838],[-90.4803,14.884],[-90.4794,14.8843],[-90.4787,14.8844],[-90.4781,14.8841],[-90.4774,14.8833],[-90.4767,14.8825],[-90.4762,14.8817],[-90.4757,14.8809],[-90.4752,14.88],[-90.4747,14.8793],[-90.4741,14.8791],[-90.4734,14.8789],[-90.4722,14.879],[-90.4713,14.8791],[-90.4703,14.8794],[-90.4696,14.8795],[-90.4692,14.8797],[-90.4689,14.8799],[-90.4686,14.8803],[-90.4683,14.8806],[-90.4678,14.8809],[-90.4674,14.8812],[-90.4668,14.8816],[-90.4666,14.8818],[-90.4664,14.882],[-90.4658,14.8825],[-90.4652,14.8829],[-90.4648,14.8831],[-90.4645,14.8832],[-90.4641,14.8832],[-90.4638,14.8832],[-90.4633,14.8831],[-90.4628,14.8829],[-90.4622,14.8827],[-90.4616,14.8825],[-90.4611,14.8825],[-90.4605,14.8825],[-90.4599,14.8826],[-90.4595,14.8827],[-90.459,14.8829],[-90.4582,14.883],[-90.4576,14.8831],[-90.4573,14.883],[-90.457,14.8826],[-90.4567,14.8821],[-90.4564,14.8818],[-90.4559,14.8816],[-90.4556,14.8815],[-90.4551,14.8816],[-90.4548,14.8815],[-90.4544,14.8815],[-90.4541,14.8816],[-90.4538,14.8818],[-90.4534,14.882],[-90.4529,14.8822],[-90.4522,14.8821],[-90.4518,14.882],[-90.4512,14.8818],[-90.4507,14.8817],[-90.4502,14.8817],[-90.4498,14.8819],[-90.4493,14.8822],[-90.449,14.8825],[-90.4487,14.8827],[-90.4484,14.8828],[-90.4479,14.8829],[-90.4474,14.8829],[-90.4471,14.883],[-90.4466,14.8831],[-90.4461,14.8831],[-90.4457,14.8828],[-90.4454,14.8826],[-90.4449,14.8824],[-90.4444,14.8825],[-90.4439,14.8826],[-90.4434,14.8826],[-90.4403,14.8837],[-90.4398,14.8843],[-90.4394,14.8845],[-90.4386,14.8846],[-90.4384,14.8847],[-90.4374,14.885],[-90.4369,14.8852],[-90.4362,14.8854],[-90.4361,14.8855],[-90.4357,14.8857],[-90.4353,14.8859],[-90.4351,14.886],[-90.4349,14.8863],[-90.4348,14.8867],[-90.4349,14.8869],[-90.4353,14.8869],[-90.4357,14.887],[-90.4361,14.8871],[-90.4367,14.8874],[-90.437,14.8876],[-90.4374,14.8878],[-90.4375,14.888],[-90.4376,14.8881],[-90.4375,14.8885],[-90.4372,14.8892],[-90.4365,14.8899],[-90.4359,14.8906],[-90.4354,14.891],[-90.4352,14.8911],[-90.4349,14.8916],[-90.4349,14.8922],[-90.435,14.8928],[-90.4349,14.8934],[-90.4348,14.8941],[-90.4348,14.895],[-90.435,14.8952],[-90.4354,14.8956],[-90.4357,14.896],[-90.4358,14.8966],[-90.4358,14.8975],[-90.4357,14.8981],[-90.4358,14.8989],[-90.4358,14.8994],[-90.4355,14.9002],[-90.4351,14.9008],[-90.4346,14.9014],[-90.4346,14.9015],[-90.4345,14.902],[-90.4346,14.9023],[-90.4345,14.903],[-90.4344,14.9034],[-90.4343,14.9035],[-90.4344,14.9039],[-90.4344,14.9041],[-90.4344,14.9045],[-90.4345,14.9049],[-90.4345,14.9053],[-90.4342,14.9054],[-90.4342,14.9054],[-90.4339,14.9056],[-90.4339,14.9059],[-90.4337,14.9067],[-90.4336,14.9073],[-90.4335,14.9077],[-90.4334,14.9077],[-90.4333,14.908],[-90.4332,14.9088],[-90.4329,14.9093],[-90.4326,14.9095],[-90.4323,14.9097],[-90.4316,14.9098],[-90.4306,14.9099],[-90.43,14.91],[-90.4294,14.9101],[-90.4287,14.9103],[-90.4285,14.9104],[-90.4281,14.9106],[-90.4279,14.9109],[-90.4278,14.9113],[-90.4275,14.912],[-90.4274,14.9124],[-90.4272,14.9128],[-90.4268,14.9132],[-90.4262,14.9137],[-90.4258,14.9142],[-90.4255,14.9146],[-90.4248,14.915],[-90.4243,14.9151],[-90.4236,14.915],[-90.4232,14.9148],[-90.4228,14.9146],[-90.4224,14.9143],[-90.422,14.914],[-90.4217,14.9135],[-90.4215,14.9132],[-90.4213,14.9129],[-90.421,14.9127],[-90.4205,14.9124],[-90.4202,14.9123],[-90.4196,14.9124],[-90.4189,14.9125],[-90.4185,14.9123],[-90.4181,14.912],[-90.4178,14.9118],[-90.4173,14.9115],[-90.4165,14.9113],[-90.4155,14.9111],[-90.4141,14.9109],[-90.4132,14.9109],[-90.4122,14.911],[-90.4113,14.9111],[-90.4105,14.911],[-90.4099,14.9108],[-90.4092,14.9106],[-90.4085,14.9104],[-90.4076,14.9098],[-90.4071,14.9096],[-90.4068,14.9093],[-90.4066,14.909],[-90.4066,14.9087],[-90.4067,14.9085],[-90.4069,14.9081],[-90.407,14.9079],[-90.4071,14.9075],[-90.4071,14.9072],[-90.4071,14.907],[-90.4072,14.9067],[-90.4072,14.9063],[-90.4071,14.906],[-90.4072,14.9056],[-90.4073,14.9052],[-90.4075,14.9049],[-90.4076,14.9046],[-90.4075,14.9043],[-90.4074,14.9039],[-90.4075,14.9037],[-90.4077,14.9034],[-90.4078,14.903],[-90.4079,14.9028],[-90.4079,14.9026],[-90.4079,14.9023],[-90.4079,14.9021],[-90.408,14.902],[-90.4081,14.9018],[-90.4082,14.9015],[-90.4081,14.9013],[-90.4078,14.9013],[-90.4078,14.9013],[-90.4076,14.9013],[-90.4073,14.901],[-90.4071,14.9007],[-90.407,14.9004],[-90.4069,14.9001],[-90.4066,14.8997],[-90.406,14.8995],[-90.4056,14.8995],[-90.4052,14.8994],[-90.4049,14.8992],[-90.4048,14.8991],[-90.4046,14.8987],[-90.4043,14.8984],[-90.4039,14.8981],[-90.4037,14.8977],[-90.4038,14.8973],[-90.4038,14.897],[-90.4038,14.8965],[-90.4036,14.8962],[-90.4032,14.896],[-90.4027,14.8958],[-90.4021,14.8957],[-90.4017,14.8954],[-90.4013,14.8951],[-90.401,14.8946],[-90.401,14.8941],[-90.4013,14.8934],[-90.4016,14.893],[-90.4018,14.8926],[-90.4019,14.8922],[-90.4021,14.8915],[-90.4022,14.891],[-90.4023,14.8906],[-90.4023,14.8901],[-90.4024,14.8896],[-90.4023,14.8892],[-90.4022,14.8887],[-90.402,14.8883],[-90.402,14.8878],[-90.402,14.8875],[-90.4019,14.8871],[-90.4016,14.8867],[-90.4013,14.8863],[-90.4011,14.8859],[-90.401,14.8854],[-90.4006,14.8845],[-90.4002,14.884],[-90.3999,14.8834],[-90.3997,14.883],[-90.3994,14.8826],[-90.399,14.8822],[-90.3988,14.8817],[-90.3986,14.8813],[-90.3984,14.881],[-90.3974,14.8805],[-90.397,14.8802],[-90.3966,14.8801],[-90.3963,14.8801],[-90.3961,14.8796],[-90.396,14.8792],[-90.3962,14.8787],[-90.3964,14.8783],[-90.3965,14.8779],[-90.3965,14.8776],[-90.3963,14.8769],[-90.3961,14.8762],[-90.3957,14.8755],[-90.3952,14.8749],[-90.3942,14.8744],[-90.3933,14.874],[-90.3926,14.8738],[-90.3919,14.8736],[-90.3914,14.8734],[-90.3907,14.8734],[-90.3902,14.8737],[-90.3897,14.8739],[-90.3892,14.8739],[-90.3887,14.8737],[-90.3881,14.8734],[-90.3876,14.8732],[-90.3869,14.8729],[-90.3862,14.8729],[-90.3856,14.873],[-90.3851,14.8732],[-90.3841,14.8732],[-90.3832,14.8732],[-90.3826,14.8733],[-90.3817,14.8734],[-90.3805,14.8738],[-90.38,14.8741],[-90.3786,14.8745],[-90.3778,14.8744],[-90.3772,14.8739],[-90.3769,14.8736],[-90.3767,14.8732],[-90.3766,14.8728],[-90.3763,14.8725],[-90.3754,14.8724],[-90.3745,14.8723],[-90.3738,14.8723],[-90.373,14.8723],[-90.3724,14.8721],[-90.3716,14.8718],[-90.3711,14.8716],[-90.3706,14.8715],[-90.3702,14.8717],[-90.3701,14.872],[-90.3701,14.8722],[-90.37,14.8725],[-90.3699,14.8728],[-90.3695,14.8731],[-90.3689,14.8733],[-90.3684,14.8735],[-90.3678,14.8736],[-90.3672,14.8736],[-90.3665,14.8735],[-90.3657,14.8735],[-90.3653,14.8735],[-90.365,14.8737],[-90.3649,14.8741],[-90.3646,14.8744],[-90.3642,14.8746],[-90.3637,14.8746],[-90.3634,14.8743],[-90.3632,14.8739],[-90.363,14.8736],[-90.3628,14.8732],[-90.3625,14.8727],[-90.3621,14.8723],[-90.3612,14.872],[-90.3606,14.8719],[-90.36,14.8722],[-90.3594,14.8725],[-90.3589,14.8727],[-90.3582,14.8729],[-90.3572,14.8729],[-90.3564,14.8732],[-90.3556,14.8736],[-90.3548,14.8738],[-90.3534,14.874],[-90.3523,14.8738],[-90.3509,14.8733],[-90.35,14.873],[-90.3487,14.8729],[-90.3478,14.8731],[-90.347,14.8735],[-90.3463,14.8739],[-90.3459,14.8743],[-90.3453,14.8748],[-90.3448,14.8751],[-90.3442,14.8753],[-90.3434,14.8754],[-90.3426,14.8753],[-90.342,14.8751],[-90.3416,14.8747],[-90.3411,14.8743],[-90.3407,14.8744],[-90.34,14.8746],[-90.3394,14.875],[-90.3391,14.8754],[-90.3388,14.8759],[-90.3384,14.8761],[-90.3377,14.8762],[-90.3372,14.8763],[-90.3369,14.8765],[-90.3367,14.8769],[-90.3369,14.8773],[-90.3369,14.8776],[-90.3367,14.8778],[-90.3363,14.8781],[-90.3359,14.8783],[-90.3356,14.8786],[-90.3351,14.8788],[-90.3343,14.8788],[-90.3335,14.8789],[-90.333,14.8792],[-90.3324,14.8794],[-90.3319,14.8794],[-90.3309,14.8793],[-90.3299,14.8791],[-90.3277,14.8785],[-90.3269,14.8779],[-90.3262,14.8772],[-90.3257,14.8767],[-90.3251,14.8764],[-90.3244,14.8766],[-90.3237,14.8768],[-90.3229,14.877],[-90.3216,14.8769],[-90.3207,14.8767],[-90.3196,14.8766],[-90.3184,14.8766],[-90.317,14.8763],[-90.3159,14.8761],[-90.3147,14.876],[-90.3139,14.8763],[-90.3134,14.8766],[-90.3131,14.8772],[-90.3128,14.8778],[-90.3122,14.8785],[-90.3117,14.879],[-90.311,14.8791],[-90.3099,14.8788],[-90.3091,14.8785],[-90.3084,14.8787],[-90.3078,14.8792],[-90.3073,14.8799],[-90.3069,14.8807],[-90.3063,14.8819],[-90.3056,14.8829],[-90.3056,14.8829],[-90.305,14.8838],[-90.3049,14.8839],[-90.3043,14.8845],[-90.3038,14.8851],[-90.3038,14.8851],[-90.3031,14.8858],[-90.3036,14.886],[-90.3036,14.886],[-90.3039,14.8861],[-90.3041,14.8864],[-90.3042,14.8867],[-90.3041,14.887],[-90.3038,14.8873],[-90.3037,14.8876],[-90.3035,14.8879],[-90.3035,14.8881],[-90.3034,14.8882],[-90.3033,14.8884],[-90.3033,14.8887],[-90.3032,14.8889],[-90.3032,14.8891],[-90.3032,14.8893],[-90.3033,14.8895],[-90.3038,14.8899],[-90.3042,14.89],[-90.3044,14.8901],[-90.3047,14.8902],[-90.305,14.8903],[-90.3052,14.8905],[-90.3054,14.8907],[-90.3055,14.8909],[-90.3056,14.8912],[-90.3057,14.8914],[-90.3058,14.8915],[-90.3059,14.8917],[-90.3064,14.892],[-90.3067,14.8924],[-90.3068,14.8927],[-90.307,14.8928],[-90.3072,14.893],[-90.3073,14.8932],[-90.3075,14.8933],[-90.3077,14.8934],[-90.3079,14.8934],[-90.3081,14.8934],[-90.3083,14.8935],[-90.3083,14.8937],[-90.3084,14.894],[-90.3085,14.8942],[-90.3087,14.8945],[-90.3088,14.8948],[-90.3089,14.8949],[-90.3093,14.8951],[-90.3096,14.8952],[-90.3098,14.8952],[-90.31,14.8953],[-90.3102,14.8953],[-90.3105,14.8953],[-90.3107,14.8953],[-90.3109,14.8954],[-90.3112,14.8955],[-90.3114,14.8955],[-90.3117,14.8955],[-90.3119,14.8954],[-90.3122,14.8953],[-90.3124,14.8952],[-90.3126,14.8952],[-90.3128,14.8953],[-90.313,14.8954],[-90.3132,14.8957],[-90.3133,14.8959],[-90.3136,14.8961],[-90.3138,14.8965],[-90.3141,14.8968],[-90.3144,14.897],[-90.3146,14.8971],[-90.3151,14.8973],[-90.3154,14.8975],[-90.3156,14.8975],[-90.3158,14.8975],[-90.316,14.8977],[-90.3162,14.8979],[-90.3162,14.898],[-90.3162,14.8982],[-90.3164,14.8983],[-90.3167,14.8983],[-90.3169,14.8983],[-90.3171,14.8981],[-90.3174,14.898],[-90.3177,14.8979],[-90.318,14.8978],[-90.3184,14.8979],[-90.3186,14.898],[-90.3189,14.898],[-90.3191,14.8981],[-90.3194,14.8983],[-90.3196,14.8984],[-90.3197,14.8984],[-90.3199,14.8985],[-90.32,14.8988],[-90.3201,14.8991],[-90.3201,14.8993],[-90.3201,14.8995],[-90.32,14.8998],[-90.3197,14.9],[-90.3195,14.9001],[-90.3193,14.9003],[-90.3191,14.9006],[-90.3191,14.9006],[-90.3189,14.9007],[-90.3187,14.9009],[-90.3185,14.9011],[-90.3184,14.9012],[-90.3182,14.9014],[-90.3181,14.9016],[-90.3181,14.9019],[-90.3183,14.9022],[-90.3185,14.9023],[-90.3189,14.9027],[-90.3191,14.9029],[-90.3193,14.9031],[-90.3197,14.9032],[-90.3198,14.9033],[-90.32,14.9036],[-90.3204,14.9039],[-90.3205,14.9041],[-90.3206,14.9043],[-90.3207,14.9045],[-90.3206,14.9048],[-90.3205,14.905],[-90.3206,14.9052],[-90.3207,14.9053],[-90.3209,14.9055],[-90.321,14.9055],[-90.3212,14.9056],[-90.3214,14.9058],[-90.3214,14.9061],[-90.3214,14.9063],[-90.3212,14.9067],[-90.3209,14.907],[-90.3207,14.9073],[-90.3205,14.9076],[-90.3203,14.9077],[-90.3202,14.9077],[-90.3201,14.9078],[-90.3197,14.9081],[-90.3195,14.9083],[-90.3194,14.9084],[-90.3193,14.9087],[-90.3192,14.909],[-90.3192,14.9093],[-90.3192,14.9095],[-90.3192,14.9097],[-90.3193,14.91],[-90.3194,14.9101],[-90.3194,14.9103],[-90.3194,14.9104],[-90.3193,14.9107],[-90.3191,14.9109],[-90.319,14.911],[-90.3187,14.9113],[-90.3185,14.9115],[-90.3183,14.9117],[-90.3181,14.9119],[-90.3179,14.912],[-90.3177,14.912],[-90.3176,14.9121],[-90.3174,14.9121],[-90.3172,14.9123],[-90.3171,14.9125],[-90.3169,14.9128],[-90.3169,14.913],[-90.3168,14.9132],[-90.3166,14.9134],[-90.3165,14.9135],[-90.3163,14.9139],[-90.3163,14.9142],[-90.3163,14.9145],[-90.3164,14.9147],[-90.3164,14.915],[-90.3163,14.9153],[-90.3161,14.9155],[-90.316,14.9157],[-90.316,14.9159],[-90.3158,14.916],[-90.3157,14.9162],[-90.3155,14.9163],[-90.3152,14.9167],[-90.3144,14.9174],[-90.3141,14.9178],[-90.3136,14.9181],[-90.3132,14.9183],[-90.313,14.9184],[-90.3126,14.9186],[-90.3123,14.9186],[-90.3121,14.9187],[-90.3118,14.919],[-90.3117,14.9192],[-90.3115,14.9194],[-90.3114,14.9196],[-90.3114,14.9197],[-90.3113,14.9199],[-90.2305,14.9755],[-90.2301,14.9757],[-90.2134,14.9869],[-90.1935,15.0001],[-90.1206,15.0271],[-90.116,15.0266],[-90.1203,15.0369],[-90.0853,15.0461],[-90.0734,15.0427],[-90.0685,15.0413],[-90.0618,15.0416],[-90.0501,15.0455],[-90.045,15.0519],[-90.0348,15.0568],[-90.0275,15.0627],[-90.0169,15.066],[-90.013,15.0697],[-90.0087,15.0763],[-90.0023,15.0755],[-89.9788,15.076],[-89.9647,15.0761],[-89.9463,15.0829],[-89.9326,15.0847],[-89.9172,15.0835],[-89.9066,15.0845],[-89.902,15.0883],[-89.9039,15.0969],[-89.9135,15.1161],[-89.9193,15.1378],[-89.9199,15.1402],[-89.935,15.1423],[-89.9484,15.1456],[-89.9582,15.1542],[-89.9713,15.1494],[-89.9717,15.1493],[-89.992,15.1419],[-89.9883,15.1464],[-89.9424,15.2111],[-89.9347,15.2312],[-89.9177,15.3003],[-89.9175,15.3012],[-89.9173,15.3021],[-89.9176,15.3012],[-89.9203,15.294],[-89.9346,15.279],[-89.9476,15.2725],[-89.9493,15.274],[-89.9542,15.2744],[-89.9571,15.2738],[-89.9631,15.2742],[-89.9737,15.2736],[-89.981,15.272],[-89.9886,15.2716],[-90,15.2698],[-90.0155,15.2715],[-90.0213,15.2715],[-90.026,15.2706],[-90.031,15.2691],[-90.0406,15.2675],[-90.0442,15.2657],[-90.0484,15.265],[-90.0545,15.2629],[-90.0627,15.2618],[-90.0771,15.2621],[-90.0848,15.2638],[-90.0895,15.264],[-90.0996,15.265],[-90.1122,15.2651],[-90.1173,15.2655],[-90.1308,15.2655],[-90.1322,15.2651],[-90.1572,15.2641],[-90.1886,15.264],[-90.2012,15.2649],[-90.2013,15.2649],[-90.2169,15.272],[-90.25,15.2735],[-90.2774,15.2897],[-90.2814,15.292],[-90.2848,15.2928],[-90.2904,15.2941],[-90.2931,15.2908],[-90.2956,15.2824],[-90.2937,15.2799],[-90.2965,15.2707],[-90.2995,15.2652],[-90.3,15.2632],[-90.3011,15.2588],[-90.3026,15.2564],[-90.304,15.252],[-90.3054,15.2468],[-90.3087,15.2443],[-90.3137,15.243],[-90.3208,15.2417],[-90.3279,15.2413],[-90.3283,15.2318],[-90.3284,15.23],[-90.331,15.226],[-90.3336,15.2261],[-90.335,15.2262],[-90.3448,15.2366],[-90.3487,15.2407],[-90.3615,15.2504],[-90.3684,15.2557],[-90.3788,15.2595],[-90.4029,15.2693],[-90.4035,15.2724],[-90.4027,15.2733],[-90.4003,15.2759],[-90.4031,15.2796],[-90.4061,15.2794],[-90.407,15.2793],[-90.4119,15.2812],[-90.4168,15.2828],[-90.4202,15.2798],[-90.4239,15.2814],[-90.4274,15.2815],[-90.4352,15.2819],[-90.4423,15.2826],[-90.4463,15.2823],[-90.455,15.2811],[-90.4636,15.2827],[-90.4755,15.2843],[-90.4849,15.2832]]]}},{"type":"Feature","properties":{"name":"Sololá","id":"GT-SO"},"geometry":{"type":"Polygon","coordinates":[[[-91.1187,14.5153],[-91.116,14.5194],[-91.1154,14.5287],[-91.1137,14.5308],[-91.1161,14.5405],[-91.1164,14.5416],[-91.1161,14.5422],[-91.1136,14.5465],[-91.1152,14.5549],[-91.1131,14.5599],[-91.1156,14.565],[-91.1134,14.5683],[-91.1167,14.5714],[-91.1192,14.5739],[-91.1178,14.5787],[-91.1173,14.5794],[-91.1158,14.5814],[-91.1168,14.5843],[-91.1173,14.5855],[-91.1167,14.586],[-91.1107,14.5904],[-91.1098,14.5946],[-91.1091,14.5975],[-91.1119,14.6026],[-91.1105,14.6107],[-91.1076,14.6165],[-91.1101,14.6203],[-91.1096,14.6235],[-91.1083,14.6292],[-91.1032,14.6305],[-91.1018,14.6355],[-91.0984,14.6388],[-91.0981,14.6424],[-91.0943,14.6474],[-91.0914,14.6531],[-91.0915,14.6576],[-91.0912,14.6624],[-91.0912,14.6625],[-91.0909,14.6628],[-91.0899,14.6636],[-91.0892,14.6685],[-91.089,14.6696],[-91.0885,14.6704],[-91.0879,14.6714],[-91.0874,14.6721],[-91.086,14.6744],[-91.081,14.6782],[-91.0786,14.6819],[-91.0786,14.6831],[-91.0785,14.6865],[-91.0784,14.6927],[-91.0783,14.6929],[-91.0756,14.6989],[-91.0754,14.6994],[-91.0756,14.6996],[-91.0758,14.7],[-91.0767,14.702],[-91.0774,14.7035],[-91.0781,14.7049],[-91.077,14.71],[-91.0794,14.7166],[-91.0799,14.718],[-91.0808,14.7179],[-91.0843,14.7176],[-91.0846,14.723],[-91.0848,14.726],[-91.0851,14.7307],[-91.084,14.7309],[-91.0786,14.7319],[-91.0761,14.7267],[-91.0727,14.7305],[-91.0773,14.7375],[-91.0773,14.7376],[-91.0756,14.7423],[-91.0731,14.7488],[-91.0767,14.7604],[-91.0744,14.7716],[-91.0723,14.7809],[-91.0685,14.789],[-91.0694,14.7911],[-91.0766,14.7917],[-91.0774,14.7918],[-91.0752,14.796],[-91.0748,14.7968],[-91.0723,14.8008],[-91.0717,14.8019],[-91.0728,14.8034],[-91.0737,14.8046],[-91.0747,14.8057],[-91.0879,14.8207],[-91.1024,14.835],[-91.1029,14.8355],[-91.1222,14.8503],[-91.1248,14.8528],[-91.1275,14.8565],[-91.1294,14.8606],[-91.1306,14.8633],[-91.1321,14.8667],[-91.1334,14.8675],[-91.1348,14.8683],[-91.138,14.8669],[-91.1399,14.8649],[-91.1414,14.8622],[-91.1439,14.8625],[-91.1514,14.8671],[-91.1558,14.8713],[-91.1556,14.8723],[-91.1552,14.8756],[-91.1568,14.8809],[-91.1575,14.8833],[-91.159,14.8887],[-91.161,14.8905],[-91.1629,14.8903],[-91.167,14.8904],[-91.1725,14.8913],[-91.1739,14.8926],[-91.1753,14.8934],[-91.2063,14.8795],[-91.2088,14.8769],[-91.211,14.8717],[-91.2126,14.8655],[-91.2144,14.8582],[-91.2146,14.8573],[-91.2459,14.8488],[-91.2515,14.8462],[-91.2622,14.8414],[-91.2626,14.8412],[-91.2731,14.8584],[-91.2755,14.8594],[-91.2869,14.8588],[-91.2877,14.8597],[-91.2893,14.861],[-91.2977,14.8676],[-91.3,14.8672],[-91.3054,14.8668],[-91.3478,14.8644],[-91.3567,14.8565],[-91.3624,14.8514],[-91.3627,14.8512],[-91.3629,14.8484],[-91.3629,14.8477],[-91.4036,14.821],[-91.4069,14.8006],[-91.4383,14.7687],[-91.4387,14.7683],[-91.4414,14.7655],[-91.4427,14.7646],[-91.4435,14.7641],[-91.444,14.7637],[-91.4454,14.7586],[-91.4456,14.746],[-91.4456,14.7454],[-91.4457,14.7439],[-91.4467,14.7414],[-91.448,14.7401],[-91.453,14.7393],[-91.4602,14.7386],[-91.4616,14.7385],[-91.4636,14.737],[-91.4649,14.735],[-91.4649,14.735],[-91.4676,14.7306],[-91.4695,14.7279],[-91.4722,14.7254],[-91.4723,14.7252],[-91.4728,14.7248],[-91.4741,14.7242],[-91.4789,14.7223],[-91.4824,14.7205],[-91.485,14.7181],[-91.4867,14.7155],[-91.4875,14.7109],[-91.4875,14.7107],[-91.4872,14.695],[-91.4886,14.6851],[-91.4887,14.6848],[-91.4886,14.6844],[-91.4845,14.672],[-91.4829,14.6642],[-91.4819,14.6604],[-91.4802,14.6374],[-91.4824,14.635],[-91.488,14.6291],[-91.4908,14.6261],[-91.5066,14.6015],[-91.5056,14.6012],[-91.4907,14.597],[-91.4834,14.5949],[-91.482,14.6006],[-91.4815,14.6026],[-91.4647,14.5999],[-91.4516,14.6008],[-91.4502,14.5995],[-91.4474,14.5969],[-91.4465,14.5971],[-91.4462,14.6007],[-91.447,14.6041],[-91.4472,14.6074],[-91.4315,14.6251],[-91.4313,14.6253],[-91.4219,14.6349],[-91.4213,14.635],[-91.4163,14.6357],[-91.4146,14.6363],[-91.4106,14.641],[-91.408,14.6416],[-91.408,14.6416],[-91.406,14.6405],[-91.4046,14.6402],[-91.4021,14.6403],[-91.4004,14.641],[-91.4,14.6411],[-91.398,14.6426],[-91.394,14.6398],[-91.3914,14.6378],[-91.3905,14.6354],[-91.3811,14.6349],[-91.3755,14.6347],[-91.3745,14.6352],[-91.3724,14.6374],[-91.3699,14.6371],[-91.3694,14.6376],[-91.3666,14.6401],[-91.3643,14.6392],[-91.3634,14.6388],[-91.3614,14.638],[-91.3589,14.6393],[-91.3558,14.6425],[-91.354,14.6428],[-91.3531,14.6428],[-91.3306,14.6435],[-91.3299,14.6404],[-91.3285,14.6338],[-91.321,14.6382],[-91.3178,14.6361],[-91.3134,14.6334],[-91.3102,14.6313],[-91.3057,14.6258],[-91.31,14.6224],[-91.3117,14.6209],[-91.3129,14.6147],[-91.303,14.6129],[-91.3022,14.6121],[-91.3008,14.6105],[-91.2998,14.6091],[-91.2877,14.607],[-91.2854,14.6066],[-91.2822,14.5972],[-91.2779,14.5658],[-91.276,14.5513],[-91.275,14.5436],[-91.2715,14.5415],[-91.271,14.5394],[-91.2697,14.5347],[-91.2691,14.5336],[-91.2686,14.5326],[-91.266,14.5309],[-91.264,14.5309],[-91.2632,14.5311],[-91.2616,14.5313],[-91.2586,14.5331],[-91.2557,14.5334],[-91.2557,14.532],[-91.2546,14.5308],[-91.2549,14.5282],[-91.2553,14.5261],[-91.2538,14.5256],[-91.2526,14.5272],[-91.2526,14.5281],[-91.2528,14.5312],[-91.253,14.535],[-91.251,14.5379],[-91.2505,14.5382],[-91.2474,14.5397],[-91.2435,14.542],[-91.2395,14.5454],[-91.2368,14.5477],[-91.2341,14.5494],[-91.2308,14.552],[-91.2268,14.5548],[-91.2236,14.5563],[-91.2186,14.5558],[-91.2138,14.5578],[-91.2086,14.5602],[-91.2012,14.5619],[-91.1958,14.5628],[-91.1942,14.5627],[-91.1886,14.5624],[-91.1789,14.561],[-91.1764,14.5571],[-91.1722,14.5572],[-91.1679,14.5561],[-91.1595,14.554],[-91.16,14.5582],[-91.1494,14.5533],[-91.1471,14.5524],[-91.1436,14.5513],[-91.1398,14.5483],[-91.1387,14.5472],[-91.1377,14.5461],[-91.1355,14.5454],[-91.1317,14.5394],[-91.1296,14.5347],[-91.1294,14.5345],[-91.1286,14.5316],[-91.1283,14.5254],[-91.1253,14.5235],[-91.1248,14.5231],[-91.1245,14.5208],[-91.1241,14.5175],[-91.1187,14.5153]],[[-91.1722,14.7441],[-91.1711,14.7456],[-91.1699,14.7467],[-91.1693,14.7471],[-91.1685,14.7471],[-91.1679,14.7469],[-91.1672,14.7465],[-91.1667,14.7463],[-91.1657,14.746],[-91.1652,14.7459],[-91.1645,14.7456],[-91.164,14.7452],[-91.164,14.7444],[-91.164,14.7418],[-91.1639,14.7409],[-91.1636,14.7401],[-91.1634,14.7395],[-91.1632,14.739],[-91.1627,14.7382],[-91.161,14.7367],[-91.1594,14.7356],[-91.1591,14.7352],[-91.1587,14.7346],[-91.1583,14.7339],[-91.1578,14.7333],[-91.1569,14.7328],[-91.156,14.7324],[-91.1555,14.7323],[-91.1546,14.7322],[-91.1515,14.7322],[-91.1503,14.7322],[-91.1494,14.732],[-91.1489,14.7319],[-91.148,14.7316],[-91.1474,14.7312],[-91.1465,14.7305],[-91.1459,14.7303],[-91.1451,14.7301],[-91.1443,14.7297],[-91.1438,14.7292],[-91.1434,14.7289],[-91.1431,14.7284],[-91.1428,14.728],[-91.1423,14.7273],[-91.1416,14.7262],[-91.141,14.7256],[-91.1407,14.7252],[-91.1406,14.7238],[-91.1405,14.7231],[-91.14,14.7222],[-91.1391,14.7209],[-91.1383,14.7212],[-91.1379,14.7215],[-91.1371,14.7217],[-91.1364,14.7216],[-91.1357,14.7214],[-91.1351,14.7209],[-91.1348,14.7202],[-91.1344,14.7195],[-91.1334,14.7186],[-91.1326,14.7176],[-91.1323,14.717],[-91.1322,14.7161],[-91.1322,14.7156],[-91.1321,14.7149],[-91.1319,14.7144],[-91.1317,14.7138],[-91.1316,14.7132],[-91.1314,14.7125],[-91.1313,14.7117],[-91.131,14.7112],[-91.1308,14.7104],[-91.1307,14.7094],[-91.1306,14.7085],[-91.1305,14.7081],[-91.1299,14.7074],[-91.1297,14.7068],[-91.1299,14.7059],[-91.1301,14.7053],[-91.1304,14.7045],[-91.1305,14.7037],[-91.13,14.7032],[-91.1298,14.7023],[-91.1294,14.7018],[-91.1284,14.7017],[-91.1277,14.7013],[-91.1274,14.7007],[-91.127,14.6997],[-91.1266,14.6995],[-91.1259,14.6991],[-91.1253,14.6988],[-91.1245,14.6984],[-91.1237,14.6982],[-91.1227,14.698],[-91.1219,14.6977],[-91.1212,14.6974],[-91.1204,14.6969],[-91.1199,14.6966],[-91.1194,14.6962],[-91.119,14.6958],[-91.1187,14.6952],[-91.1184,14.6945],[-91.1177,14.6942],[-91.1171,14.6939],[-91.1169,14.6931],[-91.1169,14.6914],[-91.117,14.6906],[-91.1173,14.6898],[-91.1175,14.6892],[-91.1177,14.6878],[-91.1178,14.687],[-91.1179,14.6865],[-91.1181,14.686],[-91.1182,14.6849],[-91.1181,14.6844],[-91.118,14.6838],[-91.118,14.6832],[-91.1182,14.6821],[-91.1184,14.6816],[-91.1187,14.6808],[-91.1188,14.68],[-91.1183,14.6789],[-91.118,14.6779],[-91.118,14.6771],[-91.1179,14.6761],[-91.1178,14.6755],[-91.1173,14.6749],[-91.117,14.6745],[-91.1164,14.6739],[-91.116,14.6733],[-91.1159,14.6726],[-91.116,14.6717],[-91.1166,14.6713],[-91.1171,14.6708],[-91.1172,14.6701],[-91.117,14.669],[-91.1167,14.6686],[-91.1164,14.6677],[-91.1163,14.667],[-91.1162,14.6662],[-91.1161,14.6656],[-91.116,14.6651],[-91.116,14.6645],[-91.116,14.6639],[-91.1163,14.6629],[-91.1166,14.6617],[-91.1167,14.661],[-91.1171,14.6603],[-91.1175,14.6597],[-91.1182,14.6596],[-91.1191,14.6597],[-91.1203,14.6597],[-91.121,14.6598],[-91.1216,14.6601],[-91.1224,14.6603],[-91.1232,14.6604],[-91.1254,14.6606],[-91.126,14.6606],[-91.1268,14.6604],[-91.127,14.6599],[-91.127,14.6593],[-91.1268,14.6585],[-91.1266,14.6579],[-91.1265,14.6572],[-91.1267,14.6565],[-91.1275,14.6556],[-91.1283,14.6546],[-91.1292,14.6538],[-91.1299,14.6532],[-91.1304,14.6528],[-91.1309,14.6526],[-91.1316,14.6523],[-91.1322,14.652],[-91.133,14.6514],[-91.1336,14.651],[-91.1342,14.6504],[-91.1345,14.6497],[-91.1346,14.6489],[-91.1342,14.6484],[-91.1331,14.6472],[-91.1328,14.6466],[-91.1327,14.6456],[-91.1333,14.6449],[-91.1337,14.6445],[-91.1343,14.644],[-91.1346,14.6436],[-91.1351,14.6425],[-91.1352,14.6415],[-91.1351,14.6406],[-91.135,14.6396],[-91.135,14.6386],[-91.1351,14.6373],[-91.1355,14.6355],[-91.1358,14.6348],[-91.1362,14.6341],[-91.1375,14.6335],[-91.138,14.6333],[-91.1386,14.6332],[-91.1394,14.6333],[-91.1397,14.6339],[-91.1392,14.6345],[-91.1391,14.6352],[-91.1392,14.6358],[-91.1399,14.6366],[-91.141,14.6375],[-91.1416,14.6378],[-91.1424,14.6376],[-91.143,14.6374],[-91.1439,14.6373],[-91.1444,14.6378],[-91.1441,14.6385],[-91.1436,14.6392],[-91.1433,14.6398],[-91.1431,14.6404],[-91.1428,14.641],[-91.1411,14.6429],[-91.1408,14.6438],[-91.1412,14.6444],[-91.1419,14.6448],[-91.142,14.6456],[-91.142,14.6471],[-91.142,14.6484],[-91.1425,14.6489],[-91.1425,14.6496],[-91.1426,14.6501],[-91.1433,14.6504],[-91.144,14.6502],[-91.1448,14.6501],[-91.1447,14.6509],[-91.1445,14.6517],[-91.1445,14.6524],[-91.1447,14.6529],[-91.1453,14.6534],[-91.1457,14.6537],[-91.1465,14.6541],[-91.1471,14.6539],[-91.1479,14.6537],[-91.1486,14.6538],[-91.149,14.6542],[-91.1495,14.6544],[-91.1503,14.6542],[-91.1508,14.6539],[-91.1514,14.6541],[-91.152,14.6546],[-91.1526,14.6545],[-91.1531,14.6544],[-91.1534,14.655],[-91.1533,14.6555],[-91.1533,14.6563],[-91.1538,14.6568],[-91.1541,14.6573],[-91.1541,14.6579],[-91.1538,14.6587],[-91.1533,14.6589],[-91.1532,14.6596],[-91.1538,14.6599],[-91.1551,14.6604],[-91.1548,14.661],[-91.1541,14.6612],[-91.1534,14.6613],[-91.1527,14.6613],[-91.152,14.6615],[-91.1513,14.6619],[-91.1508,14.6624],[-91.1504,14.663],[-91.1506,14.6635],[-91.151,14.6639],[-91.1521,14.6651],[-91.1527,14.6649],[-91.153,14.6644],[-91.1536,14.6642],[-91.1541,14.6642],[-91.1546,14.6637],[-91.1547,14.6632],[-91.1548,14.6626],[-91.1553,14.662],[-91.1562,14.6614],[-91.1574,14.6606],[-91.1581,14.6602],[-91.1587,14.66],[-91.1594,14.6602],[-91.1593,14.6609],[-91.1592,14.6614],[-91.1591,14.662],[-91.1598,14.6624],[-91.1607,14.6627],[-91.1607,14.6633],[-91.1605,14.6638],[-91.1602,14.6643],[-91.1595,14.6652],[-91.1597,14.6658],[-91.1602,14.6657],[-91.1621,14.6646],[-91.1629,14.6646],[-91.1633,14.665],[-91.1633,14.6656],[-91.1637,14.6664],[-91.1642,14.6667],[-91.1645,14.6672],[-91.1645,14.6678],[-91.1643,14.6686],[-91.1642,14.6697],[-91.165,14.6699],[-91.1654,14.6702],[-91.1653,14.6708],[-91.1651,14.6715],[-91.165,14.6723],[-91.165,14.6731],[-91.1651,14.6738],[-91.1655,14.6744],[-91.1659,14.6747],[-91.1665,14.6744],[-91.1665,14.6737],[-91.1665,14.673],[-91.1663,14.6722],[-91.1664,14.6716],[-91.167,14.6719],[-91.1673,14.6724],[-91.1679,14.6726],[-91.1688,14.6726],[-91.1693,14.6727],[-91.1697,14.6732],[-91.1703,14.6738],[-91.1709,14.6734],[-91.1716,14.6729],[-91.1722,14.6726],[-91.1729,14.6724],[-91.1734,14.6723],[-91.1742,14.6722],[-91.175,14.6717],[-91.1758,14.6712],[-91.1766,14.6711],[-91.1772,14.6711],[-91.1781,14.6711],[-91.1791,14.6712],[-91.1799,14.6715],[-91.1806,14.6715],[-91.1812,14.6717],[-91.1821,14.672],[-91.1829,14.6718],[-91.1835,14.6718],[-91.1844,14.672],[-91.185,14.6724],[-91.1856,14.6725],[-91.1864,14.6723],[-91.1871,14.6719],[-91.1876,14.6717],[-91.188,14.6714],[-91.1885,14.6709],[-91.1889,14.6704],[-91.1895,14.6702],[-91.19,14.6703],[-91.1904,14.6705],[-91.1915,14.6716],[-91.1921,14.672],[-91.1926,14.6716],[-91.1932,14.671],[-91.1941,14.671],[-91.1947,14.671],[-91.1952,14.671],[-91.1959,14.6709],[-91.1966,14.6707],[-91.1971,14.6706],[-91.198,14.6703],[-91.1986,14.6694],[-91.1985,14.6686],[-91.1984,14.6675],[-91.1983,14.6669],[-91.1982,14.6663],[-91.198,14.6656],[-91.198,14.6649],[-91.1982,14.6642],[-91.1986,14.6635],[-91.1994,14.6631],[-91.2003,14.6634],[-91.2008,14.664],[-91.2015,14.6645],[-91.2021,14.6646],[-91.2027,14.6646],[-91.2035,14.6647],[-91.2043,14.6649],[-91.2055,14.6653],[-91.2059,14.665],[-91.206,14.6643],[-91.206,14.6638],[-91.2059,14.6633],[-91.2057,14.6626],[-91.2057,14.6618],[-91.206,14.6614],[-91.2067,14.6614],[-91.2073,14.6614],[-91.2079,14.6614],[-91.2087,14.6615],[-91.2092,14.6621],[-91.2099,14.6629],[-91.2107,14.663],[-91.2114,14.663],[-91.212,14.663],[-91.2129,14.6627],[-91.2142,14.662],[-91.2149,14.6617],[-91.2158,14.6617],[-91.2164,14.6618],[-91.217,14.6622],[-91.2175,14.6624],[-91.2209,14.6634],[-91.2212,14.663],[-91.2206,14.6626],[-91.22,14.6623],[-91.2188,14.6618],[-91.2185,14.6613],[-91.219,14.6608],[-91.2199,14.6605],[-91.2203,14.6599],[-91.2202,14.6569],[-91.2205,14.6564],[-91.2209,14.6558],[-91.2214,14.6555],[-91.2225,14.6552],[-91.2233,14.6553],[-91.2239,14.6555],[-91.2246,14.6558],[-91.2252,14.6558],[-91.2254,14.6551],[-91.2253,14.6545],[-91.2253,14.6539],[-91.2249,14.6529],[-91.2247,14.6521],[-91.225,14.6514],[-91.226,14.6501],[-91.2267,14.65],[-91.2274,14.65],[-91.2279,14.65],[-91.2285,14.65],[-91.2291,14.6497],[-91.2306,14.6486],[-91.2309,14.6478],[-91.2304,14.6472],[-91.2296,14.6466],[-91.228,14.6455],[-91.2276,14.6447],[-91.2276,14.644],[-91.2277,14.6428],[-91.2278,14.6419],[-91.2282,14.6411],[-91.229,14.6411],[-91.231,14.6411],[-91.2318,14.6411],[-91.2326,14.6407],[-91.2333,14.6402],[-91.234,14.6395],[-91.2349,14.6376],[-91.2352,14.6367],[-91.2354,14.6358],[-91.2349,14.6353],[-91.2343,14.6352],[-91.2333,14.6349],[-91.2328,14.6343],[-91.2325,14.6338],[-91.232,14.6333],[-91.2315,14.6325],[-91.232,14.6319],[-91.2324,14.6314],[-91.2326,14.6309],[-91.2326,14.6303],[-91.2326,14.6297],[-91.2325,14.6288],[-91.2326,14.6281],[-91.233,14.6276],[-91.2337,14.6271],[-91.2342,14.6269],[-91.235,14.6266],[-91.2357,14.6262],[-91.2363,14.6259],[-91.237,14.6254],[-91.2374,14.625],[-91.2379,14.6245],[-91.2381,14.624],[-91.2384,14.6232],[-91.2386,14.6223],[-91.239,14.6206],[-91.2395,14.62],[-91.24,14.6196],[-91.2405,14.6193],[-91.2414,14.6188],[-91.2422,14.6183],[-91.243,14.6177],[-91.2436,14.6172],[-91.2441,14.6167],[-91.2447,14.616],[-91.2451,14.6154],[-91.2453,14.6148],[-91.2458,14.6142],[-91.2464,14.6137],[-91.2469,14.6132],[-91.2476,14.6126],[-91.2484,14.6118],[-91.249,14.6112],[-91.2494,14.6106],[-91.25,14.6097],[-91.251,14.6087],[-91.2517,14.6085],[-91.2523,14.6085],[-91.2528,14.6088],[-91.2534,14.6093],[-91.2538,14.61],[-91.2545,14.611],[-91.2546,14.6119],[-91.2545,14.6125],[-91.2544,14.6131],[-91.2541,14.6138],[-91.2539,14.6148],[-91.254,14.6161],[-91.2542,14.6167],[-91.2548,14.6173],[-91.2553,14.6177],[-91.2555,14.6183],[-91.2553,14.619],[-91.2551,14.6195],[-91.255,14.6202],[-91.2551,14.6211],[-91.2554,14.622],[-91.2558,14.6228],[-91.2562,14.6232],[-91.2569,14.624],[-91.2566,14.625],[-91.2559,14.625],[-91.2551,14.6257],[-91.2547,14.6261],[-91.2541,14.6268],[-91.2536,14.6273],[-91.2529,14.6279],[-91.2524,14.6282],[-91.2518,14.6285],[-91.251,14.6289],[-91.2506,14.6297],[-91.2501,14.6306],[-91.2495,14.6313],[-91.2489,14.6322],[-91.2488,14.6329],[-91.2486,14.6335],[-91.248,14.6338],[-91.2472,14.6339],[-91.2465,14.6341],[-91.2458,14.6347],[-91.2453,14.635],[-91.2447,14.6357],[-91.2443,14.6366],[-91.2443,14.6373],[-91.2448,14.6378],[-91.245,14.6384],[-91.2444,14.6387],[-91.2439,14.6386],[-91.2429,14.6384],[-91.2422,14.6384],[-91.2415,14.6388],[-91.241,14.6393],[-91.2404,14.6401],[-91.2401,14.6406],[-91.2398,14.6412],[-91.2398,14.6418],[-91.2402,14.6425],[-91.2403,14.6434],[-91.2396,14.6445],[-91.2389,14.6457],[-91.2388,14.6464],[-91.2387,14.6473],[-91.2385,14.6478],[-91.2382,14.6483],[-91.2373,14.6487],[-91.2363,14.6488],[-91.2356,14.6491],[-91.2347,14.6501],[-91.2344,14.6505],[-91.2345,14.6513],[-91.235,14.6522],[-91.2352,14.6529],[-91.2358,14.6538],[-91.2367,14.6541],[-91.2376,14.654],[-91.2384,14.6538],[-91.239,14.6534],[-91.2399,14.6529],[-91.2401,14.6535],[-91.2398,14.6542],[-91.2397,14.6548],[-91.2396,14.6554],[-91.2394,14.6562],[-91.2391,14.6568],[-91.2388,14.6574],[-91.2385,14.6579],[-91.2374,14.6606],[-91.2369,14.6617],[-91.2371,14.6626],[-91.2375,14.6629],[-91.2379,14.6632],[-91.2384,14.6634],[-91.2389,14.6636],[-91.2394,14.6638],[-91.2399,14.664],[-91.2403,14.6645],[-91.2402,14.6653],[-91.2401,14.666],[-91.2403,14.6668],[-91.2409,14.6676],[-91.2412,14.6681],[-91.2412,14.669],[-91.241,14.6697],[-91.2408,14.6704],[-91.2408,14.6713],[-91.2413,14.6718],[-91.2418,14.6722],[-91.2424,14.6726],[-91.2434,14.6733],[-91.244,14.6737],[-91.2444,14.674],[-91.2448,14.6745],[-91.2451,14.6749],[-91.2456,14.6753],[-91.2462,14.6757],[-91.2467,14.676],[-91.2473,14.6762],[-91.248,14.6764],[-91.2485,14.6765],[-91.2492,14.677],[-91.2498,14.6775],[-91.2504,14.678],[-91.251,14.6781],[-91.2522,14.6784],[-91.2528,14.6786],[-91.2534,14.6788],[-91.2542,14.6793],[-91.255,14.6798],[-91.2557,14.6803],[-91.2567,14.6809],[-91.2576,14.6817],[-91.2597,14.6838],[-91.2604,14.6842],[-91.261,14.6845],[-91.2615,14.6847],[-91.262,14.6851],[-91.2625,14.6854],[-91.2631,14.6858],[-91.2637,14.6864],[-91.2642,14.687],[-91.2646,14.6877],[-91.2652,14.6884],[-91.2656,14.6887],[-91.2661,14.6891],[-91.2665,14.6893],[-91.267,14.6897],[-91.2675,14.6899],[-91.2679,14.6904],[-91.2681,14.6908],[-91.2681,14.6915],[-91.2682,14.692],[-91.2684,14.6928],[-91.2686,14.6935],[-91.2689,14.6939],[-91.2695,14.6945],[-91.27,14.6949],[-91.2698,14.6955],[-91.2698,14.6961],[-91.2704,14.6963],[-91.2712,14.6961],[-91.2717,14.6959],[-91.2723,14.6955],[-91.2731,14.6948],[-91.2745,14.6931],[-91.2753,14.6927],[-91.276,14.6927],[-91.2767,14.6933],[-91.2771,14.6941],[-91.2772,14.6946],[-91.2777,14.695],[-91.2782,14.695],[-91.2792,14.6947],[-91.2798,14.6945],[-91.2804,14.6941],[-91.281,14.6934],[-91.2818,14.6934],[-91.2822,14.6938],[-91.2827,14.6944],[-91.2842,14.6955],[-91.2861,14.6974],[-91.2867,14.698],[-91.2869,14.6984],[-91.2872,14.6994],[-91.2873,14.7002],[-91.2873,14.7012],[-91.2872,14.7023],[-91.2871,14.7029],[-91.2868,14.7043],[-91.2866,14.7048],[-91.2862,14.7055],[-91.2858,14.7059],[-91.2852,14.7063],[-91.2842,14.7068],[-91.2834,14.7074],[-91.2832,14.7079],[-91.2832,14.7084],[-91.2831,14.7092],[-91.2829,14.7103],[-91.2826,14.7109],[-91.2821,14.7115],[-91.2816,14.7119],[-91.2803,14.7126],[-91.2789,14.7134],[-91.2783,14.7136],[-91.2775,14.7137],[-91.2765,14.7134],[-91.2755,14.7133],[-91.2748,14.7133],[-91.2741,14.7135],[-91.2731,14.714],[-91.2715,14.7147],[-91.2703,14.7152],[-91.2685,14.7162],[-91.2679,14.7167],[-91.2671,14.7176],[-91.2672,14.7185],[-91.2672,14.7191],[-91.2671,14.7198],[-91.2668,14.7205],[-91.2663,14.7212],[-91.2658,14.7218],[-91.2654,14.7222],[-91.2648,14.7226],[-91.2638,14.7233],[-91.263,14.7234],[-91.2624,14.7229],[-91.2621,14.7221],[-91.2615,14.72],[-91.2612,14.7194],[-91.2606,14.719],[-91.2599,14.7192],[-91.2597,14.7196],[-91.2594,14.7201],[-91.2589,14.7207],[-91.2584,14.7212],[-91.2575,14.7217],[-91.2568,14.7222],[-91.2561,14.7226],[-91.2555,14.7227],[-91.2548,14.7225],[-91.2539,14.7222],[-91.2533,14.7218],[-91.2529,14.7214],[-91.2522,14.721],[-91.2516,14.721],[-91.251,14.7213],[-91.2502,14.7213],[-91.2493,14.7213],[-91.2488,14.7213],[-91.2478,14.7214],[-91.2472,14.7216],[-91.2468,14.7218],[-91.246,14.722],[-91.2455,14.7222],[-91.2441,14.7228],[-91.2434,14.7234],[-91.2432,14.725],[-91.2431,14.7261],[-91.2433,14.7269],[-91.2434,14.7277],[-91.2432,14.7284],[-91.2424,14.729],[-91.2419,14.7292],[-91.2413,14.7296],[-91.2407,14.7299],[-91.2397,14.7303],[-91.2389,14.7303],[-91.238,14.7298],[-91.2375,14.7295],[-91.2367,14.7292],[-91.2361,14.7291],[-91.2356,14.7289],[-91.235,14.7287],[-91.2335,14.7274],[-91.2323,14.727],[-91.2319,14.7275],[-91.2316,14.7279],[-91.2311,14.7286],[-91.2307,14.729],[-91.2302,14.7294],[-91.2295,14.7298],[-91.229,14.7299],[-91.2285,14.7301],[-91.2272,14.7303],[-91.2264,14.7304],[-91.2256,14.7306],[-91.225,14.7309],[-91.2246,14.7313],[-91.2234,14.7327],[-91.2226,14.7335],[-91.2219,14.734],[-91.2208,14.7347],[-91.2202,14.735],[-91.2195,14.7353],[-91.2187,14.7352],[-91.2182,14.7352],[-91.2174,14.7351],[-91.2167,14.735],[-91.2155,14.7351],[-91.2143,14.7351],[-91.2132,14.7351],[-91.2124,14.7355],[-91.2117,14.736],[-91.2113,14.7367],[-91.2111,14.7374],[-91.2106,14.7383],[-91.2102,14.7387],[-91.2094,14.7391],[-91.2088,14.7392],[-91.208,14.7391],[-91.2072,14.7389],[-91.2063,14.7386],[-91.2058,14.7386],[-91.205,14.7387],[-91.2044,14.7388],[-91.2038,14.739],[-91.2028,14.7393],[-91.2021,14.7395],[-91.2013,14.7399],[-91.2007,14.7401],[-91.2001,14.7402],[-91.1994,14.7401],[-91.1986,14.7395],[-91.1973,14.7381],[-91.1968,14.7377],[-91.1961,14.7374],[-91.195,14.7376],[-91.1943,14.7379],[-91.1939,14.7384],[-91.1935,14.7395],[-91.193,14.7408],[-91.1926,14.7411],[-91.192,14.7412],[-91.1911,14.7411],[-91.1906,14.7411],[-91.1898,14.741],[-91.1891,14.7413],[-91.1883,14.7417],[-91.1872,14.7417],[-91.1865,14.7416],[-91.1859,14.7411],[-91.1855,14.7408],[-91.1849,14.7404],[-91.1842,14.74],[-91.1836,14.7398],[-91.1829,14.7395],[-91.1823,14.7394],[-91.181,14.7392],[-91.1802,14.7392],[-91.1794,14.7392],[-91.1784,14.7394],[-91.1776,14.7397],[-91.1762,14.7406],[-91.1756,14.741],[-91.1751,14.7414],[-91.1722,14.7441]]]}},{"type":"Feature","properties":{"name":"Escuintla","id":"GT-ES"},"geometry":{"type":"Polygon","coordinates":[[[-91.5357,14.0445],[-91.5345,14.0437],[-91.5309,14.042],[-91.5269,14.0406],[-91.5263,14.0404],[-91.5253,14.04],[-91.5236,14.0393],[-91.5229,14.039],[-91.5202,14.0381],[-91.5181,14.0374],[-91.5144,14.036],[-91.5108,14.0347],[-91.5073,14.0333],[-91.5044,14.0323],[-91.4996,14.0306],[-91.4937,14.0281],[-91.4898,14.0267],[-91.4842,14.0245],[-91.4819,14.0237],[-91.4769,14.0215],[-91.4739,14.0201],[-91.4705,14.0188],[-91.4694,14.0184],[-91.4693,14.0183],[-91.4687,14.0183],[-91.4679,14.0181],[-91.4672,14.0176],[-91.4665,14.0171],[-91.4658,14.0169],[-91.4652,14.0168],[-91.4648,14.0166],[-91.4642,14.0163],[-91.4634,14.0158],[-91.4629,14.0155],[-91.4624,14.0152],[-91.4615,14.0149],[-91.4609,14.0147],[-91.4602,14.0146],[-91.4596,14.0144],[-91.459,14.0142],[-91.4583,14.014],[-91.4574,14.0136],[-91.4565,14.0132],[-91.4558,14.0129],[-91.4552,14.0126],[-91.4547,14.0123],[-91.4542,14.0119],[-91.4537,14.0115],[-91.4533,14.0112],[-91.4518,14.0107],[-91.4512,14.0105],[-91.4507,14.0104],[-91.4497,14.01],[-91.4489,14.0097],[-91.4483,14.0094],[-91.4478,14.0092],[-91.4471,14.0091],[-91.4463,14.0089],[-91.4455,14.0088],[-91.4451,14.0087],[-91.4444,14.0084],[-91.4437,14.008],[-91.4424,14.0073],[-91.441,14.0066],[-91.4395,14.0058],[-91.4389,14.0054],[-91.4384,14.0051],[-91.4375,14.0047],[-91.437,14.0045],[-91.4362,14.0043],[-91.4349,14.0039],[-91.4345,14.0036],[-91.4337,14.0032],[-91.4329,14.0028],[-91.4325,14.0026],[-91.4318,14.0024],[-91.4313,14.0023],[-91.4305,14.0022],[-91.4295,14.0018],[-91.4288,14.0014],[-91.4281,14.001],[-91.4275,14.0005],[-91.4269,14.0001],[-91.4263,13.9997],[-91.4249,13.9991],[-91.4208,13.9976],[-91.4185,13.9964],[-91.4173,13.9957],[-91.4172,13.9957],[-91.4071,13.9918],[-91.4016,13.9894],[-91.396,13.9871],[-91.3905,13.9847],[-91.3868,13.9831],[-91.3832,13.9816],[-91.3795,13.98],[-91.3709,13.9764],[-91.37,13.9764],[-91.3697,13.9759],[-91.3627,13.9727],[-91.3595,13.9714],[-91.3479,13.9666],[-91.344,13.9651],[-91.3363,13.9618],[-91.3258,13.958],[-91.3203,13.9559],[-91.3185,13.9552],[-91.3182,13.9551],[-91.3128,13.9534],[-91.3079,13.9515],[-91.3062,13.9509],[-91.3053,13.9506],[-91.3048,13.9505],[-91.3035,13.9503],[-91.3014,13.9498],[-91.2981,13.9488],[-91.2945,13.9477],[-91.2922,13.9472],[-91.2866,13.9459],[-91.279,13.944],[-91.2753,13.9431],[-91.2716,13.9422],[-91.2658,13.9408],[-91.2434,13.936],[-91.2358,13.9344],[-91.2153,13.9307],[-91.2039,13.929],[-91.1981,13.9282],[-91.1929,13.9273],[-91.1875,13.9264],[-91.1831,13.9259],[-91.1372,13.9207],[-91.1288,13.9199],[-91.1281,13.9199],[-91.1274,13.9198],[-91.1255,13.9196],[-91.1249,13.9197],[-91.1246,13.9196],[-91.1242,13.9195],[-91.1238,13.9195],[-91.1229,13.9193],[-91.1217,13.9192],[-91.121,13.9193],[-91.1204,13.9192],[-91.1196,13.919],[-91.1182,13.9189],[-91.1175,13.919],[-91.1171,13.9189],[-91.1166,13.9187],[-91.1161,13.9187],[-91.1157,13.9187],[-91.1154,13.9186],[-91.115,13.9185],[-91.1143,13.9186],[-91.1133,13.9184],[-91.1126,13.9184],[-91.1117,13.9184],[-91.1108,13.9182],[-91.1104,13.9182],[-91.11,13.9183],[-91.1091,13.9183],[-91.1088,13.9181],[-91.1085,13.9179],[-91.1081,13.9179],[-91.1078,13.918],[-91.1075,13.9179],[-91.1065,13.918],[-91.1059,13.9182],[-91.1051,13.9184],[-91.1045,13.9186],[-91.1043,13.9184],[-91.1039,13.9183],[-91.1039,13.9179],[-91.1036,13.9175],[-91.102,13.9174],[-91.0998,13.9172],[-91.0975,13.917],[-91.0929,13.9165],[-91.0899,13.9162],[-91.0899,13.9165],[-91.0893,13.9171],[-91.0888,13.9171],[-91.0882,13.9167],[-91.0877,13.9162],[-91.0876,13.9161],[-91.0838,13.9158],[-91.0783,13.9155],[-91.0725,13.9152],[-91.065,13.9148],[-91.0555,13.9145],[-91.0491,13.9144],[-91.0412,13.9141],[-91.0087,13.9142],[-90.9908,13.914],[-90.952,13.9135],[-90.9152,13.9111],[-90.9146,13.911],[-90.9106,13.9114],[-90.9092,13.9112],[-90.9075,13.911],[-90.893,13.9129],[-90.8898,13.9134],[-90.8887,13.9136],[-90.8887,13.9136],[-90.8885,13.9136],[-90.8866,13.9139],[-90.8861,13.9139],[-90.8858,13.9144],[-90.8859,13.9139],[-90.8849,13.914],[-90.8842,13.914],[-90.8842,13.9141],[-90.8837,13.9144],[-90.8837,13.914],[-90.8829,13.9141],[-90.8809,13.9143],[-90.8684,13.9147],[-90.8679,13.9149],[-90.8671,13.9151],[-90.8652,13.9152],[-90.8647,13.915],[-90.8632,13.915],[-90.862,13.9149],[-90.8544,13.9154],[-90.8528,13.9155],[-90.85,13.9154],[-90.8477,13.9154],[-90.8296,13.9163],[-90.8283,13.9163],[-90.8209,13.9166],[-90.8141,13.9172],[-90.8118,13.9173],[-90.8093,13.9176],[-90.8095,13.9192],[-90.8169,13.9189],[-90.8169,13.9194],[-90.8122,13.9194],[-90.8124,13.9203],[-90.8177,13.9203],[-90.818,13.9207],[-90.8167,13.921],[-90.8168,13.923],[-90.8171,13.9237],[-90.8182,13.9238],[-90.8182,13.9246],[-90.8148,13.924],[-90.8148,13.9248],[-90.8161,13.9248],[-90.8161,13.9256],[-90.814,13.9256],[-90.8142,13.9234],[-90.8148,13.9234],[-90.815,13.923],[-90.8124,13.9227],[-90.8114,13.9212],[-90.8095,13.9209],[-90.8098,13.9214],[-90.8092,13.9214],[-90.8091,13.9222],[-90.8102,13.923],[-90.8103,13.9238],[-90.8108,13.9238],[-90.8111,13.9253],[-90.8106,13.9253],[-90.8106,13.9248],[-90.8084,13.9237],[-90.8078,13.9258],[-90.8081,13.9274],[-90.806,13.9276],[-90.8054,13.9263],[-90.8048,13.9206],[-90.8027,13.9206],[-90.8024,13.919],[-90.8045,13.9191],[-90.8045,13.9186],[-90.8027,13.9183],[-90.803,13.9179],[-90.8043,13.918],[-90.8043,13.9178],[-90.8038,13.9176],[-90.8026,13.9175],[-90.8021,13.9175],[-90.7993,13.9177],[-90.7993,13.9173],[-90.7987,13.9173],[-90.798,13.9174],[-90.791,13.9172],[-90.7906,13.9165],[-90.7903,13.916],[-90.7899,13.9159],[-90.7846,13.9148],[-90.7846,13.9151],[-90.7891,13.916],[-90.7898,13.9161],[-90.7901,13.9164],[-90.7903,13.9167],[-90.7919,13.9197],[-90.7918,13.9199],[-90.796,13.9199],[-90.7968,13.92],[-90.7974,13.9201],[-90.7981,13.9205],[-90.7983,13.9211],[-90.7987,13.9211],[-90.8011,13.9211],[-90.8019,13.9227],[-90.8021,13.9227],[-90.8021,13.9232],[-90.8019,13.9232],[-90.8019,13.9237],[-90.8016,13.9237],[-90.8016,13.9239],[-90.8016,13.9244],[-90.8013,13.9244],[-90.8011,13.9242],[-90.8011,13.9242],[-90.8011,13.9242],[-90.8009,13.9242],[-90.8009,13.9244],[-90.8008,13.9245],[-90.8008,13.9246],[-90.8007,13.9246],[-90.8007,13.9243],[-90.8007,13.9244],[-90.8006,13.9246],[-90.8005,13.9246],[-90.8004,13.9246],[-90.8003,13.9246],[-90.8002,13.9247],[-90.8,13.9247],[-90.7998,13.9247],[-90.7994,13.9247],[-90.7991,13.9247],[-90.7989,13.9246],[-90.7989,13.9245],[-90.7987,13.9246],[-90.7987,13.9247],[-90.7984,13.9246],[-90.798,13.9246],[-90.7977,13.9246],[-90.7975,13.9246],[-90.7975,13.9247],[-90.7972,13.9247],[-90.7972,13.9246],[-90.7969,13.9247],[-90.7969,13.9248],[-90.7969,13.9248],[-90.7966,13.9249],[-90.7965,13.9249],[-90.7965,13.9249],[-90.7964,13.9257],[-90.7964,13.9259],[-90.7964,13.9259],[-90.7962,13.9258],[-90.7959,13.9257],[-90.7953,13.9257],[-90.7953,13.9252],[-90.7947,13.9251],[-90.7946,13.9245],[-90.7919,13.9244],[-90.7914,13.9245],[-90.7909,13.9245],[-90.7908,13.9246],[-90.7908,13.9252],[-90.7908,13.926],[-90.7907,13.9262],[-90.7909,13.9267],[-90.7913,13.9275],[-90.7913,13.928],[-90.7912,13.9286],[-90.791,13.929],[-90.7884,13.9293],[-90.7884,13.9293],[-90.7883,13.9293],[-90.7882,13.9288],[-90.7879,13.9289],[-90.7879,13.9289],[-90.7879,13.9289],[-90.7853,13.9222],[-90.7852,13.9217],[-90.7867,13.9215],[-90.7867,13.9212],[-90.7852,13.9214],[-90.7851,13.9208],[-90.787,13.9206],[-90.7869,13.9203],[-90.7869,13.9203],[-90.7866,13.9203],[-90.7866,13.9202],[-90.7865,13.9201],[-90.7864,13.9201],[-90.7863,13.9204],[-90.7847,13.9206],[-90.7846,13.9192],[-90.7846,13.9186],[-90.7845,13.9184],[-90.7844,13.9182],[-90.7843,13.9182],[-90.7842,13.9182],[-90.7841,13.9184],[-90.7844,13.9208],[-90.7837,13.9212],[-90.7834,13.9212],[-90.7821,13.9218],[-90.7816,13.9219],[-90.7774,13.9226],[-90.775,13.9229],[-90.7736,13.9229],[-90.7729,13.9227],[-90.7729,13.922],[-90.7729,13.9217],[-90.7728,13.9217],[-90.7727,13.9218],[-90.7722,13.9221],[-90.7721,13.9221],[-90.7719,13.9221],[-90.7721,13.9233],[-90.7712,13.9237],[-90.7707,13.9239],[-90.7696,13.924],[-90.7688,13.9241],[-90.7668,13.9243],[-90.7663,13.9244],[-90.7661,13.9245],[-90.7646,13.9246],[-90.7629,13.9248],[-90.7617,13.9248],[-90.7598,13.9249],[-90.7588,13.9251],[-90.7558,13.9252],[-90.7543,13.9255],[-90.7513,13.9256],[-90.7502,13.9258],[-90.7481,13.9258],[-90.7419,13.9261],[-90.7376,13.9263],[-90.7314,13.9262],[-90.7296,13.9262],[-90.7271,13.9262],[-90.7259,13.9262],[-90.724,13.926],[-90.7226,13.9259],[-90.7225,13.9253],[-90.7223,13.9253],[-90.7216,13.9256],[-90.7206,13.926],[-90.7206,13.9265],[-90.7202,13.9267],[-90.719,13.9268],[-90.7173,13.9274],[-90.7096,13.9283],[-90.7007,13.9283],[-90.68,13.9276],[-90.6654,13.9268],[-90.6595,13.9262],[-90.6497,13.9251],[-90.6484,13.9251],[-90.6379,13.9237],[-90.6328,13.9234],[-90.6267,13.9225],[-90.6236,13.9219],[-90.6232,13.925],[-90.6235,13.9332],[-90.6233,13.9415],[-90.6242,14.0017],[-90.6172,14.0138],[-90.6193,14.0168],[-90.6172,14.0695],[-90.5903,14.0705],[-90.5894,14.0787],[-90.5919,14.083],[-90.5898,14.0919],[-90.5839,14.0935],[-90.5774,14.0968],[-90.5747,14.0992],[-90.5659,14.1005],[-90.5616,14.0982],[-90.5546,14.1008],[-90.554,14.1222],[-90.5551,14.1245],[-90.564,14.1258],[-90.5655,14.1277],[-90.5665,14.1338],[-90.5836,14.1368],[-90.5934,14.1371],[-90.5914,14.1542],[-90.591,14.158],[-90.5666,14.1565],[-90.5489,14.1719],[-90.5326,14.1791],[-90.5296,14.1804],[-90.5257,14.1845],[-90.5222,14.1899],[-90.5201,14.1928],[-90.5101,14.1985],[-90.5091,14.1991],[-90.5192,14.2024],[-90.5286,14.2157],[-90.5373,14.2078],[-90.5403,14.205],[-90.5451,14.2012],[-90.5518,14.1969],[-90.5583,14.1952],[-90.5623,14.1961],[-90.5645,14.2],[-90.5745,14.2027],[-90.5968,14.1953],[-90.6021,14.2072],[-90.602,14.2075],[-90.6007,14.2112],[-90.5969,14.2171],[-90.596,14.2193],[-90.5941,14.2237],[-90.5945,14.2251],[-90.5946,14.2252],[-90.5917,14.2281],[-90.5897,14.2302],[-90.5863,14.2379],[-90.5863,14.238],[-90.5882,14.2416],[-90.5884,14.2419],[-90.579,14.2473],[-90.5729,14.2566],[-90.5736,14.2621],[-90.5736,14.2653],[-90.573,14.2683],[-90.5687,14.2719],[-90.5669,14.2759],[-90.5663,14.2785],[-90.5666,14.2813],[-90.569,14.2863],[-90.5718,14.2883],[-90.5757,14.2904],[-90.5757,14.295],[-90.5775,14.2988],[-90.5905,14.3067],[-90.6065,14.3455],[-90.6105,14.3554],[-90.5985,14.3768],[-90.5948,14.3833],[-90.5879,14.3956],[-90.5905,14.406],[-90.5878,14.427],[-90.6164,14.4344],[-90.6262,14.4377],[-90.6488,14.4514],[-90.6505,14.4524],[-90.6697,14.4547],[-90.7416,14.4636],[-90.7429,14.4604],[-90.7436,14.459],[-90.7441,14.4578],[-90.7504,14.4533],[-90.7581,14.4466],[-90.767,14.4392],[-90.7688,14.4364],[-90.7709,14.4329],[-90.7734,14.4297],[-90.776,14.4293],[-90.7787,14.4304],[-90.7815,14.4312],[-90.7835,14.4297],[-90.7906,14.4121],[-90.7908,14.4088],[-90.7916,14.4057],[-90.7917,14.4035],[-90.7922,14.4009],[-90.794,14.3959],[-90.7967,14.3877],[-90.8025,14.3831],[-90.8054,14.3832],[-90.808,14.3843],[-90.8084,14.3845],[-90.8109,14.3861],[-90.8141,14.3888],[-90.8152,14.3985],[-90.8161,14.4077],[-90.8193,14.4089],[-90.8253,14.4174],[-90.8339,14.423],[-90.8342,14.43],[-90.8434,14.4473],[-90.8528,14.45],[-90.8612,14.4597],[-90.8675,14.465],[-90.88,14.4716],[-90.8808,14.4702],[-90.881,14.4697],[-90.885,14.4626],[-90.8869,14.4592],[-90.8891,14.456],[-90.8912,14.4498],[-90.8957,14.446],[-90.9045,14.442],[-90.9099,14.4383],[-90.918,14.4313],[-90.9226,14.4273],[-90.9265,14.4266],[-90.9322,14.4247],[-90.9382,14.4191],[-90.9437,14.4136],[-90.9472,14.4093],[-90.9497,14.4053],[-90.9536,14.3991],[-90.9566,14.3956],[-90.9586,14.3947],[-90.9614,14.394],[-90.9641,14.392],[-90.9655,14.3887],[-90.968,14.3842],[-90.9673,14.3803],[-90.973,14.3734],[-90.9737,14.3769],[-90.9764,14.3887],[-90.9774,14.3975],[-90.9759,14.409],[-90.9779,14.4115],[-90.9798,14.4116],[-90.9821,14.4193],[-90.9889,14.4202],[-90.9879,14.4288],[-90.9949,14.4313],[-90.9974,14.4297],[-90.9992,14.433],[-90.9967,14.4368],[-90.9986,14.4392],[-91.0047,14.4355],[-91.0084,14.4333],[-91.0102,14.4231],[-91.0156,14.4215],[-91.0177,14.4122],[-91.0323,14.4064],[-91.0322,14.4085],[-91.0316,14.4102],[-91.0298,14.416],[-91.0328,14.426],[-91.0339,14.4264],[-91.0364,14.4272],[-91.0381,14.4239],[-91.0392,14.4277],[-91.0397,14.4277],[-91.0437,14.428],[-91.0523,14.4285],[-91.059,14.4192],[-91.0704,14.417],[-91.0724,14.4105],[-91.0758,14.4069],[-91.0806,14.4057],[-91.0849,14.401],[-91.0901,14.4057],[-91.0931,14.4062],[-91.0943,14.4064],[-91.0955,14.4106],[-91.1007,14.4124],[-91.1011,14.4123],[-91.1073,14.4099],[-91.113,14.4043],[-91.1177,14.3982],[-91.1191,14.3958],[-91.1213,14.3892],[-91.1252,14.3865],[-91.1275,14.3826],[-91.1313,14.3798],[-91.1346,14.3778],[-91.1365,14.3756],[-91.1373,14.3746],[-91.1361,14.3735],[-91.134,14.3715],[-91.1319,14.3696],[-91.1319,14.3682],[-91.1319,14.365],[-91.1317,14.3625],[-91.1317,14.3622],[-91.1312,14.3616],[-91.1287,14.359],[-91.1275,14.3577],[-91.1256,14.357],[-91.1254,14.357],[-91.1255,14.3567],[-91.127,14.3533],[-91.1276,14.3502],[-91.1284,14.3466],[-91.1286,14.3458],[-91.1288,14.3446],[-91.1293,14.342],[-91.129,14.3403],[-91.1284,14.3373],[-91.1283,14.3364],[-91.1275,14.3316],[-91.1291,14.3292],[-91.1291,14.3272],[-91.1291,14.3261],[-91.1291,14.3256],[-91.1296,14.3244],[-91.1307,14.3216],[-91.1308,14.3213],[-91.1312,14.3212],[-91.1338,14.3204],[-91.1349,14.3206],[-91.1351,14.3206],[-91.1372,14.321],[-91.1379,14.3211],[-91.1375,14.317],[-91.1385,14.3146],[-91.1415,14.3145],[-91.1425,14.3144],[-91.1409,14.3117],[-91.1404,14.3108],[-91.1451,14.3058],[-91.1455,14.3054],[-91.1458,14.3026],[-91.1458,14.3022],[-91.1465,14.3006],[-91.147,14.2995],[-91.1475,14.2983],[-91.1453,14.2945],[-91.1463,14.2867],[-91.1468,14.2859],[-91.1485,14.2827],[-91.1529,14.287],[-91.1536,14.2877],[-91.1576,14.2851],[-91.174,14.2884],[-91.1996,14.2926],[-91.2381,14.299],[-91.2502,14.301],[-91.2648,14.3039],[-91.2647,14.3043],[-91.2639,14.3081],[-91.262,14.3124],[-91.263,14.3189],[-91.2612,14.3222],[-91.2578,14.3306],[-91.256,14.333],[-91.2565,14.3356],[-91.2662,14.3362],[-91.2678,14.3363],[-91.268,14.329],[-91.276,14.3278],[-91.2801,14.3217],[-91.2798,14.3144],[-91.2817,14.3089],[-91.32,14.3179],[-91.332,14.3224],[-91.3423,14.3176],[-91.3442,14.3237],[-91.3452,14.3266],[-91.3409,14.3327],[-91.3372,14.34],[-91.3385,14.3466],[-91.3403,14.3523],[-91.3397,14.357],[-91.335,14.366],[-91.3344,14.3724],[-91.3314,14.3763],[-91.3348,14.3791],[-91.3328,14.3841],[-91.3233,14.3963],[-91.3235,14.3985],[-91.3271,14.3981],[-91.3312,14.3954],[-91.338,14.3898],[-91.3438,14.3851],[-91.3483,14.3814],[-91.3517,14.3811],[-91.3604,14.3804],[-91.3645,14.3773],[-91.3734,14.3745],[-91.3743,14.3718],[-91.3739,14.3677],[-91.3755,14.3658],[-91.3758,14.3654],[-91.376,14.3628],[-91.3763,14.3596],[-91.3832,14.3576],[-91.3846,14.3553],[-91.3846,14.3479],[-91.3855,14.3462],[-91.3862,14.3448],[-91.3867,14.3405],[-91.3869,14.3388],[-91.3885,14.3362],[-91.3946,14.3366],[-91.4111,14.2901],[-91.4113,14.2899],[-91.4206,14.2844],[-91.4273,14.2826],[-91.428,14.2828],[-91.4296,14.2846],[-91.4302,14.2876],[-91.4344,14.323],[-91.4363,14.3226],[-91.4382,14.3217],[-91.4393,14.3216],[-91.4413,14.3211],[-91.4422,14.3208],[-91.4426,14.3205],[-91.4431,14.3197],[-91.4441,14.3191],[-91.4449,14.3189],[-91.4467,14.3176],[-91.4478,14.3169],[-91.4484,14.3161],[-91.4488,14.315],[-91.4489,14.3142],[-91.4492,14.3132],[-91.45,14.3123],[-91.4513,14.3116],[-91.4521,14.3109],[-91.4526,14.3104],[-91.4538,14.3092],[-91.4546,14.3084],[-91.4549,14.3079],[-91.4553,14.3074],[-91.4566,14.3071],[-91.4582,14.3067],[-91.4593,14.3061],[-91.4594,14.3061],[-91.46,14.3055],[-91.4604,14.3046],[-91.4603,14.304],[-91.4603,14.3039],[-91.46,14.3033],[-91.4597,14.3028],[-91.4589,14.3019],[-91.4583,14.301],[-91.4583,14.3002],[-91.4584,14.2994],[-91.4588,14.2987],[-91.4595,14.2982],[-91.4605,14.2966],[-91.461,14.2959],[-91.4612,14.295],[-91.4611,14.2944],[-91.4606,14.2939],[-91.4602,14.2937],[-91.4591,14.2934],[-91.4566,14.293],[-91.4555,14.293],[-91.4551,14.2929],[-91.4547,14.2922],[-91.4546,14.2914],[-91.4545,14.2911],[-91.4544,14.2903],[-91.4544,14.2893],[-91.4545,14.2887],[-91.4549,14.287],[-91.4548,14.2858],[-91.4547,14.2854],[-91.4543,14.2842],[-91.4539,14.2829],[-91.4539,14.2824],[-91.4539,14.2816],[-91.454,14.2807],[-91.4544,14.2797],[-91.4551,14.2789],[-91.4561,14.278],[-91.4579,14.2765],[-91.4594,14.2751],[-91.4608,14.2736],[-91.4617,14.2728],[-91.4623,14.272],[-91.4627,14.2713],[-91.4629,14.2706],[-91.4629,14.27],[-91.4628,14.2697],[-91.462,14.2692],[-91.4615,14.269],[-91.4611,14.2688],[-91.4602,14.2687],[-91.4592,14.2682],[-91.4582,14.2682],[-91.4564,14.2684],[-91.4559,14.2686],[-91.4551,14.2688],[-91.4544,14.2687],[-91.4541,14.2683],[-91.4538,14.2674],[-91.4534,14.2658],[-91.4533,14.2653],[-91.4526,14.2634],[-91.452,14.262],[-91.4512,14.2604],[-91.4503,14.2586],[-91.4493,14.2571],[-91.4492,14.257],[-91.449,14.2566],[-91.4486,14.2552],[-91.4486,14.2548],[-91.4487,14.2546],[-91.4491,14.2541],[-91.4502,14.2534],[-91.4505,14.2528],[-91.4512,14.2512],[-91.4517,14.2496],[-91.4516,14.2479],[-91.451,14.2461],[-91.4509,14.246],[-91.4497,14.2443],[-91.4486,14.2421],[-91.4486,14.2419],[-91.4485,14.2393],[-91.4489,14.2346],[-91.45,14.2309],[-91.4506,14.2286],[-91.4505,14.2267],[-91.4499,14.2252],[-91.4498,14.225],[-91.4462,14.2199],[-91.4454,14.2177],[-91.4452,14.2152],[-91.4453,14.2137],[-91.4456,14.2133],[-91.4461,14.2124],[-91.4472,14.2113],[-91.4502,14.2105],[-91.4521,14.2096],[-91.4527,14.2092],[-91.4532,14.2085],[-91.4533,14.2074],[-91.4528,14.2064],[-91.4524,14.2061],[-91.4516,14.2056],[-91.4503,14.2049],[-91.4487,14.204],[-91.4486,14.2039],[-91.4485,14.2038],[-91.4478,14.2025],[-91.4479,14.2001],[-91.4482,14.1982],[-91.4489,14.1971],[-91.4505,14.1962],[-91.4532,14.1946],[-91.4549,14.1926],[-91.4558,14.1904],[-91.4559,14.1899],[-91.4566,14.1866],[-91.4567,14.1859],[-91.4571,14.1834],[-91.4576,14.1828],[-91.4592,14.1808],[-91.4603,14.1786],[-91.4643,14.1736],[-91.4677,14.1709],[-91.47,14.1679],[-91.4735,14.1642],[-91.4757,14.1619],[-91.48,14.1571],[-91.4814,14.1554],[-91.4836,14.1535],[-91.4844,14.1527],[-91.4854,14.1522],[-91.4858,14.1517],[-91.486,14.151],[-91.4862,14.1498],[-91.4862,14.1489],[-91.486,14.1472],[-91.486,14.1465],[-91.4859,14.1446],[-91.4865,14.1396],[-91.4865,14.1394],[-91.4871,14.1357],[-91.488,14.133],[-91.4909,14.1304],[-91.4953,14.1266],[-91.4996,14.1236],[-91.5004,14.123],[-91.5006,14.1227],[-91.5031,14.1205],[-91.5043,14.1175],[-91.5051,14.1145],[-91.5059,14.1098],[-91.5059,14.1098],[-91.5063,14.1091],[-91.5087,14.104],[-91.5137,14.099],[-91.5149,14.0977],[-91.5163,14.0952],[-91.5189,14.0929],[-91.5199,14.0919],[-91.5236,14.0895],[-91.527,14.0868],[-91.5303,14.0848],[-91.5316,14.0834],[-91.5326,14.0823],[-91.5328,14.081],[-91.5315,14.0783],[-91.5313,14.0778],[-91.5311,14.0755],[-91.5311,14.0737],[-91.5312,14.0711],[-91.5318,14.0696],[-91.5318,14.0695],[-91.5318,14.069],[-91.533,14.0673],[-91.5333,14.0653],[-91.5335,14.0637],[-91.5341,14.0626],[-91.5351,14.061],[-91.5351,14.0599],[-91.5344,14.0588],[-91.5336,14.0577],[-91.5319,14.0553],[-91.531,14.0527],[-91.5307,14.0519],[-91.5306,14.0497],[-91.5314,14.048],[-91.5334,14.046],[-91.5357,14.0445]]]}},{"type":"Feature","properties":{"name":"Chimaltenango","id":"GT-CM"},"geometry":{"type":"Polygon","coordinates":[[[-91.1007,14.4124],[-91.0955,14.4106],[-91.0943,14.4064],[-91.0931,14.4062],[-91.0901,14.4057],[-91.0849,14.401],[-91.0806,14.4057],[-91.0758,14.4069],[-91.0724,14.4105],[-91.0704,14.417],[-91.059,14.4192],[-91.0523,14.4285],[-91.0437,14.428],[-91.0397,14.4277],[-91.0392,14.4277],[-91.0381,14.4239],[-91.0364,14.4272],[-91.0339,14.4264],[-91.0328,14.426],[-91.0298,14.416],[-91.0316,14.4102],[-91.0322,14.4085],[-91.0323,14.4064],[-91.0177,14.4122],[-91.0156,14.4215],[-91.0102,14.4231],[-91.0084,14.4333],[-91.0047,14.4355],[-90.9986,14.4392],[-90.9967,14.4368],[-90.9992,14.433],[-90.9974,14.4297],[-90.9949,14.4313],[-90.9879,14.4288],[-90.9889,14.4202],[-90.9821,14.4193],[-90.9798,14.4116],[-90.9779,14.4115],[-90.9759,14.409],[-90.9774,14.3975],[-90.9764,14.3887],[-90.9737,14.3769],[-90.973,14.3734],[-90.9673,14.3803],[-90.968,14.3842],[-90.9655,14.3887],[-90.9641,14.392],[-90.9614,14.394],[-90.9586,14.3947],[-90.9566,14.3956],[-90.9536,14.3991],[-90.9497,14.4053],[-90.9472,14.4093],[-90.9437,14.4136],[-90.9382,14.4191],[-90.9322,14.4247],[-90.9265,14.4266],[-90.9226,14.4273],[-90.918,14.4313],[-90.9099,14.4383],[-90.9045,14.442],[-90.8957,14.446],[-90.8912,14.4498],[-90.8891,14.456],[-90.8869,14.4592],[-90.885,14.4626],[-90.881,14.4697],[-90.8808,14.4702],[-90.88,14.4716],[-90.8732,14.4979],[-90.8742,14.5032],[-90.8741,14.5034],[-90.8684,14.5314],[-90.8616,14.5333],[-90.8588,14.5401],[-90.8498,14.5592],[-90.8376,14.5603],[-90.8359,14.5604],[-90.8293,14.5585],[-90.823,14.5567],[-90.8202,14.5546],[-90.8181,14.5547],[-90.8151,14.5581],[-90.8117,14.5608],[-90.8074,14.5664],[-90.8058,14.5695],[-90.8043,14.5727],[-90.8044,14.5794],[-90.8044,14.5794],[-90.8043,14.5795],[-90.8007,14.5814],[-90.8004,14.5831],[-90.8,14.5884],[-90.7975,14.5914],[-90.7933,14.5952],[-90.7928,14.5976],[-90.7923,14.6053],[-90.7901,14.608],[-90.7889,14.6111],[-90.7907,14.6242],[-90.787,14.6274],[-90.7853,14.6301],[-90.7828,14.632],[-90.7775,14.627],[-90.777,14.6285],[-90.7782,14.6342],[-90.7766,14.6361],[-90.7763,14.6369],[-90.7757,14.6382],[-90.7747,14.6401],[-90.7705,14.6411],[-90.7684,14.6429],[-90.7666,14.6458],[-90.7635,14.6505],[-90.7604,14.6575],[-90.7592,14.6619],[-90.7639,14.6731],[-90.7691,14.686],[-90.7699,14.6879],[-90.7708,14.6902],[-90.77,14.6919],[-90.7689,14.6942],[-90.7692,14.6989],[-90.7679,14.7059],[-90.766,14.7094],[-90.7625,14.7086],[-90.7593,14.711],[-90.7578,14.7141],[-90.7562,14.7184],[-90.7549,14.72],[-90.7534,14.7219],[-90.7562,14.7256],[-90.7593,14.7316],[-90.7595,14.7354],[-90.7596,14.736],[-90.7511,14.7464],[-90.7501,14.7477],[-90.7499,14.7479],[-90.7388,14.7594],[-90.7368,14.7602],[-90.7353,14.7609],[-90.7318,14.7638],[-90.7316,14.764],[-90.7308,14.7646],[-90.7247,14.7698],[-90.7221,14.7719],[-90.7202,14.7735],[-90.7199,14.7738],[-90.7192,14.7744],[-90.719,14.7745],[-90.7171,14.7769],[-90.7093,14.7778],[-90.7071,14.7802],[-90.7067,14.7835],[-90.7047,14.7866],[-90.7036,14.7885],[-90.701,14.7925],[-90.6943,14.7933],[-90.6923,14.7975],[-90.6874,14.8007],[-90.6852,14.8053],[-90.6884,14.8083],[-90.694,14.8135],[-90.6944,14.8142],[-90.6954,14.8161],[-90.6934,14.8204],[-90.6927,14.8244],[-90.6923,14.8271],[-90.6929,14.8332],[-90.6844,14.8379],[-90.6814,14.8397],[-90.6803,14.8403],[-90.6791,14.8417],[-90.6775,14.8438],[-90.676,14.8456],[-90.6759,14.8458],[-90.6714,14.8462],[-90.668,14.8465],[-90.668,14.8465],[-90.6636,14.8489],[-90.6619,14.852],[-90.6605,14.8545],[-90.6625,14.8575],[-90.6628,14.8579],[-90.6624,14.8581],[-90.6594,14.8599],[-90.6562,14.8618],[-90.653,14.8639],[-90.6469,14.8621],[-90.6437,14.8659],[-90.6374,14.8667],[-90.6325,14.8724],[-90.6264,14.873],[-90.6231,14.8781],[-90.6198,14.8772],[-90.6192,14.877],[-90.6196,14.8775],[-90.6202,14.879],[-90.6204,14.88],[-90.6206,14.8808],[-90.6206,14.8813],[-90.6207,14.8822],[-90.6208,14.8828],[-90.6208,14.8835],[-90.6209,14.8844],[-90.621,14.8848],[-90.6213,14.8854],[-90.6217,14.886],[-90.6224,14.8862],[-90.6225,14.8863],[-90.6235,14.8866],[-90.6245,14.8866],[-90.6254,14.8866],[-90.6262,14.8863],[-90.6276,14.8859],[-90.6285,14.8856],[-90.6296,14.8854],[-90.6302,14.8852],[-90.6304,14.8853],[-90.6308,14.8853],[-90.631,14.8858],[-90.6311,14.8863],[-90.6316,14.8882],[-90.6318,14.8888],[-90.6321,14.8895],[-90.6327,14.8899],[-90.6333,14.89],[-90.6343,14.8898],[-90.6354,14.8894],[-90.6362,14.8888],[-90.6368,14.8884],[-90.6372,14.8881],[-90.6379,14.8883],[-90.6382,14.8887],[-90.6387,14.8895],[-90.6389,14.89],[-90.6395,14.8905],[-90.6401,14.8905],[-90.6412,14.8904],[-90.6416,14.8902],[-90.6422,14.8899],[-90.6428,14.8897],[-90.6438,14.8901],[-90.6446,14.8906],[-90.6452,14.8908],[-90.6458,14.8909],[-90.6468,14.8903],[-90.6473,14.8895],[-90.6478,14.8887],[-90.6481,14.8881],[-90.6482,14.8874],[-90.6485,14.8868],[-90.6489,14.8863],[-90.6493,14.886],[-90.6498,14.8856],[-90.6508,14.885],[-90.6516,14.8849],[-90.6525,14.8851],[-90.6532,14.8853],[-90.6542,14.8857],[-90.6545,14.886],[-90.6551,14.8864],[-90.6558,14.8868],[-90.6562,14.887],[-90.6568,14.8875],[-90.6573,14.8879],[-90.6579,14.8884],[-90.6585,14.8888],[-90.659,14.8891],[-90.6601,14.8894],[-90.6609,14.8894],[-90.662,14.8897],[-90.663,14.89],[-90.6638,14.8903],[-90.6646,14.8909],[-90.6661,14.8924],[-90.6676,14.8939],[-90.6687,14.8949],[-90.6704,14.8957],[-90.6719,14.8961],[-90.6734,14.8965],[-90.6744,14.8969],[-90.6754,14.8974],[-90.676,14.8978],[-90.6766,14.8981],[-90.6774,14.8983],[-90.678,14.8984],[-90.6788,14.8985],[-90.6792,14.8987],[-90.6797,14.8991],[-90.68,14.8998],[-90.6801,14.9],[-90.6802,14.9004],[-90.6802,14.9006],[-90.6802,14.9009],[-90.6802,14.901],[-90.6803,14.9014],[-90.6805,14.9016],[-90.6812,14.9019],[-90.6816,14.9021],[-90.682,14.9024],[-90.6822,14.9028],[-90.6827,14.9033],[-90.6831,14.9036],[-90.684,14.9038],[-90.6847,14.9038],[-90.6856,14.9041],[-90.6863,14.9043],[-90.6869,14.9045],[-90.6872,14.9049],[-90.6874,14.9056],[-90.6876,14.906],[-90.688,14.9066],[-90.6882,14.907],[-90.6883,14.9075],[-90.6884,14.9079],[-90.6888,14.9085],[-90.6894,14.9089],[-90.6901,14.9091],[-90.6907,14.9093],[-90.6913,14.9097],[-90.6918,14.9099],[-90.6924,14.9099],[-90.6924,14.9099],[-90.6927,14.9098],[-90.6933,14.9096],[-90.694,14.9092],[-90.6944,14.9086],[-90.6946,14.9079],[-90.6947,14.9075],[-90.695,14.9072],[-90.6957,14.9072],[-90.6964,14.9074],[-90.697,14.9077],[-90.6975,14.9082],[-90.6976,14.9086],[-90.6976,14.909],[-90.6977,14.9095],[-90.6978,14.9098],[-90.6981,14.9101],[-90.6985,14.9102],[-90.699,14.9101],[-90.6992,14.9097],[-90.6993,14.9093],[-90.6995,14.9086],[-90.6995,14.9084],[-90.6995,14.9082],[-90.6995,14.9077],[-90.6996,14.9075],[-90.6999,14.9071],[-90.7004,14.907],[-90.7004,14.907],[-90.7007,14.9072],[-90.7012,14.9077],[-90.7016,14.9081],[-90.7024,14.9084],[-90.7031,14.9087],[-90.7037,14.9088],[-90.705,14.9085],[-90.7059,14.9084],[-90.7067,14.9084],[-90.7078,14.9085],[-90.7084,14.9086],[-90.7091,14.9087],[-90.7098,14.9089],[-90.7109,14.9094],[-90.7116,14.9099],[-90.7124,14.9105],[-90.7129,14.9107],[-90.7134,14.9111],[-90.7137,14.9117],[-90.7138,14.912],[-90.7139,14.9126],[-90.7139,14.913],[-90.7143,14.9137],[-90.7146,14.9144],[-90.7149,14.9149],[-90.7152,14.9152],[-90.7156,14.9156],[-90.7161,14.9158],[-90.7169,14.9157],[-90.7174,14.9154],[-90.7178,14.9151],[-90.7181,14.9148],[-90.7186,14.9147],[-90.7192,14.9147],[-90.7196,14.9146],[-90.72,14.9146],[-90.7203,14.915],[-90.7206,14.9154],[-90.721,14.9156],[-90.7213,14.9158],[-90.7214,14.9161],[-90.7219,14.9161],[-90.7223,14.9159],[-90.7229,14.9156],[-90.7233,14.9153],[-90.7241,14.915],[-90.7244,14.9149],[-90.725,14.9149],[-90.7254,14.9147],[-90.7258,14.9143],[-90.7261,14.9141],[-90.7265,14.9141],[-90.7267,14.9144],[-90.7268,14.9149],[-90.7271,14.9154],[-90.7274,14.9159],[-90.7278,14.9161],[-90.7282,14.916],[-90.7284,14.9158],[-90.7293,14.9154],[-90.73,14.9151],[-90.7305,14.9148],[-90.731,14.9145],[-90.7314,14.9143],[-90.7321,14.9141],[-90.7328,14.9141],[-90.7338,14.9141],[-90.7346,14.9142],[-90.7352,14.9142],[-90.7357,14.9144],[-90.7361,14.9148],[-90.7365,14.9152],[-90.737,14.9154],[-90.7373,14.9157],[-90.7378,14.9161],[-90.7385,14.9158],[-90.7389,14.9156],[-90.7394,14.9154],[-90.7399,14.9153],[-90.7401,14.9153],[-90.7405,14.9154],[-90.741,14.9154],[-90.7417,14.9153],[-90.7423,14.9152],[-90.7429,14.9152],[-90.7431,14.9152],[-90.7436,14.9156],[-90.7443,14.9161],[-90.7446,14.9164],[-90.745,14.9169],[-90.7453,14.9173],[-90.7457,14.9176],[-90.7461,14.9178],[-90.7466,14.918],[-90.7471,14.9181],[-90.748,14.9183],[-90.7484,14.9187],[-90.7489,14.9194],[-90.7494,14.9206],[-90.7497,14.9213],[-90.7505,14.9219],[-90.7511,14.9223],[-90.7514,14.9225],[-90.7518,14.9227],[-90.752,14.9231],[-90.7526,14.9238],[-90.7533,14.9241],[-90.754,14.9244],[-90.7545,14.9246],[-90.7551,14.9248],[-90.7556,14.9248],[-90.7562,14.9248],[-90.7567,14.9247],[-90.7573,14.9248],[-90.7576,14.9248],[-90.7581,14.9249],[-90.7582,14.9249],[-90.7582,14.9249],[-90.7587,14.9249],[-90.7592,14.925],[-90.7597,14.9251],[-90.7603,14.9251],[-90.761,14.9253],[-90.7613,14.9252],[-90.7617,14.9249],[-90.7618,14.9246],[-90.762,14.9243],[-90.7627,14.9241],[-90.7631,14.9241],[-90.7633,14.9242],[-90.7635,14.9244],[-90.7637,14.9245],[-90.7641,14.9246],[-90.7648,14.9247],[-90.7655,14.9249],[-90.7661,14.925],[-90.7665,14.9251],[-90.767,14.9254],[-90.7673,14.9258],[-90.7677,14.9262],[-90.7682,14.9265],[-90.7686,14.927],[-90.769,14.9273],[-90.7697,14.9279],[-90.7702,14.9278],[-90.7705,14.9275],[-90.7708,14.927],[-90.7709,14.9268],[-90.7712,14.9265],[-90.7713,14.9263],[-90.7716,14.926],[-90.772,14.9255],[-90.7725,14.9253],[-90.773,14.9251],[-90.7733,14.9249],[-90.7735,14.9247],[-90.7737,14.9245],[-90.7742,14.9244],[-90.7743,14.9242],[-90.7743,14.924],[-90.7744,14.9239],[-90.7747,14.9238],[-90.775,14.9237],[-90.7752,14.9239],[-90.7755,14.9241],[-90.7762,14.924],[-90.7766,14.9238],[-90.7771,14.9236],[-90.7777,14.9234],[-90.7779,14.9232],[-90.7783,14.9228],[-90.7785,14.9225],[-90.7793,14.9222],[-90.7798,14.922],[-90.7801,14.9217],[-90.7801,14.9211],[-90.78,14.9207],[-90.7801,14.9201],[-90.7802,14.9198],[-90.7805,14.9196],[-90.7809,14.9195],[-90.7811,14.9198],[-90.7813,14.9201],[-90.7817,14.9202],[-90.7822,14.92],[-90.7824,14.9199],[-90.7826,14.9195],[-90.7829,14.9192],[-90.7834,14.9189],[-90.7837,14.9186],[-90.7841,14.9184],[-90.7845,14.9183],[-90.785,14.9183],[-90.7854,14.9184],[-90.7858,14.9184],[-90.7861,14.9184],[-90.787,14.9189],[-90.7876,14.9194],[-90.7881,14.9196],[-90.7885,14.9197],[-90.7889,14.92],[-90.7894,14.9202],[-90.7897,14.9203],[-90.79,14.9205],[-90.7905,14.9208],[-90.7908,14.921],[-90.7913,14.9214],[-90.7917,14.9217],[-90.7922,14.9217],[-90.7927,14.9215],[-90.7931,14.9214],[-90.7935,14.9211],[-90.7945,14.921],[-90.7951,14.921],[-90.7952,14.921],[-90.7954,14.9212],[-90.7955,14.9213],[-90.7956,14.9215],[-90.7958,14.9223],[-90.7959,14.9225],[-90.7964,14.9229],[-90.7969,14.9232],[-90.7976,14.9231],[-90.7982,14.9228],[-90.7984,14.9225],[-90.7986,14.9222],[-90.7989,14.9218],[-90.7992,14.9215],[-90.7997,14.9215],[-90.8002,14.9215],[-90.8007,14.9217],[-90.8011,14.922],[-90.8017,14.9224],[-90.8021,14.9226],[-90.8023,14.9229],[-90.8026,14.9232],[-90.8031,14.9236],[-90.8036,14.9237],[-90.8041,14.9236],[-90.8046,14.9235],[-90.805,14.9232],[-90.8053,14.923],[-90.8057,14.9229],[-90.8064,14.923],[-90.8066,14.9233],[-90.8068,14.9236],[-90.8073,14.9237],[-90.8078,14.9237],[-90.8082,14.9235],[-90.8086,14.9233],[-90.8092,14.923],[-90.8096,14.9227],[-90.8097,14.9225],[-90.81,14.9221],[-90.8104,14.9219],[-90.811,14.9219],[-90.8113,14.9222],[-90.8114,14.9229],[-90.8115,14.9237],[-90.8117,14.9241],[-90.8119,14.9245],[-90.812,14.9249],[-90.8123,14.9251],[-90.8128,14.9252],[-90.8133,14.9249],[-90.8135,14.9247],[-90.8137,14.9244],[-90.8138,14.924],[-90.814,14.9237],[-90.8143,14.9236],[-90.8146,14.9236],[-90.8149,14.9239],[-90.8154,14.9241],[-90.8158,14.9243],[-90.8162,14.9244],[-90.8168,14.9243],[-90.8172,14.9242],[-90.8175,14.9241],[-90.8178,14.9239],[-90.8179,14.9238],[-90.818,14.9237],[-90.8181,14.9237],[-90.8182,14.9238],[-90.8183,14.9238],[-90.8187,14.9241],[-90.8189,14.9245],[-90.8192,14.9247],[-90.8197,14.9248],[-90.82,14.9247],[-90.8204,14.9245],[-90.8205,14.9243],[-90.8206,14.9239],[-90.8207,14.9235],[-90.8209,14.9233],[-90.8212,14.9233],[-90.8216,14.9236],[-90.822,14.924],[-90.8222,14.9245],[-90.8224,14.9248],[-90.823,14.9255],[-90.8235,14.9259],[-90.8238,14.9262],[-90.8242,14.9265],[-90.8247,14.9267],[-90.8251,14.9264],[-90.8253,14.9262],[-90.8258,14.9261],[-90.8262,14.9259],[-90.8263,14.9256],[-90.8264,14.9254],[-90.8265,14.9252],[-90.8268,14.9251],[-90.8271,14.9251],[-90.8273,14.9254],[-90.8275,14.9256],[-90.8275,14.9258],[-90.8276,14.926],[-90.828,14.9262],[-90.8284,14.9262],[-90.8287,14.9262],[-90.8292,14.9262],[-90.8296,14.9262],[-90.8299,14.9263],[-90.8302,14.9265],[-90.8304,14.9268],[-90.8308,14.9269],[-90.8312,14.9269],[-90.8315,14.9269],[-90.832,14.9268],[-90.8323,14.9265],[-90.8322,14.9264],[-90.8322,14.9263],[-90.8323,14.9262],[-90.8325,14.9262],[-90.833,14.9263],[-90.8333,14.9264],[-90.8342,14.9265],[-90.835,14.9264],[-90.8353,14.9263],[-90.836,14.9262],[-90.8364,14.926],[-90.8371,14.9259],[-90.8377,14.926],[-90.8383,14.9261],[-90.839,14.926],[-90.8393,14.9259],[-90.8396,14.9259],[-90.8399,14.9257],[-90.8399,14.9255],[-90.84,14.9254],[-90.8402,14.9252],[-90.8406,14.9253],[-90.841,14.9255],[-90.8416,14.9258],[-90.8421,14.9261],[-90.8426,14.9263],[-90.8428,14.9264],[-90.8434,14.9266],[-90.8439,14.9265],[-90.8442,14.9264],[-90.8448,14.9263],[-90.8453,14.9262],[-90.8456,14.9262],[-90.846,14.9263],[-90.8463,14.9264],[-90.8468,14.9265],[-90.8473,14.9263],[-90.8474,14.9261],[-90.8476,14.9259],[-90.8476,14.9259],[-90.8481,14.9259],[-90.8483,14.9261],[-90.8484,14.9265],[-90.8482,14.9269],[-90.848,14.9272],[-90.8479,14.9272],[-90.8477,14.9275],[-90.8476,14.9279],[-90.8476,14.9282],[-90.8481,14.9285],[-90.8487,14.9285],[-90.8492,14.9283],[-90.8498,14.9281],[-90.8507,14.9281],[-90.8516,14.9285],[-90.8521,14.9288],[-90.8525,14.9295],[-90.8528,14.9303],[-90.8534,14.9309],[-90.8541,14.9312],[-90.8555,14.9317],[-90.8566,14.9316],[-90.8573,14.9316],[-90.8578,14.9318],[-90.8588,14.9321],[-90.8596,14.9322],[-90.8605,14.9322],[-90.8613,14.9321],[-90.8616,14.932],[-90.8619,14.9319],[-90.8622,14.9319],[-90.8628,14.932],[-90.8632,14.9322],[-90.8636,14.9322],[-90.8639,14.9321],[-90.8643,14.9317],[-90.8648,14.9313],[-90.8651,14.9311],[-90.8656,14.9309],[-90.866,14.9308],[-90.8666,14.931],[-90.867,14.9315],[-90.8676,14.9318],[-90.8681,14.932],[-90.8684,14.9323],[-90.8687,14.9326],[-90.8693,14.9327],[-90.8699,14.9327],[-90.8701,14.9327],[-90.8702,14.9327],[-90.8702,14.9329],[-90.8702,14.933],[-90.8701,14.9332],[-90.87,14.9336],[-90.87,14.934],[-90.8702,14.9343],[-90.8706,14.9344],[-90.8711,14.9347],[-90.8714,14.935],[-90.8715,14.9354],[-90.8718,14.936],[-90.8721,14.936],[-90.8724,14.9359],[-90.8732,14.9359],[-90.8737,14.9355],[-90.8739,14.9352],[-90.8747,14.935],[-90.8752,14.9349],[-90.8758,14.9347],[-90.8762,14.9344],[-90.8764,14.934],[-90.8764,14.9339],[-90.8764,14.9338],[-90.8764,14.9335],[-90.8767,14.9332],[-90.8775,14.9334],[-90.8777,14.9335],[-90.8781,14.9338],[-90.8786,14.934],[-90.8791,14.934],[-90.8795,14.934],[-90.88,14.9338],[-90.8801,14.9336],[-90.8801,14.9332],[-90.8802,14.9328],[-90.8805,14.9327],[-90.8814,14.9329],[-90.882,14.9332],[-90.8825,14.9334],[-90.883,14.9336],[-90.8835,14.9338],[-90.8841,14.9342],[-90.8848,14.9347],[-90.8855,14.935],[-90.8861,14.9351],[-90.8869,14.9351],[-90.8874,14.9349],[-90.888,14.9344],[-90.888,14.9342],[-90.8887,14.9335],[-90.8896,14.933],[-90.8901,14.9328],[-90.8903,14.9323],[-90.8906,14.9316],[-90.8911,14.9311],[-90.8913,14.9309],[-90.8915,14.9306],[-90.8917,14.9305],[-90.8922,14.9303],[-90.8928,14.93],[-90.8933,14.9298],[-90.8938,14.9298],[-90.8947,14.9297],[-90.8956,14.93],[-90.8963,14.9303],[-90.8973,14.9305],[-90.8977,14.9305],[-90.8982,14.9308],[-90.8986,14.931],[-90.8992,14.9311],[-90.8995,14.9311],[-90.8999,14.931],[-90.9004,14.9309],[-90.9008,14.9308],[-90.901,14.9306],[-90.901,14.9302],[-90.901,14.9299],[-90.901,14.9296],[-90.9012,14.9294],[-90.9015,14.9294],[-90.902,14.9291],[-90.9026,14.9291],[-90.9031,14.9292],[-90.9037,14.9293],[-90.9041,14.9292],[-90.9046,14.9294],[-90.9051,14.9295],[-90.9055,14.9294],[-90.9057,14.9292],[-90.9056,14.9289],[-90.9054,14.9284],[-90.9054,14.9281],[-90.9058,14.928],[-90.9062,14.928],[-90.9067,14.928],[-90.9074,14.9278],[-90.9077,14.9276],[-90.9078,14.9274],[-90.9083,14.9272],[-90.9087,14.9268],[-90.9091,14.9266],[-90.9097,14.9264],[-90.9101,14.9261],[-90.9105,14.9257],[-90.9107,14.9252],[-90.9108,14.9248],[-90.911,14.9244],[-90.9112,14.9241],[-90.9114,14.9238],[-90.9119,14.9235],[-90.9125,14.9233],[-90.9128,14.9233],[-90.9131,14.9234],[-90.9134,14.9238],[-90.914,14.9242],[-90.9146,14.9244],[-90.915,14.9245],[-90.9153,14.9246],[-90.9155,14.925],[-90.916,14.9251],[-90.9166,14.9251],[-90.9171,14.9248],[-90.9174,14.9242],[-90.9175,14.9239],[-90.9177,14.9236],[-90.918,14.9228],[-90.9179,14.9223],[-90.9178,14.9219],[-90.9175,14.9213],[-90.9174,14.9209],[-90.9174,14.9207],[-90.9174,14.9206],[-90.9175,14.9203],[-90.9176,14.9201],[-90.9177,14.92],[-90.918,14.9198],[-90.9184,14.9197],[-90.919,14.9197],[-90.9194,14.9199],[-90.9197,14.9202],[-90.92,14.9205],[-90.9202,14.9205],[-90.9206,14.9206],[-90.9211,14.9207],[-90.9216,14.9212],[-90.9218,14.9216],[-90.9219,14.9219],[-90.9223,14.9222],[-90.9225,14.9222],[-90.923,14.9218],[-90.9236,14.9216],[-90.9239,14.9214],[-90.9242,14.9214],[-90.9247,14.9212],[-90.925,14.9208],[-90.9253,14.9206],[-90.9257,14.9206],[-90.9262,14.9205],[-90.9266,14.9205],[-90.9272,14.9206],[-90.9277,14.9206],[-90.9284,14.9208],[-90.929,14.9209],[-90.9295,14.921],[-90.9302,14.921],[-90.931,14.921],[-90.9315,14.921],[-90.9319,14.9213],[-90.9321,14.9217],[-90.9322,14.9222],[-90.9323,14.9226],[-90.9326,14.9231],[-90.9329,14.9235],[-90.9336,14.9236],[-90.9342,14.9237],[-90.9347,14.9238],[-90.935,14.9237],[-90.9355,14.9237],[-90.9359,14.9236],[-90.9362,14.9236],[-90.9365,14.9236],[-90.937,14.9236],[-90.9376,14.9238],[-90.9381,14.924],[-90.9387,14.9241],[-90.9391,14.9241],[-90.9396,14.9241],[-90.9401,14.9242],[-90.9404,14.9243],[-90.941,14.9244],[-90.9415,14.9242],[-90.9418,14.9239],[-90.942,14.9236],[-90.9422,14.9233],[-90.9424,14.9233],[-90.9425,14.9233],[-90.9427,14.9234],[-90.9427,14.9234],[-90.9428,14.9236],[-90.9429,14.9238],[-90.943,14.924],[-90.9432,14.9243],[-90.9433,14.9246],[-90.9434,14.9248],[-90.9436,14.9251],[-90.9437,14.9255],[-90.9438,14.9258],[-90.944,14.926],[-90.9442,14.926],[-90.9445,14.9259],[-90.9447,14.9259],[-90.9449,14.9258],[-90.9452,14.9257],[-90.9475,14.9247],[-90.9477,14.9245],[-90.948,14.9241],[-90.9483,14.9239],[-90.9485,14.9235],[-90.9488,14.9233],[-90.9492,14.9232],[-90.9497,14.9231],[-90.9499,14.9228],[-90.9499,14.9226],[-90.9498,14.9225],[-90.9498,14.9223],[-90.9499,14.9222],[-90.9501,14.922],[-90.9505,14.9219],[-90.9508,14.9219],[-90.9511,14.922],[-90.9513,14.9221],[-90.9515,14.9223],[-90.9518,14.9225],[-90.952,14.9227],[-90.9522,14.923],[-90.9524,14.9231],[-90.9528,14.9234],[-90.9532,14.9237],[-90.9533,14.9238],[-90.9535,14.924],[-90.9538,14.9243],[-90.9541,14.9245],[-90.9546,14.9247],[-90.9548,14.9248],[-90.9551,14.9247],[-90.9552,14.9245],[-90.9553,14.9242],[-90.9553,14.924],[-90.9553,14.9239],[-90.9555,14.9238],[-90.9557,14.9238],[-90.956,14.9239],[-90.9563,14.924],[-90.9565,14.9241],[-90.9567,14.9242],[-90.957,14.9244],[-90.9572,14.9246],[-90.9575,14.9248],[-90.9577,14.9249],[-90.958,14.925],[-90.9584,14.9251],[-90.959,14.9252],[-90.9596,14.9254],[-90.96,14.9255],[-90.9605,14.9254],[-90.9611,14.9254],[-90.9618,14.9254],[-90.9623,14.9254],[-90.9627,14.9255],[-90.9631,14.9257],[-90.9635,14.9258],[-90.9639,14.9258],[-90.9643,14.9259],[-90.9644,14.9259],[-90.9644,14.926],[-90.9645,14.926],[-90.9645,14.9262],[-90.9646,14.9267],[-90.9647,14.927],[-90.9647,14.9272],[-90.9648,14.9275],[-90.9649,14.928],[-90.965,14.9283],[-90.9652,14.9285],[-90.9653,14.9289],[-90.9655,14.9291],[-90.9656,14.9294],[-90.9658,14.9297],[-90.9661,14.9299],[-90.9664,14.9301],[-90.9667,14.9302],[-90.9674,14.9303],[-90.9677,14.9304],[-90.9679,14.9307],[-90.9681,14.931],[-90.9683,14.9312],[-90.9687,14.9315],[-90.9695,14.9318],[-90.9697,14.9319],[-90.9699,14.9322],[-90.9701,14.9323],[-90.9702,14.9325],[-90.9705,14.9326],[-90.9709,14.9326],[-90.9714,14.9325],[-90.9717,14.9324],[-90.972,14.9323],[-90.9724,14.9322],[-90.9725,14.9322],[-90.9727,14.9321],[-90.9728,14.9322],[-90.9728,14.9324],[-90.9728,14.9326],[-90.9728,14.9328],[-90.9727,14.9328],[-90.9727,14.933],[-90.9727,14.9333],[-90.9728,14.9335],[-90.9729,14.934],[-90.9731,14.9345],[-90.9732,14.9347],[-90.9733,14.9349],[-90.9735,14.9351],[-90.9739,14.9351],[-90.9741,14.935],[-90.9743,14.9349],[-90.9746,14.9348],[-90.9747,14.9347],[-90.9749,14.9347],[-90.9752,14.9345],[-90.9755,14.9344],[-90.9757,14.9344],[-90.9763,14.9344],[-90.9768,14.9346],[-90.9768,14.9346],[-90.977,14.9347],[-90.9772,14.9349],[-90.9773,14.935],[-90.9774,14.9352],[-90.9777,14.9354],[-90.9781,14.9353],[-90.9783,14.9352],[-90.9786,14.9351],[-90.9788,14.9351],[-90.9792,14.935],[-90.9795,14.9351],[-90.9797,14.9352],[-90.9801,14.9353],[-90.9806,14.9353],[-90.9811,14.9352],[-90.9816,14.9352],[-90.982,14.9352],[-90.9823,14.9353],[-90.9827,14.9354],[-90.9831,14.9355],[-90.9834,14.9356],[-90.9838,14.9355],[-90.9842,14.9355],[-90.9846,14.9354],[-90.9851,14.9352],[-90.9854,14.9351],[-90.9857,14.9351],[-90.9861,14.935],[-90.9864,14.9349],[-90.9866,14.9347],[-90.9869,14.9347],[-90.9871,14.9347],[-90.9873,14.9346],[-90.9875,14.9345],[-90.9876,14.9343],[-90.9877,14.9341],[-90.988,14.934],[-90.9883,14.9338],[-90.9886,14.9337],[-90.9889,14.9336],[-90.989,14.9337],[-90.9894,14.9339],[-90.9896,14.934],[-90.9897,14.9341],[-90.99,14.9343],[-90.99,14.9344],[-90.9902,14.9345],[-90.9903,14.9346],[-90.9904,14.9349],[-90.9904,14.9351],[-90.9904,14.9352],[-90.9903,14.9354],[-90.9901,14.9357],[-90.99,14.9359],[-90.99,14.9362],[-90.99,14.9364],[-90.9901,14.9366],[-90.9903,14.9367],[-90.9904,14.9368],[-90.9907,14.9369],[-90.9909,14.9369],[-90.9911,14.9369],[-90.9912,14.9369],[-90.9913,14.9367],[-90.9914,14.9366],[-90.9915,14.9364],[-90.9915,14.9362],[-90.9916,14.9359],[-90.9917,14.9357],[-90.992,14.9356],[-90.9922,14.9356],[-90.9923,14.9358],[-90.9925,14.9359],[-90.9927,14.936],[-90.9929,14.9362],[-90.993,14.9363],[-90.9931,14.9366],[-90.9933,14.9367],[-90.9936,14.9368],[-90.9939,14.937],[-90.9942,14.9371],[-90.9945,14.9371],[-90.9947,14.9371],[-90.9949,14.9371],[-90.9951,14.9372],[-90.9953,14.9372],[-90.9954,14.9373],[-90.9956,14.9374],[-90.9958,14.9376],[-90.996,14.9378],[-90.996,14.9379],[-90.9961,14.9381],[-90.9962,14.9382],[-90.9965,14.9384],[-90.9968,14.9385],[-90.9971,14.9385],[-90.9974,14.9384],[-90.9977,14.9384],[-90.9977,14.9382],[-90.9977,14.938],[-90.9978,14.9379],[-90.9979,14.9377],[-90.998,14.9376],[-90.9981,14.9375],[-90.9981,14.9373],[-90.9982,14.9372],[-90.9983,14.9371],[-90.9984,14.937],[-90.9985,14.937],[-90.9987,14.9369],[-90.999,14.9369],[-90.9991,14.9368],[-90.9992,14.9367],[-90.9993,14.9365],[-90.9993,14.9365],[-90.9993,14.9362],[-90.9994,14.936],[-90.9995,14.9358],[-90.9996,14.9357],[-90.9998,14.9357],[-91.0003,14.9356],[-91.0007,14.9355],[-91.001,14.9355],[-91.0012,14.9354],[-91.0014,14.9354],[-91.0016,14.9354],[-91.0016,14.9352],[-91.0017,14.9351],[-91.0018,14.9348],[-91.0018,14.9347],[-91.0019,14.9344],[-91.0019,14.9342],[-91.0018,14.9339],[-91.0017,14.9338],[-91.0017,14.9337],[-91.0017,14.9335],[-91.0017,14.9334],[-91.0018,14.9332],[-91.0018,14.9332],[-91.002,14.9331],[-91.0021,14.933],[-91.0023,14.9328],[-91.0023,14.9327],[-91.0025,14.9326],[-91.0027,14.9326],[-91.003,14.9327],[-91.0032,14.9327],[-91.0033,14.9328],[-91.0034,14.9328],[-91.0036,14.9329],[-91.0038,14.9329],[-91.0039,14.933],[-91.0041,14.9331],[-91.0044,14.9331],[-91.0046,14.933],[-91.0047,14.9329],[-91.0048,14.9328],[-91.005,14.9326],[-91.0052,14.9325],[-91.0054,14.9325],[-91.0055,14.9324],[-91.0057,14.9323],[-91.0058,14.9322],[-91.0059,14.9322],[-91.0061,14.9322],[-91.0063,14.9322],[-91.0065,14.9323],[-91.0067,14.9324],[-91.0069,14.9325],[-91.0069,14.9327],[-91.0071,14.9327],[-91.0072,14.9326],[-91.0072,14.9325],[-91.0073,14.9325],[-91.0074,14.9324],[-91.0075,14.9323],[-91.0077,14.9321],[-91.0079,14.9321],[-91.0081,14.932],[-91.0083,14.9321],[-91.0085,14.9322],[-91.0087,14.9323],[-91.0089,14.9324],[-91.0091,14.9324],[-91.0093,14.9324],[-91.0093,14.9323],[-91.0095,14.9321],[-91.0098,14.932],[-91.01,14.9319],[-91.0103,14.9319],[-91.0106,14.9319],[-91.0109,14.932],[-91.011,14.9321],[-91.0111,14.9321],[-91.0115,14.9321],[-91.0116,14.932],[-91.0117,14.9318],[-91.0119,14.9315],[-91.012,14.9313],[-91.0121,14.9312],[-91.0123,14.9309],[-91.0123,14.9308],[-91.0125,14.9306],[-91.0127,14.9304],[-91.0128,14.9302],[-91.0128,14.93],[-91.0127,14.9297],[-91.0125,14.9296],[-91.0124,14.9294],[-91.0123,14.9291],[-91.0122,14.9289],[-91.0122,14.9286],[-91.0122,14.9283],[-91.0125,14.9281],[-91.0127,14.9279],[-91.0126,14.9276],[-91.0126,14.9275],[-91.0127,14.9272],[-91.0127,14.927],[-91.0129,14.9268],[-91.0131,14.9266],[-91.0133,14.9264],[-91.0134,14.9262],[-91.0136,14.926],[-91.0137,14.9258],[-91.0138,14.9255],[-91.0137,14.9252],[-91.0136,14.9251],[-91.0134,14.9249],[-91.0133,14.9247],[-91.0131,14.9245],[-91.0129,14.9243],[-91.0129,14.9241],[-91.0128,14.9238],[-91.0128,14.9236],[-91.0128,14.9234],[-91.0129,14.9232],[-91.0131,14.9231],[-91.0133,14.923],[-91.0134,14.9229],[-91.0134,14.9227],[-91.0135,14.9226],[-91.0136,14.9225],[-91.0138,14.9225],[-91.014,14.9226],[-91.0142,14.9226],[-91.0144,14.9225],[-91.0147,14.9223],[-91.0149,14.9221],[-91.0149,14.9219],[-91.0148,14.9218],[-91.0146,14.9216],[-91.0145,14.9214],[-91.0145,14.9212],[-91.0145,14.9211],[-91.0147,14.921],[-91.0148,14.921],[-91.0151,14.9209],[-91.0153,14.9208],[-91.0155,14.9207],[-91.0156,14.9206],[-91.0157,14.9204],[-91.0156,14.9202],[-91.0156,14.92],[-91.0155,14.9198],[-91.0153,14.9195],[-91.0152,14.9193],[-91.0152,14.9192],[-91.0151,14.9187],[-91.0151,14.9184],[-91.0151,14.9181],[-91.0151,14.9179],[-91.0152,14.9177],[-91.0152,14.9176],[-91.0155,14.9173],[-91.0157,14.9171],[-91.0159,14.9169],[-91.0159,14.9166],[-91.016,14.9163],[-91.0163,14.9161],[-91.0167,14.916],[-91.017,14.9158],[-91.0173,14.9157],[-91.0175,14.9154],[-91.0177,14.9151],[-91.0179,14.9148],[-91.0181,14.9146],[-91.0184,14.9143],[-91.0185,14.9141],[-91.0187,14.9138],[-91.0189,14.9137],[-91.019,14.9134],[-91.0189,14.9132],[-91.0188,14.913],[-91.0186,14.9128],[-91.0183,14.9127],[-91.018,14.9125],[-91.0178,14.9123],[-91.0176,14.9122],[-91.0175,14.9119],[-91.0174,14.9114],[-91.0175,14.9108],[-91.0176,14.9105],[-91.0177,14.9102],[-91.0179,14.91],[-91.018,14.9098],[-91.0183,14.9095],[-91.0184,14.9092],[-91.0184,14.9091],[-91.0186,14.9088],[-91.019,14.9086],[-91.019,14.9086],[-91.0191,14.9087],[-91.0192,14.9088],[-91.0192,14.9091],[-91.0194,14.9092],[-91.0195,14.9093],[-91.0196,14.9095],[-91.0199,14.9096],[-91.0201,14.9095],[-91.0203,14.9095],[-91.0204,14.9096],[-91.0205,14.9099],[-91.0205,14.9101],[-91.0206,14.9102],[-91.0207,14.9103],[-91.0209,14.9103],[-91.0214,14.9102],[-91.0215,14.9102],[-91.0218,14.9101],[-91.0219,14.9099],[-91.0219,14.9098],[-91.0219,14.9096],[-91.0221,14.9093],[-91.0221,14.9092],[-91.0225,14.9091],[-91.0228,14.9091],[-91.0231,14.9092],[-91.0234,14.9092],[-91.0234,14.909],[-91.0234,14.9087],[-91.0233,14.9085],[-91.0232,14.9082],[-91.0233,14.908],[-91.0234,14.908],[-91.0239,14.908],[-91.0244,14.9079],[-91.0247,14.9078],[-91.025,14.9077],[-91.0253,14.9074],[-91.0254,14.907],[-91.0252,14.9067],[-91.0249,14.9064],[-91.0248,14.9061],[-91.0247,14.9058],[-91.0246,14.9051],[-91.0246,14.9048],[-91.0247,14.9045],[-91.0249,14.9044],[-91.0254,14.9043],[-91.0256,14.9044],[-91.026,14.9045],[-91.0261,14.9044],[-91.0262,14.9041],[-91.0262,14.904],[-91.0259,14.9038],[-91.0257,14.9037],[-91.0256,14.9035],[-91.0254,14.9032],[-91.0253,14.9031],[-91.0251,14.903],[-91.0249,14.9029],[-91.0248,14.9028],[-91.0246,14.9027],[-91.0244,14.9026],[-91.0242,14.9025],[-91.0241,14.9024],[-91.024,14.9022],[-91.0239,14.9021],[-91.0237,14.902],[-91.0236,14.9019],[-91.0235,14.9017],[-91.0235,14.9016],[-91.0235,14.9014],[-91.0234,14.9014],[-91.0232,14.9013],[-91.0232,14.9011],[-91.0232,14.9009],[-91.0233,14.9007],[-91.0233,14.9006],[-91.0234,14.9004],[-91.0236,14.9003],[-91.0237,14.9001],[-91.0238,14.9001],[-91.0239,14.9],[-91.0241,14.8999],[-91.0243,14.8999],[-91.0244,14.8997],[-91.0245,14.8996],[-91.0244,14.8994],[-91.0242,14.8992],[-91.0242,14.899],[-91.0243,14.8989],[-91.0243,14.8986],[-91.0242,14.8984],[-91.0241,14.8983],[-91.0239,14.8982],[-91.0238,14.8981],[-91.0238,14.8979],[-91.0238,14.8977],[-91.0239,14.8976],[-91.024,14.8974],[-91.0239,14.8973],[-91.0238,14.8971],[-91.0237,14.8969],[-91.0236,14.8969],[-91.0235,14.8968],[-91.0234,14.8969],[-91.0233,14.8969],[-91.0231,14.8968],[-91.0231,14.8967],[-91.0229,14.8967],[-91.0228,14.8965],[-91.0228,14.8963],[-91.0229,14.8961],[-91.023,14.8959],[-91.0229,14.8958],[-91.0228,14.8957],[-91.0227,14.8955],[-91.0228,14.8953],[-91.0229,14.8951],[-91.023,14.8949],[-91.0232,14.8948],[-91.0232,14.8946],[-91.0232,14.8944],[-91.0233,14.8941],[-91.0233,14.8938],[-91.0232,14.8936],[-91.0231,14.8935],[-91.0229,14.8934],[-91.0227,14.8933],[-91.0225,14.8931],[-91.0224,14.893],[-91.0225,14.8928],[-91.0227,14.8927],[-91.0229,14.8926],[-91.023,14.8926],[-91.0232,14.8924],[-91.0231,14.8922],[-91.0229,14.8921],[-91.0227,14.892],[-91.0226,14.8918],[-91.0226,14.8916],[-91.0226,14.8914],[-91.0228,14.8912],[-91.0229,14.891],[-91.0228,14.8908],[-91.0228,14.8905],[-91.0227,14.8903],[-91.0227,14.8899],[-91.0226,14.8895],[-91.0226,14.8892],[-91.0226,14.8889],[-91.0226,14.8885],[-91.0225,14.8882],[-91.0224,14.888],[-91.0223,14.8878],[-91.0221,14.8877],[-91.0219,14.8875],[-91.0218,14.8874],[-91.0217,14.8871],[-91.0217,14.8871],[-91.0217,14.8868],[-91.0217,14.8867],[-91.0216,14.8866],[-91.0214,14.8867],[-91.0213,14.8867],[-91.0211,14.8867],[-91.021,14.8867],[-91.0208,14.8864],[-91.0207,14.8864],[-91.0206,14.8862],[-91.0205,14.8861],[-91.0203,14.886],[-91.0202,14.8858],[-91.02,14.8856],[-91.0199,14.8855],[-91.0198,14.8853],[-91.0198,14.8851],[-91.0198,14.885],[-91.0199,14.885],[-91.02,14.8849],[-91.0201,14.8847],[-91.0202,14.8845],[-91.0202,14.8843],[-91.0201,14.8841],[-91.0202,14.8839],[-91.0204,14.8837],[-91.0205,14.8837],[-91.0206,14.8836],[-91.0207,14.8834],[-91.0208,14.8832],[-91.0208,14.8831],[-91.0208,14.8828],[-91.0208,14.8827],[-91.0209,14.8827],[-91.021,14.8826],[-91.0212,14.8825],[-91.0213,14.8823],[-91.0214,14.8822],[-91.0215,14.882],[-91.0216,14.8818],[-91.0215,14.8817],[-91.0214,14.8816],[-91.0213,14.8816],[-91.0212,14.8814],[-91.0212,14.8813],[-91.0212,14.8811],[-91.0213,14.881],[-91.0214,14.881],[-91.0216,14.8808],[-91.0215,14.8806],[-91.0214,14.8805],[-91.0213,14.8803],[-91.0213,14.8802],[-91.0213,14.8799],[-91.0213,14.8797],[-91.0214,14.8796],[-91.0215,14.8795],[-91.0216,14.8795],[-91.0218,14.8795],[-91.022,14.8794],[-91.0221,14.8793],[-91.0222,14.8792],[-91.0224,14.8792],[-91.0225,14.8792],[-91.0226,14.8791],[-91.0227,14.8789],[-91.0227,14.8787],[-91.0228,14.8786],[-91.023,14.8785],[-91.0231,14.8784],[-91.023,14.8782],[-91.0231,14.8781],[-91.0232,14.8781],[-91.0234,14.8781],[-91.0236,14.878],[-91.0236,14.8778],[-91.0237,14.8776],[-91.0237,14.8774],[-91.0239,14.8772],[-91.024,14.877],[-91.0241,14.8768],[-91.0243,14.8767],[-91.0245,14.8768],[-91.0246,14.877],[-91.0248,14.8772],[-91.0248,14.8775],[-91.0249,14.8777],[-91.025,14.8778],[-91.0252,14.8779],[-91.0254,14.878],[-91.0257,14.878],[-91.0258,14.8778],[-91.026,14.8776],[-91.026,14.8774],[-91.0262,14.8773],[-91.0264,14.8773],[-91.0267,14.8772],[-91.027,14.8771],[-91.0272,14.8769],[-91.0275,14.8768],[-91.0278,14.8768],[-91.028,14.8768],[-91.028,14.8768],[-91.0282,14.8767],[-91.0285,14.8767],[-91.0287,14.8768],[-91.0289,14.8767],[-91.029,14.8765],[-91.0291,14.8763],[-91.0291,14.8762],[-91.029,14.876],[-91.029,14.8759],[-91.029,14.8759],[-91.0287,14.8755],[-91.0286,14.8753],[-91.0285,14.8751],[-91.0286,14.8748],[-91.0286,14.8746],[-91.0286,14.8743],[-91.0287,14.8741],[-91.0287,14.874],[-91.0289,14.8739],[-91.029,14.8739],[-91.0292,14.874],[-91.0293,14.8741],[-91.0294,14.8742],[-91.0296,14.8742],[-91.0298,14.8742],[-91.03,14.8742],[-91.0302,14.8741],[-91.0304,14.874],[-91.0306,14.8737],[-91.0306,14.8736],[-91.0305,14.8735],[-91.0306,14.8733],[-91.0306,14.873],[-91.0304,14.8728],[-91.0304,14.8726],[-91.0304,14.8724],[-91.0305,14.8723],[-91.0305,14.8722],[-91.0304,14.872],[-91.0303,14.8719],[-91.0302,14.8719],[-91.0301,14.8718],[-91.0301,14.8715],[-91.0302,14.8714],[-91.0303,14.8713],[-91.0303,14.8712],[-91.0303,14.8711],[-91.0303,14.871],[-91.0305,14.8709],[-91.0307,14.871],[-91.0308,14.8711],[-91.031,14.8711],[-91.0311,14.8712],[-91.0314,14.8713],[-91.0316,14.8713],[-91.0318,14.8712],[-91.032,14.8711],[-91.0322,14.8711],[-91.0324,14.8711],[-91.0326,14.8712],[-91.0329,14.8711],[-91.0329,14.871],[-91.033,14.8709],[-91.0332,14.8708],[-91.0332,14.8706],[-91.0332,14.8704],[-91.0331,14.8703],[-91.0332,14.8701],[-91.0334,14.87],[-91.0335,14.8698],[-91.0335,14.8697],[-91.0337,14.8695],[-91.0339,14.8695],[-91.034,14.8693],[-91.0341,14.8692],[-91.0341,14.8691],[-91.034,14.869],[-91.0339,14.8689],[-91.0336,14.8688],[-91.0334,14.8687],[-91.0334,14.8686],[-91.0334,14.8684],[-91.0334,14.8682],[-91.0334,14.8681],[-91.0335,14.8679],[-91.0336,14.8678],[-91.0336,14.8677],[-91.0335,14.8675],[-91.0334,14.8673],[-91.0332,14.8672],[-91.0331,14.8672],[-91.0331,14.867],[-91.0331,14.8669],[-91.0332,14.8667],[-91.0332,14.8666],[-91.0333,14.8665],[-91.0336,14.8664],[-91.0338,14.8663],[-91.0338,14.8662],[-91.0338,14.866],[-91.0337,14.8659],[-91.0337,14.8658],[-91.0337,14.8657],[-91.0338,14.8655],[-91.0339,14.8654],[-91.0341,14.8654],[-91.0342,14.8653],[-91.0344,14.8654],[-91.0346,14.8654],[-91.0348,14.8653],[-91.0349,14.8652],[-91.035,14.865],[-91.035,14.8649],[-91.035,14.8648],[-91.0351,14.8647],[-91.0352,14.8646],[-91.0354,14.8646],[-91.0356,14.8645],[-91.0356,14.8643],[-91.0357,14.8641],[-91.0357,14.864],[-91.0357,14.8638],[-91.0358,14.8636],[-91.0359,14.8634],[-91.0361,14.8633],[-91.0363,14.8633],[-91.0365,14.8633],[-91.0366,14.8632],[-91.0367,14.863],[-91.0367,14.8629],[-91.0367,14.8627],[-91.0369,14.8627],[-91.0371,14.8627],[-91.0372,14.8627],[-91.0374,14.8627],[-91.0375,14.8626],[-91.0376,14.8625],[-91.0377,14.8625],[-91.0379,14.8625],[-91.038,14.8625],[-91.0383,14.8625],[-91.0385,14.8624],[-91.0386,14.8622],[-91.0386,14.8621],[-91.0386,14.8619],[-91.0387,14.8619],[-91.0389,14.8618],[-91.0391,14.8618],[-91.0392,14.8617],[-91.0393,14.8616],[-91.0393,14.8615],[-91.0393,14.8613],[-91.0394,14.8611],[-91.0394,14.861],[-91.0396,14.8611],[-91.0397,14.8611],[-91.0398,14.8612],[-91.04,14.8611],[-91.04,14.8608],[-91.04,14.8607],[-91.0399,14.8605],[-91.0399,14.8604],[-91.04,14.8602],[-91.0403,14.86],[-91.0405,14.86],[-91.0407,14.86],[-91.0409,14.86],[-91.041,14.8599],[-91.041,14.8597],[-91.0411,14.8596],[-91.0411,14.8595],[-91.0411,14.8592],[-91.041,14.859],[-91.0409,14.8589],[-91.0408,14.8588],[-91.0407,14.8587],[-91.0406,14.8585],[-91.0406,14.8583],[-91.0407,14.8582],[-91.0408,14.8581],[-91.0409,14.8579],[-91.0409,14.8577],[-91.0408,14.8576],[-91.0407,14.8575],[-91.0406,14.8573],[-91.0406,14.8573],[-91.0407,14.8572],[-91.0408,14.8571],[-91.0409,14.857],[-91.0411,14.857],[-91.0411,14.8568],[-91.041,14.8567],[-91.0408,14.8566],[-91.0407,14.8565],[-91.0407,14.8563],[-91.0407,14.8562],[-91.0407,14.8558],[-91.0408,14.8557],[-91.0409,14.8556],[-91.0411,14.8555],[-91.0412,14.8554],[-91.0412,14.8553],[-91.0411,14.8552],[-91.041,14.8551],[-91.0409,14.8549],[-91.0408,14.8548],[-91.0408,14.8548],[-91.0406,14.8546],[-91.0406,14.8545],[-91.0408,14.8544],[-91.0409,14.8543],[-91.0409,14.8542],[-91.041,14.8541],[-91.0411,14.8539],[-91.0412,14.8538],[-91.0413,14.8538],[-91.0415,14.8537],[-91.0416,14.8537],[-91.0417,14.8536],[-91.0417,14.8534],[-91.0417,14.8532],[-91.0416,14.8531],[-91.0417,14.853],[-91.0418,14.8529],[-91.0419,14.8527],[-91.0421,14.8527],[-91.0422,14.8527],[-91.0424,14.8527],[-91.0425,14.8527],[-91.0426,14.8527],[-91.0427,14.8526],[-91.0428,14.8524],[-91.0427,14.8523],[-91.0428,14.8521],[-91.043,14.8519],[-91.0432,14.8519],[-91.0435,14.8517],[-91.0436,14.8516],[-91.0436,14.8514],[-91.0437,14.8512],[-91.0439,14.8511],[-91.044,14.851],[-91.0439,14.8508],[-91.0439,14.8506],[-91.0438,14.8505],[-91.0437,14.8503],[-91.0438,14.8501],[-91.0438,14.8498],[-91.0437,14.8497],[-91.0436,14.8495],[-91.0437,14.8493],[-91.0438,14.8491],[-91.0441,14.849],[-91.0442,14.849],[-91.0444,14.8488],[-91.0445,14.8486],[-91.0446,14.8485],[-91.0447,14.8484],[-91.0447,14.8484],[-91.0448,14.8482],[-91.0447,14.8481],[-91.0447,14.848],[-91.0447,14.8479],[-91.0446,14.8477],[-91.0447,14.8474],[-91.0447,14.8473],[-91.0449,14.8472],[-91.0449,14.8472],[-91.045,14.8472],[-91.0451,14.8471],[-91.0452,14.8469],[-91.0453,14.8468],[-91.0455,14.8467],[-91.0455,14.8466],[-91.0457,14.8463],[-91.0458,14.8461],[-91.0459,14.8458],[-91.046,14.8456],[-91.046,14.8453],[-91.046,14.8451],[-91.0454,14.8431],[-91.0447,14.8423],[-91.0419,14.8394],[-91.0343,14.8354],[-91.0336,14.8314],[-91.0321,14.8305],[-91.0248,14.8264],[-91.0246,14.8243],[-91.0284,14.8215],[-91.0286,14.8214],[-91.0316,14.8192],[-91.0467,14.8102],[-91.0487,14.8089],[-91.0717,14.8019],[-91.0723,14.8008],[-91.0748,14.7968],[-91.0752,14.796],[-91.0774,14.7918],[-91.0766,14.7917],[-91.0694,14.7911],[-91.0685,14.789],[-91.0723,14.7809],[-91.0744,14.7716],[-91.0767,14.7604],[-91.0731,14.7488],[-91.0756,14.7423],[-91.0773,14.7376],[-91.0773,14.7375],[-91.0727,14.7305],[-91.0761,14.7267],[-91.0786,14.7319],[-91.084,14.7309],[-91.0851,14.7307],[-91.0848,14.726],[-91.0846,14.723],[-91.0843,14.7176],[-91.0808,14.7179],[-91.0799,14.718],[-91.0794,14.7166],[-91.077,14.71],[-91.0781,14.7049],[-91.0774,14.7035],[-91.0767,14.702],[-91.0758,14.7],[-91.0756,14.6996],[-91.0754,14.6994],[-91.0756,14.6989],[-91.0783,14.6929],[-91.0784,14.6927],[-91.0785,14.6865],[-91.0786,14.6831],[-91.0786,14.6819],[-91.081,14.6782],[-91.086,14.6744],[-91.0874,14.6721],[-91.0879,14.6714],[-91.0885,14.6704],[-91.089,14.6696],[-91.0892,14.6685],[-91.0899,14.6636],[-91.0909,14.6628],[-91.0912,14.6625],[-91.0912,14.6624],[-91.0915,14.6576],[-91.0914,14.6531],[-91.0943,14.6474],[-91.0981,14.6424],[-91.0984,14.6388],[-91.1018,14.6355],[-91.1032,14.6305],[-91.1083,14.6292],[-91.1096,14.6235],[-91.1101,14.6203],[-91.1076,14.6165],[-91.1105,14.6107],[-91.1119,14.6026],[-91.1091,14.5975],[-91.1098,14.5946],[-91.1107,14.5904],[-91.1167,14.586],[-91.1173,14.5855],[-91.1168,14.5843],[-91.1158,14.5814],[-91.1173,14.5794],[-91.1178,14.5787],[-91.1192,14.5739],[-91.1167,14.5714],[-91.1134,14.5683],[-91.1156,14.565],[-91.1131,14.5599],[-91.1152,14.5549],[-91.1136,14.5465],[-91.1161,14.5422],[-91.1164,14.5416],[-91.1161,14.5405],[-91.1137,14.5308],[-91.1154,14.5287],[-91.116,14.5194],[-91.1187,14.5153],[-91.1228,14.5125],[-91.1257,14.5106],[-91.1244,14.4969],[-91.1213,14.4914],[-91.1204,14.4899],[-91.123,14.4833],[-91.1231,14.479],[-91.1232,14.4773],[-91.1246,14.4756],[-91.1264,14.4733],[-91.1259,14.4683],[-91.1305,14.4572],[-91.1068,14.4521],[-91.1026,14.4489],[-91.0958,14.4489],[-91.0943,14.4435],[-91.095,14.4398],[-91.0955,14.4357],[-91.0956,14.4351],[-91.096,14.4327],[-91.0979,14.4304],[-91.1002,14.4277],[-91.099,14.4236],[-91.0984,14.4217],[-91.0972,14.4179],[-91.1007,14.4124]]]}},{"type":"Feature","properties":{"name":"Jutiapa","id":"GT-JU"},"geometry":{"type":"MultiPolygon","coordinates":[[[[-90.1943,13.7718],[-90.1948,13.7723],[-90.1951,13.7719],[-90.1951,13.7719],[-90.1948,13.7717],[-90.194,13.7714],[-90.1943,13.7718]]],[[[-89.5481,14.2757],[-89.5482,14.2754],[-89.5485,14.2753],[-89.5487,14.2754],[-89.5488,14.2753],[-89.549,14.2751],[-89.5488,14.2749],[-89.548,14.2751],[-89.5481,14.2757]]],[[[-89.6817,14.5307],[-89.6817,14.5301],[-89.6815,14.5262],[-89.6889,14.5168],[-89.692,14.4959],[-89.7016,14.4909],[-89.7111,14.4818],[-89.7209,14.4813],[-89.7292,14.4848],[-89.7342,14.4848],[-89.738,14.4839],[-89.7412,14.4838],[-89.744,14.4847],[-89.7456,14.4855],[-89.748,14.4857],[-89.7569,14.4863],[-89.7574,14.4867],[-89.7579,14.4868],[-89.7587,14.4866],[-89.7595,14.4859],[-89.7598,14.485],[-89.76,14.4841],[-89.7601,14.4836],[-89.7606,14.483],[-89.7613,14.4828],[-89.7619,14.4829],[-89.7628,14.4835],[-89.7638,14.4841],[-89.7653,14.4841],[-89.766,14.484],[-89.7672,14.4836],[-89.7686,14.4837],[-89.7694,14.4836],[-89.7706,14.484],[-89.7716,14.4845],[-89.7727,14.4847],[-89.7733,14.4847],[-89.7738,14.4848],[-89.7744,14.4851],[-89.7748,14.4853],[-89.7758,14.4855],[-89.7767,14.4852],[-89.7773,14.485],[-89.7778,14.4849],[-89.7785,14.4848],[-89.7787,14.4849],[-89.779,14.4851],[-89.7795,14.4849],[-89.7801,14.4845],[-89.7809,14.4839],[-89.7816,14.4834],[-89.7824,14.4829],[-89.7831,14.4826],[-89.7833,14.4828],[-89.7836,14.4833],[-89.7839,14.4837],[-89.7842,14.484],[-89.785,14.4841],[-89.7853,14.4844],[-89.7855,14.4847],[-89.7858,14.4849],[-89.7863,14.4847],[-89.7868,14.4843],[-89.7869,14.4838],[-89.787,14.4833],[-89.7872,14.4828],[-89.7873,14.4824],[-89.7875,14.4821],[-89.7878,14.4818],[-89.7884,14.4815],[-89.7886,14.4815],[-89.7891,14.4817],[-89.7897,14.482],[-89.7903,14.4823],[-89.7909,14.4826],[-89.7916,14.4828],[-89.7923,14.483],[-89.7926,14.483],[-89.7934,14.4829],[-89.7937,14.4828],[-89.7944,14.4828],[-89.7949,14.4829],[-89.7953,14.483],[-89.7954,14.4831],[-89.7958,14.4832],[-89.796,14.4832],[-89.7961,14.4836],[-89.796,14.4841],[-89.7958,14.4845],[-89.7955,14.4849],[-89.7949,14.4852],[-89.7945,14.4854],[-89.794,14.4856],[-89.7935,14.486],[-89.7932,14.4863],[-89.793,14.4867],[-89.7929,14.4871],[-89.7928,14.4875],[-89.7927,14.4879],[-89.7925,14.4881],[-89.7922,14.4884],[-89.7921,14.4886],[-89.7919,14.489],[-89.7917,14.4894],[-89.7916,14.4898],[-89.7916,14.4902],[-89.7917,14.4905],[-89.7918,14.4907],[-89.7921,14.4909],[-89.7924,14.4911],[-89.7929,14.4911],[-89.7932,14.4912],[-89.7935,14.4914],[-89.7939,14.4916],[-89.7943,14.4916],[-89.7947,14.4916],[-89.7951,14.4916],[-89.7956,14.4913],[-89.7959,14.4911],[-89.7961,14.491],[-89.7964,14.4908],[-89.7967,14.4909],[-89.797,14.4911],[-89.7974,14.4913],[-89.7976,14.4916],[-89.7979,14.4919],[-89.7981,14.4921],[-89.7983,14.4922],[-89.7985,14.4921],[-89.7987,14.4918],[-89.7989,14.4914],[-89.7991,14.4911],[-89.7991,14.4908],[-89.799,14.4905],[-89.7989,14.4903],[-89.7987,14.49],[-89.7987,14.4898],[-89.7987,14.4896],[-89.799,14.4894],[-89.7994,14.4894],[-89.7996,14.4895],[-89.8001,14.4899],[-89.8003,14.4901],[-89.8006,14.4904],[-89.8009,14.4906],[-89.8012,14.4907],[-89.8016,14.4909],[-89.8018,14.4912],[-89.8019,14.4915],[-89.8021,14.4918],[-89.8022,14.4921],[-89.8024,14.4922],[-89.8027,14.4923],[-89.8031,14.4922],[-89.8035,14.492],[-89.8041,14.4917],[-89.8046,14.4913],[-89.8048,14.491],[-89.8052,14.4909],[-89.8054,14.4909],[-89.8058,14.4912],[-89.8061,14.4915],[-89.8064,14.4917],[-89.8067,14.4919],[-89.807,14.4922],[-89.8074,14.4925],[-89.8077,14.4928],[-89.808,14.4931],[-89.8084,14.4932],[-89.8085,14.4933],[-89.8086,14.4933],[-89.8088,14.4936],[-89.8089,14.4939],[-89.8089,14.4942],[-89.8088,14.4947],[-89.8087,14.4951],[-89.8086,14.4953],[-89.8086,14.4955],[-89.8084,14.496],[-89.8083,14.4963],[-89.8082,14.4967],[-89.8081,14.4971],[-89.808,14.4976],[-89.8081,14.4979],[-89.8083,14.4985],[-89.8085,14.4989],[-89.8091,14.4992],[-89.8095,14.4995],[-89.81,14.4998],[-89.8104,14.5],[-89.8108,14.5003],[-89.8112,14.5005],[-89.8116,14.5008],[-89.8119,14.5011],[-89.8122,14.5012],[-89.8127,14.5015],[-89.8129,14.5018],[-89.8132,14.5021],[-89.8134,14.5024],[-89.8135,14.5026],[-89.8139,14.503],[-89.8142,14.5032],[-89.8146,14.5034],[-89.8149,14.5037],[-89.8151,14.504],[-89.8154,14.5047],[-89.8154,14.505],[-89.8155,14.5054],[-89.8157,14.5058],[-89.8157,14.5061],[-89.8158,14.5063],[-89.8159,14.5064],[-89.8165,14.5066],[-89.8168,14.5066],[-89.8173,14.5065],[-89.8176,14.5065],[-89.8179,14.5065],[-89.8182,14.5065],[-89.8187,14.5065],[-89.819,14.5066],[-89.8197,14.5067],[-89.8203,14.5067],[-89.8205,14.5068],[-89.8209,14.507],[-89.8212,14.5073],[-89.8215,14.5076],[-89.8219,14.5079],[-89.8221,14.5081],[-89.8225,14.5084],[-89.8225,14.5085],[-89.8226,14.5088],[-89.8228,14.5091],[-89.8228,14.5094],[-89.8228,14.5096],[-89.8226,14.5098],[-89.8226,14.51],[-89.8227,14.5102],[-89.8226,14.5104],[-89.8225,14.5106],[-89.8225,14.5108],[-89.8223,14.511],[-89.8223,14.5111],[-89.8224,14.5113],[-89.8225,14.5115],[-89.8224,14.5116],[-89.8224,14.5117],[-89.8223,14.5117],[-89.8222,14.5118],[-89.822,14.5118],[-89.8219,14.5117],[-89.8219,14.5115],[-89.8217,14.5114],[-89.8216,14.5113],[-89.8215,14.5113],[-89.8214,14.5111],[-89.8213,14.511],[-89.8211,14.511],[-89.821,14.5111],[-89.8208,14.5112],[-89.8207,14.5113],[-89.8207,14.5114],[-89.8206,14.5116],[-89.8206,14.5119],[-89.8206,14.512],[-89.8205,14.5122],[-89.8204,14.5124],[-89.8202,14.5126],[-89.8201,14.5127],[-89.82,14.513],[-89.8201,14.5131],[-89.8201,14.5133],[-89.8203,14.5135],[-89.8205,14.5137],[-89.8206,14.5137],[-89.8209,14.5139],[-89.8211,14.5139],[-89.8213,14.5139],[-89.8216,14.5139],[-89.8219,14.5138],[-89.8221,14.5137],[-89.8223,14.5135],[-89.8224,14.5134],[-89.8226,14.5132],[-89.8228,14.513],[-89.823,14.5129],[-89.8233,14.5127],[-89.8234,14.5125],[-89.8236,14.5124],[-89.824,14.5123],[-89.8243,14.5121],[-89.8246,14.5119],[-89.8248,14.5117],[-89.8251,14.5116],[-89.8252,14.5113],[-89.8254,14.5112],[-89.8255,14.5111],[-89.8257,14.5109],[-89.826,14.5108],[-89.8264,14.5107],[-89.8266,14.5107],[-89.8269,14.5107],[-89.8271,14.5107],[-89.8274,14.5106],[-89.8275,14.5106],[-89.8277,14.5107],[-89.8279,14.5108],[-89.8282,14.5108],[-89.8283,14.5108],[-89.8286,14.5106],[-89.8287,14.5105],[-89.8289,14.5104],[-89.8291,14.5102],[-89.8295,14.5101],[-89.8298,14.5102],[-89.83,14.5104],[-89.8302,14.5106],[-89.8303,14.5108],[-89.8304,14.5111],[-89.8305,14.5114],[-89.8307,14.5117],[-89.8308,14.512],[-89.8309,14.5122],[-89.8309,14.5125],[-89.831,14.5128],[-89.8311,14.5131],[-89.8313,14.5133],[-89.8314,14.5134],[-89.8315,14.5135],[-89.8316,14.5137],[-89.8318,14.5139],[-89.8319,14.514],[-89.8321,14.514],[-89.8322,14.514],[-89.8325,14.514],[-89.8326,14.5139],[-89.8329,14.5138],[-89.8331,14.5138],[-89.8333,14.514],[-89.8334,14.5142],[-89.8336,14.5142],[-89.834,14.5142],[-89.8342,14.5141],[-89.8344,14.514],[-89.8347,14.5138],[-89.8349,14.5137],[-89.835,14.5136],[-89.8352,14.5133],[-89.8353,14.513],[-89.8354,14.5128],[-89.8355,14.5126],[-89.8355,14.5125],[-89.8357,14.5122],[-89.8358,14.512],[-89.8358,14.5118],[-89.836,14.5115],[-89.8361,14.5115],[-89.8363,14.5114],[-89.8365,14.5115],[-89.8364,14.5107],[-89.8355,14.5039],[-89.8371,14.5006],[-89.8389,14.4989],[-89.8463,14.4923],[-89.8486,14.4886],[-89.8487,14.4882],[-89.8497,14.4747],[-89.8596,14.4698],[-89.8625,14.4693],[-89.8652,14.4688],[-89.8743,14.4709],[-89.8834,14.464],[-89.8839,14.4618],[-89.8888,14.4387],[-89.8919,14.44],[-89.8942,14.441],[-89.8943,14.4411],[-89.8943,14.4411],[-89.926,14.4631],[-89.9359,14.4613],[-89.9751,14.4542],[-89.9796,14.4512],[-89.9809,14.4513],[-89.9812,14.4476],[-89.9811,14.4437],[-89.9825,14.4349],[-89.9849,14.4318],[-90.0298,14.4304],[-90.0329,14.4303],[-90.0469,14.4299],[-90.0496,14.4199],[-90.0579,14.3892],[-90.0615,14.3859],[-90.064,14.3831],[-90.0776,14.3687],[-90.0911,14.3542],[-90.1229,14.3568],[-90.1191,14.3495],[-90.1155,14.3425],[-90.1167,14.3342],[-90.1209,14.334],[-90.1207,14.3335],[-90.1256,14.3352],[-90.1305,14.3356],[-90.1319,14.3366],[-90.1408,14.3425],[-90.1739,14.332],[-90.1864,14.328],[-90.1943,14.3255],[-90.1988,14.3225],[-90.2002,14.32],[-90.199,14.3149],[-90.1986,14.3096],[-90.2021,14.3015],[-90.2056,14.2965],[-90.2059,14.2961],[-90.2058,14.2922],[-90.2045,14.2881],[-90.2034,14.284],[-90.204,14.2787],[-90.2021,14.2727],[-90.2067,14.2642],[-90.2022,14.2575],[-90.1991,14.256],[-90.1983,14.2556],[-90.1884,14.2564],[-90.1876,14.2564],[-90.1571,14.2526],[-90.0941,14.214],[-90.0754,14.2025],[-90.0742,14.2012],[-90.075,14.2007],[-90.0621,14.1825],[-90.0627,14.1817],[-90.067,14.1816],[-90.0679,14.1805],[-90.0683,14.18],[-90.0716,14.1788],[-90.0726,14.1774],[-90.0717,14.1762],[-90.0685,14.1715],[-90.069,14.1671],[-90.0737,14.1652],[-90.0759,14.1628],[-90.0796,14.1642],[-90.08,14.1635],[-90.0813,14.1614],[-90.0799,14.1594],[-90.0573,14.1273],[-90.0551,14.1303],[-90.0529,14.1259],[-90.0663,14.0909],[-90.0785,14.0613],[-90.079,14.0601],[-90.0993,14.0676],[-90.1189,14.0607],[-90.1155,14.0487],[-90.1161,14.0383],[-90.1206,14.0122],[-90.1229,14.011],[-90.1166,14.0033],[-90.1166,14],[-90.1214,13.9959],[-90.1467,13.9616],[-90.1493,13.963],[-90.1465,13.9674],[-90.1457,13.9708],[-90.1459,13.9745],[-90.1474,13.9769],[-90.1501,13.979],[-90.1523,13.9806],[-90.1623,13.9738],[-90.1649,13.972],[-90.167,13.9739],[-90.1682,13.9749],[-90.1674,13.9775],[-90.1646,13.9804],[-90.1638,13.9844],[-90.1631,13.9878],[-90.163,13.9887],[-90.1666,13.9905],[-90.1829,13.9898],[-90.1953,13.9919],[-90.2004,13.9952],[-90.2049,14.0016],[-90.2084,14.0022],[-90.2124,14.0051],[-90.2126,14.0053],[-90.2127,14.0058],[-90.2133,14.0081],[-90.2156,14.0096],[-90.2265,14.0113],[-90.2458,14.0101],[-90.2495,14.0075],[-90.2563,14.0068],[-90.2722,14.0084],[-90.2928,14.011],[-90.2988,14.0113],[-90.2982,14.005],[-90.2946,14.0002],[-90.2929,13.999],[-90.2948,13.9955],[-90.2918,13.9917],[-90.2905,13.9882],[-90.2893,13.985],[-90.2892,13.9822],[-90.292,13.9774],[-90.2932,13.9748],[-90.2922,13.9721],[-90.29,13.9701],[-90.2888,13.9669],[-90.2843,13.9593],[-90.2823,13.9534],[-90.2794,13.9498],[-90.2759,13.947],[-90.2735,13.9423],[-90.2717,13.9367],[-90.2698,13.9336],[-90.2595,13.935],[-90.2576,13.9293],[-90.2549,13.929],[-90.253,13.9302],[-90.2507,13.9292],[-90.2511,13.9281],[-90.252,13.9254],[-90.2527,13.9215],[-90.2517,13.9201],[-90.2461,13.9147],[-90.2511,13.9061],[-90.2509,13.9022],[-90.2538,13.8958],[-90.2546,13.8939],[-90.2527,13.8904],[-90.2501,13.8901],[-90.2491,13.89],[-90.2478,13.8821],[-90.2474,13.8802],[-90.2439,13.8783],[-90.2424,13.8747],[-90.2422,13.8717],[-90.2435,13.8695],[-90.2448,13.8678],[-90.2443,13.8614],[-90.2435,13.8569],[-90.2449,13.8508],[-90.2462,13.8479],[-90.2552,13.844],[-90.257,13.8428],[-90.2584,13.84],[-90.2603,13.8383],[-90.2639,13.8361],[-90.2639,13.8319],[-90.2626,13.8258],[-90.2619,13.8221],[-90.2609,13.8199],[-90.2607,13.8177],[-90.2609,13.8165],[-90.2607,13.8155],[-90.2588,13.8127],[-90.2591,13.811],[-90.2625,13.8111],[-90.262,13.8088],[-90.2622,13.8082],[-90.2574,13.8064],[-90.2565,13.8056],[-90.2539,13.8047],[-90.2543,13.8039],[-90.2567,13.8033],[-90.258,13.8043],[-90.2607,13.8052],[-90.2615,13.8049],[-90.2627,13.8002],[-90.2579,13.7981],[-90.251,13.795],[-90.2458,13.7932],[-90.2447,13.7934],[-90.2431,13.7925],[-90.2424,13.7918],[-90.2422,13.7923],[-90.2424,13.793],[-90.2429,13.7937],[-90.2433,13.7943],[-90.2418,13.794],[-90.2395,13.7931],[-90.2383,13.7924],[-90.2389,13.7918],[-90.2392,13.7914],[-90.2395,13.7907],[-90.2395,13.7901],[-90.2377,13.7892],[-90.2375,13.7892],[-90.2361,13.7887],[-90.2314,13.787],[-90.2303,13.7866],[-90.2262,13.7851],[-90.224,13.7842],[-90.222,13.7834],[-90.2184,13.7818],[-90.2181,13.7817],[-90.2173,13.7809],[-90.216,13.7805],[-90.2128,13.7794],[-90.2119,13.779],[-90.2115,13.7787],[-90.211,13.7786],[-90.2105,13.7783],[-90.2092,13.7777],[-90.2071,13.777],[-90.2034,13.7755],[-90.2006,13.7743],[-90.2,13.775],[-90.1993,13.7754],[-90.1983,13.7756],[-90.1977,13.7755],[-90.1969,13.775],[-90.1958,13.7744],[-90.195,13.774],[-90.1941,13.7739],[-90.1925,13.7734],[-90.1914,13.7732],[-90.1904,13.7732],[-90.1899,13.7732],[-90.1893,13.7732],[-90.1886,13.7734],[-90.1883,13.7739],[-90.1882,13.7748],[-90.1884,13.7754],[-90.1886,13.776],[-90.1895,13.777],[-90.1891,13.7776],[-90.1885,13.7778],[-90.1877,13.7775],[-90.1872,13.777],[-90.1869,13.7763],[-90.1868,13.7756],[-90.1868,13.7751],[-90.1865,13.7744],[-90.1856,13.7743],[-90.1852,13.7749],[-90.1845,13.7754],[-90.184,13.7748],[-90.1842,13.7742],[-90.1845,13.7736],[-90.1846,13.7729],[-90.1843,13.7722],[-90.1837,13.772],[-90.1831,13.7719],[-90.1824,13.7725],[-90.1821,13.7732],[-90.1815,13.7735],[-90.1811,13.7727],[-90.1808,13.7723],[-90.1803,13.7722],[-90.1797,13.7719],[-90.1792,13.7715],[-90.1789,13.771],[-90.1787,13.7703],[-90.1793,13.7698],[-90.1799,13.77],[-90.1808,13.7702],[-90.1814,13.7702],[-90.1819,13.77],[-90.1825,13.7698],[-90.1832,13.7694],[-90.1841,13.7689],[-90.1847,13.7685],[-90.1853,13.7682],[-90.1861,13.7686],[-90.1871,13.7685],[-90.1874,13.7684],[-90.1872,13.7683],[-90.1827,13.7668],[-90.178,13.7648],[-90.1746,13.7635],[-90.1714,13.7621],[-90.1699,13.7614],[-90.1678,13.7604],[-90.1654,13.7596],[-90.1617,13.7577],[-90.1555,13.7551],[-90.1536,13.7543],[-90.1529,13.7539],[-90.1471,13.7514],[-90.146,13.7508],[-90.146,13.7506],[-90.1437,13.7498],[-90.1423,13.749],[-90.1411,13.7484],[-90.1405,13.7479],[-90.1394,13.7476],[-90.1384,13.7471],[-90.1371,13.7469],[-90.1364,13.7474],[-90.1361,13.7473],[-90.1367,13.747],[-90.1366,13.7466],[-90.1357,13.7463],[-90.1356,13.7462],[-90.1351,13.7471],[-90.1345,13.7474],[-90.1338,13.7476],[-90.1329,13.7477],[-90.1318,13.7475],[-90.1302,13.7471],[-90.1293,13.7468],[-90.1291,13.7467],[-90.1287,13.7461],[-90.1277,13.7448],[-90.1271,13.7443],[-90.1269,13.744],[-90.1268,13.7438],[-90.1265,13.743],[-90.1264,13.7429],[-90.1262,13.7428],[-90.126,13.7427],[-90.1256,13.7426],[-90.1252,13.7426],[-90.1249,13.7426],[-90.1245,13.7428],[-90.1238,13.7431],[-90.1233,13.7434],[-90.1228,13.7435],[-90.1223,13.7434],[-90.1216,13.7435],[-90.121,13.7436],[-90.1206,13.7438],[-90.1205,13.7439],[-90.1203,13.7444],[-90.12,13.7451],[-90.1196,13.7457],[-90.1195,13.7458],[-90.1196,13.7463],[-90.1196,13.7468],[-90.1196,13.7471],[-90.1196,13.7473],[-90.1192,13.748],[-90.1189,13.7486],[-90.1187,13.7489],[-90.1183,13.7492],[-90.1181,13.7493],[-90.1179,13.7494],[-90.1176,13.7495],[-90.1173,13.7495],[-90.1171,13.7495],[-90.1168,13.7494],[-90.1167,13.7493],[-90.1165,13.7491],[-90.1165,13.7489],[-90.1161,13.7478],[-90.1158,13.7472],[-90.1156,13.7471],[-90.1155,13.7469],[-90.1154,13.7468],[-90.1154,13.7467],[-90.1153,13.7465],[-90.1153,13.7464],[-90.1151,13.7463],[-90.1149,13.7462],[-90.1147,13.7461],[-90.1145,13.746],[-90.1142,13.7455],[-90.114,13.7451],[-90.1139,13.7448],[-90.1138,13.7446],[-90.1138,13.7444],[-90.1138,13.7441],[-90.114,13.7437],[-90.1142,13.7433],[-90.1145,13.7431],[-90.1146,13.743],[-90.1147,13.7429],[-90.1149,13.7429],[-90.115,13.7428],[-90.1152,13.7429],[-90.1154,13.7428],[-90.1156,13.7428],[-90.1158,13.7426],[-90.1159,13.7424],[-90.116,13.7422],[-90.1161,13.7419],[-90.1161,13.7417],[-90.1161,13.7414],[-90.116,13.7411],[-90.1157,13.7406],[-90.1155,13.7403],[-90.1152,13.7402],[-90.1147,13.7402],[-90.1142,13.7403],[-90.114,13.7404],[-90.1138,13.7405],[-90.1137,13.7406],[-90.1133,13.7412],[-90.113,13.7417],[-90.1125,13.7421],[-90.1123,13.7426],[-90.1117,13.7432],[-90.1114,13.7434],[-90.1111,13.7436],[-90.1107,13.7437],[-90.11,13.7439],[-90.1096,13.7439],[-90.1083,13.7438],[-90.1058,13.7428],[-90.1054,13.7425],[-90.1052,13.7421],[-90.105,13.7417],[-90.1049,13.7411],[-90.1047,13.7408],[-90.1041,13.7402],[-90.1038,13.7401],[-90.1036,13.7401],[-90.1034,13.7401],[-90.1028,13.7403],[-90.1023,13.7405],[-90.1023,13.7409],[-90.1023,13.7416],[-90.1025,13.7426],[-90.1026,13.7436],[-90.1027,13.744],[-90.1027,13.7447],[-90.1027,13.7452],[-90.1025,13.7459],[-90.1022,13.7463],[-90.1021,13.7464],[-90.102,13.7475],[-90.1019,13.7477],[-90.1018,13.7479],[-90.1017,13.7481],[-90.1017,13.7481],[-90.1015,13.7485],[-90.1012,13.7489],[-90.101,13.7491],[-90.1008,13.7492],[-90.1003,13.7494],[-90.0994,13.7499],[-90.096,13.7513],[-90.0956,13.7516],[-90.0948,13.7517],[-90.0947,13.7517],[-90.0947,13.7517],[-90.0946,13.7518],[-90.0945,13.7518],[-90.0943,13.7519],[-90.0942,13.752],[-90.0941,13.7521],[-90.094,13.7522],[-90.0939,13.7523],[-90.0938,13.7524],[-90.0937,13.7526],[-90.0935,13.7528],[-90.0934,13.753],[-90.0932,13.7533],[-90.093,13.7537],[-90.093,13.7538],[-90.093,13.7538],[-90.093,13.754],[-90.093,13.7542],[-90.093,13.7544],[-90.093,13.7545],[-90.0929,13.7546],[-90.0929,13.7546],[-90.0929,13.7548],[-90.093,13.7551],[-90.0933,13.7556],[-90.0941,13.7557],[-90.0948,13.7556],[-90.0965,13.7552],[-90.0974,13.7551],[-90.098,13.7551],[-90.0988,13.7551],[-90.0994,13.7552],[-90.1,13.7554],[-90.1006,13.7557],[-90.1009,13.7561],[-90.1013,13.7566],[-90.1015,13.757],[-90.1017,13.7576],[-90.1018,13.7587],[-90.1017,13.7596],[-90.1015,13.7604],[-90.1012,13.7613],[-90.1008,13.7619],[-90.1004,13.7625],[-90.1002,13.7627],[-90.1003,13.7629],[-90.1003,13.7631],[-90.1003,13.7632],[-90.1003,13.7633],[-90.1003,13.7634],[-90.1003,13.7635],[-90.1003,13.7636],[-90.1002,13.7637],[-90.1001,13.7638],[-90.1,13.7639],[-90.0999,13.764],[-90.0999,13.7641],[-90.0998,13.7641],[-90.0998,13.7641],[-90.0997,13.7642],[-90.0994,13.7643],[-90.0993,13.7644],[-90.0991,13.7644],[-90.099,13.7644],[-90.0989,13.7644],[-90.0988,13.7644],[-90.0987,13.7644],[-90.0986,13.7644],[-90.0985,13.7644],[-90.0985,13.7644],[-90.0984,13.7644],[-90.0984,13.7644],[-90.0983,13.7644],[-90.0981,13.7645],[-90.0978,13.7646],[-90.0975,13.7647],[-90.0978,13.7652],[-90.0995,13.7672],[-90.1001,13.7679],[-90.101,13.7691],[-90.103,13.772],[-90.1037,13.7733],[-90.1037,13.7734],[-90.1039,13.7737],[-90.1041,13.774],[-90.1044,13.7744],[-90.1044,13.7746],[-90.1045,13.7748],[-90.1045,13.7748],[-90.1054,13.7767],[-90.1058,13.7775],[-90.106,13.7783],[-90.1062,13.7792],[-90.1065,13.78],[-90.1072,13.7807],[-90.1079,13.7806],[-90.1083,13.7801],[-90.1087,13.7795],[-90.1091,13.779],[-90.1096,13.7781],[-90.1101,13.7776],[-90.1106,13.7771],[-90.1112,13.7766],[-90.1119,13.7761],[-90.1127,13.7758],[-90.1137,13.7759],[-90.1142,13.776],[-90.115,13.7764],[-90.1153,13.7769],[-90.1159,13.7778],[-90.1162,13.7785],[-90.1166,13.7792],[-90.1169,13.7799],[-90.1173,13.7809],[-90.1176,13.7824],[-90.1179,13.7833],[-90.1182,13.7843],[-90.1182,13.785],[-90.1182,13.7857],[-90.1182,13.7865],[-90.118,13.7871],[-90.1178,13.7876],[-90.1179,13.7877],[-90.1179,13.7881],[-90.1178,13.7888],[-90.1171,13.7897],[-90.1167,13.7904],[-90.1161,13.7909],[-90.1155,13.7916],[-90.1153,13.7919],[-90.1152,13.7921],[-90.1151,13.7923],[-90.1151,13.793],[-90.1153,13.7941],[-90.1157,13.7946],[-90.1166,13.7951],[-90.1174,13.7957],[-90.1176,13.7961],[-90.1176,13.7968],[-90.1176,13.7973],[-90.1172,13.7973],[-90.1173,13.7975],[-90.1173,13.7977],[-90.1173,13.7978],[-90.1173,13.7978],[-90.1172,13.798],[-90.117,13.7983],[-90.1164,13.7988],[-90.1157,13.7992],[-90.1147,13.7992],[-90.1127,13.7996],[-90.1127,13.8001],[-90.1127,13.8006],[-90.1129,13.8013],[-90.1133,13.8018],[-90.1137,13.8023],[-90.1142,13.803],[-90.1145,13.8036],[-90.1146,13.8042],[-90.1148,13.8046],[-90.1149,13.8052],[-90.1146,13.806],[-90.1141,13.8064],[-90.113,13.8068],[-90.111,13.8068],[-90.1097,13.8065],[-90.1085,13.8062],[-90.1083,13.8062],[-90.1081,13.8064],[-90.1079,13.8069],[-90.1076,13.8074],[-90.1075,13.8081],[-90.1074,13.8089],[-90.1073,13.8097],[-90.1072,13.8107],[-90.1072,13.8113],[-90.1073,13.8118],[-90.1074,13.8124],[-90.1076,13.8129],[-90.1088,13.8152],[-90.1092,13.8158],[-90.1095,13.8165],[-90.1096,13.8172],[-90.1097,13.818],[-90.1098,13.819],[-90.1099,13.8198],[-90.1101,13.8208],[-90.1104,13.8215],[-90.1106,13.822],[-90.1111,13.823],[-90.1113,13.8235],[-90.1123,13.8237],[-90.1126,13.8239],[-90.1128,13.8241],[-90.1128,13.8248],[-90.1128,13.8256],[-90.1129,13.8257],[-90.1131,13.8262],[-90.1132,13.8269],[-90.1132,13.8281],[-90.1133,13.8289],[-90.1132,13.83],[-90.1132,13.8307],[-90.1131,13.8312],[-90.1129,13.8318],[-90.1126,13.8323],[-90.1123,13.8327],[-90.1123,13.8329],[-90.1122,13.8346],[-90.1118,13.8351],[-90.1113,13.8356],[-90.11,13.8364],[-90.1086,13.837],[-90.107,13.8375],[-90.1054,13.8376],[-90.1041,13.838],[-90.1034,13.8386],[-90.1024,13.8394],[-90.1016,13.8402],[-90.1009,13.841],[-90.1003,13.8417],[-90.0998,13.8427],[-90.0996,13.8434],[-90.0996,13.8435],[-90.0997,13.8437],[-90.0997,13.8438],[-90.0994,13.8444],[-90.0991,13.8448],[-90.0989,13.845],[-90.0985,13.8457],[-90.0978,13.8467],[-90.097,13.8477],[-90.0966,13.8483],[-90.0962,13.8493],[-90.096,13.8502],[-90.0958,13.8509],[-90.096,13.8512],[-90.0973,13.8526],[-90.098,13.8531],[-90.0984,13.8539],[-90.0984,13.8548],[-90.0987,13.8576],[-90.0984,13.8587],[-90.0981,13.8592],[-90.0976,13.8597],[-90.0974,13.8598],[-90.0965,13.8601],[-90.0959,13.8604],[-90.0952,13.8605],[-90.0947,13.8605],[-90.094,13.8604],[-90.092,13.86],[-90.09,13.8601],[-90.0894,13.8602],[-90.0889,13.8604],[-90.088,13.8608],[-90.0874,13.8617],[-90.0848,13.865],[-90.0839,13.8668],[-90.0835,13.8679],[-90.0831,13.8693],[-90.0826,13.8722],[-90.0824,13.873],[-90.0818,13.8739],[-90.0817,13.874],[-90.0817,13.8749],[-90.0818,13.876],[-90.0813,13.877],[-90.0802,13.8777],[-90.0771,13.8781],[-90.0728,13.8793],[-90.067,13.8809],[-90.0666,13.8809],[-90.0668,13.8813],[-90.0672,13.8817],[-90.0678,13.8826],[-90.0681,13.8838],[-90.0683,13.8844],[-90.068,13.8852],[-90.0672,13.8857],[-90.0673,13.8859],[-90.0674,13.8868],[-90.0671,13.8875],[-90.0665,13.8878],[-90.0619,13.8893],[-90.0587,13.89],[-90.0572,13.89],[-90.0549,13.8901],[-90.0542,13.8902],[-90.0512,13.8918],[-90.0499,13.8924],[-90.0489,13.8934],[-90.048,13.8936],[-90.0467,13.8936],[-90.0445,13.8936],[-90.0421,13.8934],[-90.0404,13.8939],[-90.0399,13.8941],[-90.0397,13.8946],[-90.0398,13.8955],[-90.0395,13.8962],[-90.0389,13.8971],[-90.0383,13.8975],[-90.0376,13.8975],[-90.0369,13.8971],[-90.0365,13.8972],[-90.0361,13.8974],[-90.0359,13.8981],[-90.0356,13.903],[-90.0356,13.9038],[-90.0357,13.9047],[-90.0364,13.9063],[-90.0367,13.907],[-90.0371,13.9077],[-90.0373,13.9081],[-90.0375,13.9086],[-90.0378,13.9098],[-90.0378,13.9108],[-90.0378,13.9116],[-90.0377,13.9125],[-90.0377,13.9132],[-90.0377,13.9141],[-90.0377,13.9147],[-90.0372,13.9153],[-90.0373,13.9157],[-90.0374,13.9166],[-90.0371,13.9177],[-90.0364,13.9181],[-90.0357,13.9183],[-90.0347,13.9185],[-90.0326,13.9185],[-90.0313,13.9183],[-90.0297,13.9182],[-90.029,13.9184],[-90.0289,13.9185],[-90.0288,13.9194],[-90.0288,13.9207],[-90.029,13.9213],[-90.0297,13.9222],[-90.0303,13.9231],[-90.0307,13.9236],[-90.031,13.9245],[-90.0311,13.9253],[-90.031,13.9258],[-90.0308,13.9263],[-90.0302,13.9265],[-90.0304,13.9268],[-90.0306,13.928],[-90.0306,13.9283],[-90.0304,13.9285],[-90.0301,13.9286],[-90.0295,13.9286],[-90.0287,13.9285],[-90.028,13.9287],[-90.0275,13.929],[-90.0272,13.9306],[-90.0268,13.9321],[-90.0263,13.9335],[-90.0258,13.9347],[-90.0256,13.9356],[-90.0252,13.9363],[-90.0248,13.9374],[-90.0241,13.9381],[-90.0238,13.9385],[-90.0234,13.9389],[-90.0232,13.939],[-90.0228,13.9392],[-90.0226,13.9394],[-90.022,13.9396],[-90.0215,13.9396],[-90.0211,13.9396],[-90.0206,13.9396],[-90.0202,13.9395],[-90.0195,13.9394],[-90.0191,13.9394],[-90.0187,13.9396],[-90.0183,13.9398],[-90.018,13.9401],[-90.0178,13.9405],[-90.0174,13.9409],[-90.017,13.9412],[-90.0165,13.9415],[-90.0164,13.9418],[-90.0162,13.942],[-90.016,13.9424],[-90.0159,13.9426],[-90.0156,13.9428],[-90.0153,13.943],[-90.0152,13.9435],[-90.0151,13.9438],[-90.015,13.9441],[-90.0148,13.9442],[-90.0146,13.9443],[-90.0141,13.9443],[-90.0138,13.9442],[-90.0124,13.9432],[-90.0118,13.9431],[-90.0112,13.9431],[-90.0108,13.9434],[-90.0105,13.9438],[-90.0104,13.9441],[-90.0103,13.9444],[-90.0102,13.9446],[-90.01,13.9447],[-90.0096,13.9447],[-90.0093,13.9444],[-90.009,13.9443],[-90.0087,13.9443],[-90.0085,13.9446],[-90.0083,13.9449],[-90.0081,13.9453],[-90.008,13.9456],[-90.008,13.9457],[-90.0079,13.9466],[-90.0079,13.9467],[-90.0079,13.947],[-90.008,13.9474],[-90.0081,13.9478],[-90.0081,13.9482],[-90.008,13.9486],[-90.0076,13.9492],[-90.0072,13.9494],[-90.0066,13.9496],[-90.0058,13.95],[-90.0053,13.9503],[-90.004,13.9506],[-90.0037,13.9507],[-90.0033,13.9509],[-90.0028,13.9511],[-90.002,13.9514],[-90.0015,13.9515],[-90.0012,13.9518],[-90.0011,13.952],[-90.0008,13.9525],[-90.0008,13.9529],[-90.0007,13.9532],[-90.0007,13.9536],[-90.0007,13.9542],[-90.0006,13.9544],[-90.0005,13.9547],[-90.0004,13.9551],[-90.0003,13.9554],[-90.0002,13.9558],[-89.9997,13.956],[-89.9992,13.9561],[-89.9987,13.9561],[-89.9982,13.9561],[-89.9976,13.9562],[-89.9971,13.9563],[-89.9965,13.9563],[-89.9959,13.9563],[-89.9954,13.956],[-89.995,13.956],[-89.9945,13.9557],[-89.9941,13.9554],[-89.9938,13.9549],[-89.9931,13.9544],[-89.993,13.9543],[-89.9926,13.9544],[-89.9924,13.9545],[-89.9921,13.9549],[-89.9919,13.9554],[-89.9918,13.9558],[-89.9917,13.9563],[-89.9916,13.9565],[-89.9914,13.9569],[-89.9912,13.9572],[-89.9909,13.9577],[-89.9906,13.9579],[-89.9902,13.958],[-89.9899,13.9581],[-89.9895,13.9582],[-89.9893,13.9583],[-89.989,13.9583],[-89.9887,13.9581],[-89.9885,13.9578],[-89.9884,13.9574],[-89.9883,13.9571],[-89.9883,13.9571],[-89.988,13.9571],[-89.988,13.9571],[-89.9879,13.957],[-89.9876,13.9571],[-89.9874,13.9573],[-89.9872,13.9575],[-89.9869,13.9578],[-89.9866,13.9581],[-89.9864,13.9585],[-89.9863,13.9587],[-89.9859,13.9591],[-89.9854,13.9593],[-89.985,13.9596],[-89.9845,13.9598],[-89.9839,13.96],[-89.9835,13.9602],[-89.9828,13.9605],[-89.9824,13.9608],[-89.9816,13.961],[-89.9811,13.9611],[-89.9807,13.9613],[-89.9804,13.9615],[-89.9801,13.9616],[-89.9798,13.9616],[-89.9795,13.9615],[-89.9793,13.9614],[-89.9789,13.9611],[-89.9787,13.9608],[-89.9785,13.9604],[-89.9784,13.9601],[-89.9784,13.9599],[-89.9783,13.9597],[-89.9782,13.9597],[-89.978,13.9597],[-89.9777,13.9598],[-89.9774,13.96],[-89.9772,13.9602],[-89.9769,13.9604],[-89.9767,13.9607],[-89.9766,13.961],[-89.9763,13.9615],[-89.9761,13.9623],[-89.976,13.9627],[-89.9759,13.963],[-89.9759,13.9633],[-89.9759,13.9636],[-89.9757,13.964],[-89.9756,13.9642],[-89.9755,13.9646],[-89.9753,13.9649],[-89.9748,13.9651],[-89.9744,13.9652],[-89.9739,13.9652],[-89.9733,13.9652],[-89.973,13.9651],[-89.9726,13.9649],[-89.9723,13.9648],[-89.9717,13.9648],[-89.9714,13.9648],[-89.9713,13.9648],[-89.9708,13.9649],[-89.9703,13.9649],[-89.9698,13.9651],[-89.9693,13.9652],[-89.9688,13.9653],[-89.9685,13.9656],[-89.9681,13.9659],[-89.9677,13.9662],[-89.9672,13.9665],[-89.967,13.9668],[-89.9667,13.9671],[-89.9664,13.9676],[-89.966,13.9679],[-89.9654,13.9686],[-89.9645,13.9692],[-89.9639,13.9694],[-89.9635,13.9695],[-89.963,13.9693],[-89.9627,13.9694],[-89.9626,13.9695],[-89.9624,13.9698],[-89.9618,13.9701],[-89.9616,13.9703],[-89.9615,13.9706],[-89.9614,13.9712],[-89.9612,13.9717],[-89.9609,13.9721],[-89.9609,13.9726],[-89.9609,13.9728],[-89.9607,13.9735],[-89.9606,13.974],[-89.9605,13.9744],[-89.9604,13.9749],[-89.9602,13.9757],[-89.9602,13.976],[-89.9601,13.9764],[-89.96,13.9766],[-89.9601,13.9769],[-89.9602,13.9772],[-89.9602,13.9776],[-89.9601,13.9779],[-89.9599,13.9782],[-89.9595,13.9784],[-89.9589,13.9786],[-89.9584,13.9787],[-89.9579,13.9789],[-89.9572,13.9789],[-89.9567,13.9789],[-89.956,13.979],[-89.9551,13.979],[-89.9547,13.979],[-89.9538,13.9791],[-89.9535,13.9793],[-89.9529,13.9796],[-89.9525,13.98],[-89.9521,13.9803],[-89.9518,13.9807],[-89.9515,13.9812],[-89.951,13.9814],[-89.9509,13.9815],[-89.9506,13.9817],[-89.9501,13.9818],[-89.9496,13.9819],[-89.9491,13.9822],[-89.9488,13.9824],[-89.9486,13.9826],[-89.9486,13.9828],[-89.9485,13.9832],[-89.9486,13.9835],[-89.9485,13.9837],[-89.9485,13.984],[-89.9484,13.9843],[-89.9482,13.9847],[-89.9479,13.9848],[-89.9473,13.985],[-89.947,13.9851],[-89.9462,13.9851],[-89.9456,13.985],[-89.945,13.9847],[-89.9448,13.9846],[-89.9442,13.9845],[-89.9439,13.9845],[-89.9436,13.9846],[-89.9435,13.9847],[-89.9435,13.985],[-89.9435,13.9853],[-89.9436,13.9854],[-89.9437,13.9857],[-89.9437,13.986],[-89.9435,13.9863],[-89.9433,13.9865],[-89.943,13.9867],[-89.9425,13.9868],[-89.942,13.9866],[-89.9415,13.9865],[-89.9408,13.9865],[-89.9403,13.9864],[-89.9398,13.9865],[-89.9392,13.9867],[-89.9387,13.9869],[-89.9382,13.9873],[-89.938,13.9877],[-89.9378,13.9881],[-89.9377,13.9883],[-89.9376,13.9887],[-89.9375,13.9891],[-89.9374,13.9894],[-89.9374,13.9897],[-89.9374,13.9902],[-89.9375,13.9907],[-89.9374,13.9911],[-89.9374,13.9916],[-89.9374,13.9919],[-89.9373,13.9922],[-89.9373,13.9924],[-89.9373,13.9929],[-89.9373,13.9931],[-89.9373,13.9933],[-89.9374,13.9936],[-89.9375,13.994],[-89.9374,13.9944],[-89.937,13.9949],[-89.9366,13.9952],[-89.9367,13.9953],[-89.9365,13.9955],[-89.9364,13.9958],[-89.9362,13.9958],[-89.936,13.9957],[-89.9359,13.9956],[-89.9355,13.9953],[-89.9353,13.9951],[-89.9351,13.9946],[-89.935,13.9947],[-89.9343,13.9942],[-89.934,13.9938],[-89.9336,13.9931],[-89.9335,13.9931],[-89.9331,13.993],[-89.9327,13.993],[-89.9323,13.993],[-89.9321,13.9932],[-89.932,13.9935],[-89.9319,13.9939],[-89.9318,13.9942],[-89.9317,13.9946],[-89.9316,13.995],[-89.9315,13.9953],[-89.9314,13.9957],[-89.9312,13.996],[-89.9308,13.9966],[-89.9306,13.9968],[-89.9303,13.9972],[-89.9302,13.9976],[-89.93,13.9979],[-89.9299,13.9983],[-89.9299,13.9986],[-89.9298,13.9989],[-89.9298,13.9991],[-89.9297,13.9995],[-89.9296,14],[-89.9296,14.0002],[-89.9295,14.0005],[-89.9293,14.0008],[-89.929,14.0012],[-89.9286,14.0014],[-89.9283,14.0017],[-89.9283,14.0021],[-89.9286,14.0027],[-89.9287,14.0032],[-89.9287,14.0039],[-89.9284,14.0044],[-89.9284,14.0044],[-89.9286,14.0048],[-89.9286,14.0051],[-89.9285,14.0056],[-89.9283,14.0061],[-89.9281,14.0065],[-89.9278,14.0067],[-89.9274,14.0069],[-89.927,14.007],[-89.9264,14.0072],[-89.9258,14.0072],[-89.9253,14.0072],[-89.925,14.0073],[-89.9233,14.0073],[-89.9227,14.0071],[-89.9221,14.0066],[-89.9216,14.0066],[-89.9211,14.0066],[-89.9206,14.0069],[-89.9203,14.0074],[-89.9203,14.0075],[-89.92,14.009],[-89.92,14.0102],[-89.9197,14.0112],[-89.9197,14.0121],[-89.9195,14.0126],[-89.919,14.013],[-89.9184,14.0131],[-89.918,14.013],[-89.9175,14.0126],[-89.9173,14.012],[-89.9171,14.0116],[-89.9163,14.0112],[-89.9145,14.0109],[-89.9124,14.0111],[-89.9115,14.0116],[-89.9103,14.0123],[-89.9083,14.0133],[-89.9076,14.0139],[-89.9071,14.015],[-89.9068,14.0162],[-89.9067,14.0169],[-89.9067,14.0172],[-89.9066,14.0173],[-89.9065,14.0182],[-89.9061,14.0194],[-89.9048,14.0211],[-89.9045,14.0217],[-89.9045,14.0224],[-89.9045,14.0229],[-89.9046,14.0235],[-89.9054,14.0262],[-89.9055,14.0268],[-89.9056,14.0273],[-89.9056,14.0286],[-89.9054,14.0295],[-89.9054,14.0295],[-89.9054,14.0303],[-89.9053,14.0311],[-89.9048,14.0321],[-89.9046,14.0322],[-89.9046,14.0324],[-89.9043,14.0324],[-89.9043,14.0325],[-89.904,14.0327],[-89.9035,14.0327],[-89.9032,14.0325],[-89.9031,14.0325],[-89.9026,14.0326],[-89.9021,14.0328],[-89.9021,14.0329],[-89.902,14.0329],[-89.9018,14.033],[-89.9007,14.0337],[-89.9002,14.0343],[-89.8996,14.0353],[-89.8989,14.0362],[-89.8984,14.0367],[-89.8984,14.0369],[-89.8983,14.0374],[-89.8983,14.0378],[-89.8984,14.0382],[-89.8985,14.0386],[-89.8986,14.0389],[-89.8985,14.0391],[-89.8984,14.0392],[-89.8974,14.0398],[-89.897,14.04],[-89.8966,14.0404],[-89.8962,14.0407],[-89.8959,14.041],[-89.8953,14.0412],[-89.8945,14.0418],[-89.8932,14.0426],[-89.893,14.0429],[-89.8928,14.0432],[-89.8923,14.0434],[-89.8919,14.0435],[-89.8914,14.0436],[-89.8906,14.0434],[-89.89,14.0431],[-89.8887,14.0427],[-89.8879,14.0425],[-89.8874,14.0425],[-89.8865,14.0428],[-89.8848,14.0431],[-89.8832,14.043],[-89.8816,14.0426],[-89.8798,14.0423],[-89.8789,14.0421],[-89.8785,14.0419],[-89.8783,14.0418],[-89.8781,14.0418],[-89.8778,14.042],[-89.8772,14.0425],[-89.8766,14.0427],[-89.8749,14.0427],[-89.8734,14.0426],[-89.8721,14.0424],[-89.871,14.0416],[-89.8706,14.0409],[-89.8699,14.0405],[-89.8696,14.0404],[-89.8679,14.0407],[-89.867,14.0408],[-89.866,14.0411],[-89.8653,14.0414],[-89.865,14.0417],[-89.8646,14.0418],[-89.8627,14.0414],[-89.8621,14.0413],[-89.861,14.042],[-89.861,14.0421],[-89.8606,14.0433],[-89.8605,14.0437],[-89.86,14.0449],[-89.8598,14.0451],[-89.8603,14.0457],[-89.8609,14.0464],[-89.8612,14.0471],[-89.8611,14.0472],[-89.8612,14.0472],[-89.8615,14.0476],[-89.8615,14.0479],[-89.8615,14.0481],[-89.8607,14.0486],[-89.8601,14.0494],[-89.86,14.0496],[-89.8597,14.0503],[-89.8595,14.0507],[-89.8594,14.0509],[-89.8589,14.0513],[-89.8586,14.0515],[-89.8584,14.0517],[-89.858,14.0521],[-89.8576,14.0522],[-89.8573,14.0527],[-89.8572,14.053],[-89.8572,14.053],[-89.8572,14.0535],[-89.8572,14.0543],[-89.8572,14.0549],[-89.8571,14.055],[-89.8572,14.0552],[-89.8572,14.0553],[-89.8572,14.0556],[-89.8572,14.0559],[-89.8569,14.0572],[-89.8568,14.0577],[-89.8566,14.058],[-89.8564,14.0583],[-89.856,14.0586],[-89.8557,14.0586],[-89.8555,14.0586],[-89.8552,14.0585],[-89.8547,14.0581],[-89.8541,14.0578],[-89.8535,14.0576],[-89.8525,14.0572],[-89.8518,14.0571],[-89.8507,14.057],[-89.848,14.0571],[-89.8462,14.0564],[-89.845,14.0572],[-89.8439,14.0575],[-89.8398,14.0582],[-89.8381,14.0572],[-89.8368,14.0566],[-89.8361,14.0569],[-89.8362,14.057],[-89.8361,14.0571],[-89.8366,14.0579],[-89.8367,14.0589],[-89.8368,14.0595],[-89.8367,14.0597],[-89.8359,14.0596],[-89.8352,14.0596],[-89.834,14.0599],[-89.833,14.0607],[-89.8329,14.0612],[-89.833,14.0617],[-89.8328,14.062],[-89.8321,14.062],[-89.8315,14.0618],[-89.8302,14.0616],[-89.8295,14.0614],[-89.8285,14.0614],[-89.8276,14.0614],[-89.8272,14.0608],[-89.8275,14.0603],[-89.8273,14.0596],[-89.827,14.0592],[-89.8266,14.0594],[-89.8261,14.061],[-89.8249,14.0627],[-89.8241,14.0633],[-89.8226,14.0636],[-89.8223,14.0632],[-89.8223,14.0629],[-89.8224,14.0623],[-89.8225,14.062],[-89.8224,14.0617],[-89.8223,14.0616],[-89.8216,14.0616],[-89.8203,14.0623],[-89.8194,14.0624],[-89.8185,14.0628],[-89.8178,14.0631],[-89.8176,14.0632],[-89.8171,14.063],[-89.8165,14.0631],[-89.8164,14.0629],[-89.8162,14.0624],[-89.8163,14.0619],[-89.8164,14.0614],[-89.8163,14.061],[-89.816,14.0607],[-89.8148,14.0601],[-89.8138,14.0596],[-89.8132,14.0587],[-89.813,14.0583],[-89.8125,14.058],[-89.8122,14.0582],[-89.8119,14.0584],[-89.8099,14.0573],[-89.8098,14.057],[-89.8097,14.0564],[-89.8097,14.056],[-89.8094,14.0558],[-89.8091,14.056],[-89.8088,14.0563],[-89.808,14.0568],[-89.8076,14.0569],[-89.8067,14.057],[-89.8065,14.0571],[-89.8062,14.057],[-89.8057,14.0572],[-89.8055,14.0571],[-89.8053,14.057],[-89.8049,14.0567],[-89.8048,14.0561],[-89.8048,14.0556],[-89.8052,14.0549],[-89.8054,14.0547],[-89.8053,14.0545],[-89.8052,14.0545],[-89.8052,14.0544],[-89.8048,14.0543],[-89.8031,14.054],[-89.8023,14.0535],[-89.8018,14.0529],[-89.8014,14.0524],[-89.8007,14.0521],[-89.8003,14.0521],[-89.8001,14.0524],[-89.8,14.0535],[-89.7996,14.0538],[-89.7994,14.0537],[-89.7984,14.0519],[-89.7979,14.0505],[-89.7973,14.0499],[-89.7965,14.0493],[-89.7953,14.0491],[-89.7951,14.0481],[-89.7948,14.0477],[-89.7945,14.048],[-89.7937,14.049],[-89.7933,14.0491],[-89.793,14.0489],[-89.7927,14.0485],[-89.7924,14.0485],[-89.7921,14.0487],[-89.7916,14.0487],[-89.7913,14.0483],[-89.791,14.0477],[-89.7906,14.0473],[-89.7903,14.0472],[-89.7897,14.0472],[-89.7893,14.0471],[-89.7892,14.047],[-89.7891,14.0465],[-89.7891,14.046],[-89.7891,14.0453],[-89.7893,14.0445],[-89.7891,14.044],[-89.789,14.0434],[-89.7884,14.0417],[-89.7876,14.0413],[-89.7873,14.0408],[-89.7868,14.0397],[-89.7862,14.0389],[-89.7857,14.0384],[-89.7851,14.0382],[-89.7845,14.038],[-89.7842,14.0377],[-89.7837,14.0374],[-89.7834,14.0372],[-89.7832,14.0372],[-89.7827,14.0377],[-89.7825,14.0377],[-89.7822,14.0377],[-89.782,14.0372],[-89.7819,14.0364],[-89.7816,14.0362],[-89.7796,14.0362],[-89.7791,14.0359],[-89.7788,14.0356],[-89.779,14.0345],[-89.7791,14.0341],[-89.779,14.0337],[-89.7788,14.0336],[-89.7783,14.0336],[-89.7771,14.0343],[-89.7768,14.0345],[-89.7759,14.0344],[-89.7751,14.0337],[-89.7751,14.0329],[-89.7749,14.0327],[-89.7747,14.0325],[-89.7744,14.0326],[-89.772,14.0335],[-89.7707,14.0341],[-89.7695,14.0345],[-89.7683,14.0345],[-89.7674,14.0344],[-89.7668,14.0342],[-89.7665,14.0342],[-89.7662,14.0343],[-89.7659,14.0348],[-89.7657,14.035],[-89.7655,14.035],[-89.7654,14.0349],[-89.7653,14.0347],[-89.7653,14.0346],[-89.7652,14.0344],[-89.7652,14.0341],[-89.7652,14.0339],[-89.765,14.0337],[-89.7648,14.0337],[-89.7647,14.0338],[-89.7646,14.034],[-89.7644,14.0341],[-89.7644,14.0343],[-89.7641,14.0345],[-89.7638,14.0346],[-89.7636,14.0347],[-89.7633,14.0346],[-89.7631,14.0346],[-89.7628,14.0344],[-89.7627,14.0341],[-89.7626,14.0341],[-89.7623,14.0341],[-89.7621,14.0342],[-89.7617,14.0345],[-89.7613,14.0347],[-89.7604,14.0346],[-89.7593,14.0342],[-89.7588,14.0332],[-89.7589,14.0324],[-89.7588,14.0322],[-89.7587,14.032],[-89.7585,14.0319],[-89.7581,14.0318],[-89.7578,14.0319],[-89.7576,14.0322],[-89.7574,14.0325],[-89.7571,14.0329],[-89.7569,14.033],[-89.7569,14.0333],[-89.7568,14.0337],[-89.7567,14.0338],[-89.7566,14.0338],[-89.7565,14.0338],[-89.7563,14.0338],[-89.7562,14.0337],[-89.7561,14.0336],[-89.7559,14.0332],[-89.7553,14.0326],[-89.7546,14.0322],[-89.7541,14.0321],[-89.7536,14.0323],[-89.7534,14.0324],[-89.7534,14.0326],[-89.7533,14.0328],[-89.7534,14.0332],[-89.7536,14.0337],[-89.7535,14.034],[-89.7535,14.0342],[-89.7533,14.0344],[-89.7531,14.0346],[-89.7527,14.0347],[-89.7522,14.0348],[-89.7518,14.035],[-89.7515,14.035],[-89.7508,14.0354],[-89.7504,14.0356],[-89.7493,14.0358],[-89.7485,14.0359],[-89.7481,14.0359],[-89.7476,14.0355],[-89.7474,14.0354],[-89.7471,14.0356],[-89.7464,14.0362],[-89.746,14.0363],[-89.7454,14.0363],[-89.7446,14.036],[-89.7443,14.0357],[-89.744,14.0356],[-89.7436,14.0354],[-89.7434,14.0351],[-89.7433,14.035],[-89.743,14.0351],[-89.7427,14.0352],[-89.7424,14.0353],[-89.7421,14.0355],[-89.7418,14.0356],[-89.7415,14.0357],[-89.7413,14.0356],[-89.7412,14.0355],[-89.7411,14.0352],[-89.741,14.0351],[-89.7408,14.0347],[-89.7407,14.0343],[-89.7404,14.0338],[-89.7401,14.0333],[-89.74,14.0331],[-89.7398,14.0329],[-89.7396,14.0328],[-89.7394,14.0327],[-89.7392,14.0327],[-89.739,14.0327],[-89.7387,14.0327],[-89.7384,14.0324],[-89.7382,14.032],[-89.738,14.0318],[-89.7377,14.0317],[-89.7375,14.0317],[-89.7373,14.032],[-89.7369,14.0328],[-89.7364,14.0333],[-89.7361,14.0334],[-89.7357,14.0336],[-89.7356,14.0337],[-89.7355,14.0342],[-89.7356,14.035],[-89.7358,14.0357],[-89.736,14.0361],[-89.7363,14.0364],[-89.7371,14.0371],[-89.7392,14.0391],[-89.74,14.0396],[-89.7405,14.0397],[-89.741,14.0397],[-89.7419,14.04],[-89.7422,14.0406],[-89.7424,14.0411],[-89.7424,14.0411],[-89.7425,14.0414],[-89.7425,14.0415],[-89.7427,14.0418],[-89.743,14.0422],[-89.7433,14.0427],[-89.7433,14.0436],[-89.7432,14.0441],[-89.7436,14.0445],[-89.7439,14.0448],[-89.7439,14.0451],[-89.7438,14.0456],[-89.7437,14.0459],[-89.744,14.0462],[-89.7447,14.0469],[-89.7449,14.0474],[-89.745,14.0481],[-89.745,14.0484],[-89.7452,14.049],[-89.7451,14.0496],[-89.7454,14.05],[-89.7454,14.0503],[-89.7446,14.0506],[-89.7444,14.0508],[-89.7446,14.0526],[-89.7441,14.0535],[-89.7439,14.0538],[-89.7433,14.0553],[-89.7435,14.0559],[-89.7442,14.0564],[-89.7452,14.0569],[-89.7458,14.0574],[-89.7461,14.0579],[-89.7463,14.0586],[-89.7463,14.0592],[-89.7462,14.0601],[-89.746,14.0607],[-89.7459,14.0609],[-89.746,14.0611],[-89.7458,14.0627],[-89.7459,14.0637],[-89.7458,14.0641],[-89.7455,14.0647],[-89.7454,14.0653],[-89.7451,14.0659],[-89.7441,14.0665],[-89.744,14.0667],[-89.7441,14.0681],[-89.7438,14.0686],[-89.7431,14.0689],[-89.7429,14.0698],[-89.7423,14.07],[-89.7422,14.0704],[-89.7421,14.0711],[-89.7422,14.0718],[-89.742,14.0725],[-89.7421,14.0731],[-89.7412,14.0736],[-89.7408,14.0741],[-89.7408,14.0745],[-89.7407,14.0746],[-89.7404,14.0746],[-89.7403,14.075],[-89.7402,14.0752],[-89.7404,14.0755],[-89.7403,14.0757],[-89.7399,14.0758],[-89.7397,14.0765],[-89.7402,14.0774],[-89.7405,14.0776],[-89.7405,14.0778],[-89.7402,14.078],[-89.7396,14.0781],[-89.7393,14.0777],[-89.7392,14.077],[-89.7391,14.077],[-89.739,14.0774],[-89.7392,14.0781],[-89.7395,14.0791],[-89.7394,14.0806],[-89.7395,14.0806],[-89.7402,14.0803],[-89.7406,14.081],[-89.7406,14.0815],[-89.7403,14.082],[-89.7395,14.0821],[-89.7386,14.0819],[-89.7375,14.0824],[-89.737,14.0829],[-89.7376,14.0835],[-89.7372,14.0836],[-89.7369,14.0837],[-89.7369,14.0839],[-89.737,14.0842],[-89.7363,14.0847],[-89.7367,14.0848],[-89.7367,14.0855],[-89.7364,14.0854],[-89.7362,14.0855],[-89.7361,14.0859],[-89.7362,14.0861],[-89.7361,14.0865],[-89.736,14.0873],[-89.7357,14.0876],[-89.7355,14.0887],[-89.7344,14.0917],[-89.7338,14.0927],[-89.7333,14.0937],[-89.7306,14.1014],[-89.7295,14.1053],[-89.7301,14.1075],[-89.7299,14.1081],[-89.7291,14.11],[-89.7268,14.1161],[-89.7256,14.1192],[-89.7219,14.1248],[-89.7202,14.1277],[-89.7141,14.138],[-89.6849,14.1632],[-89.6804,14.167],[-89.6776,14.1695],[-89.6713,14.175],[-89.6707,14.1761],[-89.6681,14.1824],[-89.6677,14.1831],[-89.6672,14.1842],[-89.6667,14.1854],[-89.6663,14.1855],[-89.6659,14.1857],[-89.6659,14.1858],[-89.664,14.1867],[-89.6602,14.1887],[-89.6585,14.1896],[-89.6568,14.1905],[-89.6542,14.1919],[-89.6523,14.1929],[-89.651,14.1935],[-89.6493,14.1944],[-89.6467,14.1959],[-89.6451,14.1967],[-89.6439,14.1973],[-89.6387,14.2],[-89.6356,14.2015],[-89.6341,14.2023],[-89.6325,14.203],[-89.6311,14.2038],[-89.63,14.2043],[-89.6287,14.2042],[-89.6248,14.204],[-89.621,14.2037],[-89.6204,14.2037],[-89.618,14.2035],[-89.6157,14.2034],[-89.614,14.2032],[-89.6128,14.2032],[-89.6122,14.2031],[-89.6098,14.203],[-89.6085,14.2029],[-89.6082,14.2028],[-89.6062,14.2027],[-89.6057,14.2027],[-89.6029,14.2025],[-89.6025,14.2025],[-89.6001,14.2023],[-89.5982,14.2022],[-89.5963,14.202],[-89.5952,14.202],[-89.5947,14.2019],[-89.5943,14.2019],[-89.5941,14.2019],[-89.5938,14.2021],[-89.5935,14.202],[-89.5931,14.2021],[-89.5922,14.2023],[-89.5917,14.2024],[-89.59,14.2027],[-89.5873,14.2033],[-89.5864,14.2035],[-89.5861,14.2034],[-89.586,14.2034],[-89.5852,14.2034],[-89.5844,14.2035],[-89.584,14.2035],[-89.5824,14.203],[-89.5819,14.203],[-89.5816,14.203],[-89.5815,14.203],[-89.5814,14.2031],[-89.5812,14.2032],[-89.5803,14.2037],[-89.58,14.2037],[-89.5794,14.204],[-89.5787,14.2044],[-89.5783,14.2046],[-89.5779,14.2046],[-89.5772,14.2046],[-89.577,14.2046],[-89.5769,14.2046],[-89.5767,14.2047],[-89.5762,14.2049],[-89.576,14.2052],[-89.5757,14.2053],[-89.5747,14.2056],[-89.5743,14.2057],[-89.5738,14.2058],[-89.5735,14.206],[-89.5732,14.2061],[-89.5728,14.2063],[-89.5724,14.2064],[-89.5721,14.2065],[-89.572,14.2067],[-89.5721,14.2069],[-89.5723,14.207],[-89.5723,14.2072],[-89.5722,14.2073],[-89.5721,14.2074],[-89.5714,14.2078],[-89.5713,14.2079],[-89.5712,14.2079],[-89.571,14.2079],[-89.5705,14.208],[-89.5695,14.2084],[-89.5691,14.2088],[-89.5677,14.21],[-89.5675,14.2102],[-89.5672,14.2102],[-89.5669,14.2101],[-89.5667,14.21],[-89.5661,14.209],[-89.5659,14.2088],[-89.5658,14.2087],[-89.5657,14.2086],[-89.5655,14.2088],[-89.5652,14.2091],[-89.565,14.2092],[-89.5646,14.2092],[-89.5644,14.2092],[-89.5638,14.2098],[-89.5636,14.21],[-89.5633,14.21],[-89.5631,14.2096],[-89.5621,14.2099],[-89.5612,14.21],[-89.5608,14.2102],[-89.5596,14.2102],[-89.5584,14.2101],[-89.5583,14.2102],[-89.5581,14.2106],[-89.558,14.2116],[-89.5577,14.2122],[-89.5573,14.213],[-89.557,14.2131],[-89.5564,14.2129],[-89.556,14.213],[-89.556,14.2133],[-89.5561,14.2138],[-89.556,14.2143],[-89.556,14.2143],[-89.5559,14.2144],[-89.5562,14.2144],[-89.5565,14.2143],[-89.5567,14.2143],[-89.5568,14.2143],[-89.5569,14.2144],[-89.5569,14.2145],[-89.5569,14.2145],[-89.5568,14.2147],[-89.5565,14.2149],[-89.5564,14.2151],[-89.5557,14.2155],[-89.5551,14.2154],[-89.555,14.2154],[-89.5549,14.2157],[-89.5549,14.2161],[-89.555,14.2162],[-89.5551,14.2163],[-89.5553,14.2164],[-89.5555,14.2168],[-89.5554,14.2171],[-89.5554,14.2174],[-89.5554,14.2175],[-89.5554,14.2176],[-89.5553,14.2176],[-89.5552,14.2176],[-89.5551,14.2175],[-89.555,14.2173],[-89.5549,14.2172],[-89.5548,14.2171],[-89.5547,14.2171],[-89.5546,14.2172],[-89.5545,14.2173],[-89.5544,14.2174],[-89.5543,14.2176],[-89.5543,14.2177],[-89.5543,14.2179],[-89.5543,14.2181],[-89.5543,14.2182],[-89.5543,14.2184],[-89.5542,14.2185],[-89.5541,14.2186],[-89.554,14.2186],[-89.5539,14.2186],[-89.5537,14.2185],[-89.5536,14.2184],[-89.5535,14.2184],[-89.5534,14.2185],[-89.5533,14.2185],[-89.5531,14.2185],[-89.553,14.2186],[-89.553,14.2186],[-89.5529,14.2187],[-89.5529,14.2191],[-89.5527,14.2198],[-89.5524,14.2204],[-89.5524,14.221],[-89.5523,14.2214],[-89.5519,14.2214],[-89.5514,14.2214],[-89.5508,14.2217],[-89.5499,14.2223],[-89.5492,14.2226],[-89.5489,14.2228],[-89.5486,14.2228],[-89.548,14.2228],[-89.5468,14.2223],[-89.5466,14.222],[-89.5462,14.2217],[-89.5459,14.2217],[-89.5456,14.2217],[-89.5444,14.2221],[-89.5439,14.2222],[-89.5438,14.2223],[-89.5437,14.2223],[-89.5436,14.2223],[-89.5435,14.2223],[-89.5435,14.2223],[-89.5434,14.2222],[-89.5433,14.2222],[-89.5433,14.2221],[-89.5433,14.2221],[-89.5432,14.222],[-89.5433,14.2219],[-89.5433,14.2218],[-89.5433,14.2218],[-89.5433,14.2217],[-89.5433,14.2217],[-89.5432,14.2216],[-89.5432,14.2216],[-89.5431,14.2216],[-89.543,14.2215],[-89.5428,14.2215],[-89.5426,14.2213],[-89.5424,14.2212],[-89.5423,14.2211],[-89.5422,14.221],[-89.5422,14.221],[-89.5422,14.2209],[-89.5421,14.2209],[-89.5421,14.2209],[-89.5421,14.2208],[-89.542,14.2208],[-89.5419,14.2208],[-89.5417,14.2206],[-89.5416,14.2205],[-89.5414,14.2205],[-89.5414,14.2203],[-89.5413,14.2202],[-89.5412,14.22],[-89.541,14.2198],[-89.5408,14.2195],[-89.5404,14.2191],[-89.5402,14.219],[-89.5398,14.219],[-89.5397,14.2192],[-89.5395,14.2192],[-89.5394,14.2192],[-89.5393,14.2192],[-89.5391,14.2191],[-89.5388,14.2189],[-89.5387,14.2189],[-89.5386,14.2187],[-89.5385,14.2187],[-89.5384,14.2183],[-89.5384,14.2183],[-89.5382,14.2181],[-89.5381,14.218],[-89.538,14.2178],[-89.5376,14.2177],[-89.5374,14.2176],[-89.5373,14.2176],[-89.5372,14.2176],[-89.5371,14.2177],[-89.537,14.2178],[-89.537,14.2179],[-89.5369,14.2179],[-89.5367,14.2182],[-89.5365,14.2185],[-89.5363,14.2185],[-89.5352,14.2192],[-89.5351,14.2193],[-89.5349,14.2193],[-89.5349,14.2192],[-89.5348,14.2192],[-89.5347,14.219],[-89.5347,14.2188],[-89.5346,14.2188],[-89.5346,14.2187],[-89.5345,14.2186],[-89.5344,14.2186],[-89.5343,14.2186],[-89.5342,14.2186],[-89.5341,14.2186],[-89.5339,14.2186],[-89.5337,14.2186],[-89.5336,14.2186],[-89.5335,14.2184],[-89.5334,14.2184],[-89.5334,14.2183],[-89.5334,14.2182],[-89.5336,14.2176],[-89.5336,14.2175],[-89.5335,14.2175],[-89.5335,14.2174],[-89.5334,14.2174],[-89.5331,14.2176],[-89.533,14.2177],[-89.533,14.2178],[-89.5329,14.218],[-89.5328,14.2181],[-89.5328,14.2182],[-89.5328,14.2183],[-89.5329,14.2184],[-89.5329,14.2185],[-89.5333,14.2188],[-89.5334,14.2189],[-89.5334,14.2191],[-89.5335,14.2193],[-89.5335,14.2193],[-89.5334,14.2194],[-89.5333,14.2196],[-89.5332,14.2197],[-89.5332,14.2198],[-89.5331,14.2198],[-89.533,14.2199],[-89.533,14.2199],[-89.5329,14.2198],[-89.5328,14.2198],[-89.5327,14.2197],[-89.5326,14.2197],[-89.5325,14.2196],[-89.5324,14.2195],[-89.5322,14.2191],[-89.5317,14.2187],[-89.5317,14.2187],[-89.5317,14.2187],[-89.5313,14.2188],[-89.5313,14.2188],[-89.5313,14.2188],[-89.5312,14.2187],[-89.5312,14.2186],[-89.5311,14.2185],[-89.531,14.2184],[-89.531,14.2184],[-89.5309,14.2184],[-89.5308,14.2184],[-89.5308,14.2184],[-89.5307,14.2184],[-89.5303,14.2189],[-89.5302,14.2195],[-89.53,14.2202],[-89.5295,14.2208],[-89.5284,14.2213],[-89.5276,14.2212],[-89.5272,14.2212],[-89.5269,14.2211],[-89.5268,14.2209],[-89.5268,14.2205],[-89.5266,14.2201],[-89.5261,14.2199],[-89.5254,14.22],[-89.5253,14.2203],[-89.5252,14.2209],[-89.5249,14.2214],[-89.5245,14.2227],[-89.5239,14.2234],[-89.5238,14.2235],[-89.5264,14.2222],[-89.5285,14.2227],[-89.5296,14.2235],[-89.5291,14.2243],[-89.5256,14.2249],[-89.5243,14.2254],[-89.5236,14.2261],[-89.523,14.2268],[-89.5224,14.2275],[-89.5217,14.2283],[-89.5217,14.2284],[-89.5232,14.229],[-89.5231,14.2291],[-89.5229,14.2295],[-89.5228,14.2297],[-89.5226,14.2298],[-89.5221,14.2301],[-89.522,14.2301],[-89.5219,14.2304],[-89.5217,14.2308],[-89.5214,14.2312],[-89.5213,14.2314],[-89.5212,14.2316],[-89.5208,14.2321],[-89.5206,14.2324],[-89.5205,14.2326],[-89.5204,14.2331],[-89.5204,14.2332],[-89.5203,14.2334],[-89.5202,14.2336],[-89.5201,14.2336],[-89.5201,14.2337],[-89.5202,14.2338],[-89.5202,14.234],[-89.5202,14.2342],[-89.5202,14.2344],[-89.5202,14.2346],[-89.5216,14.2347],[-89.5232,14.2358],[-89.5232,14.2361],[-89.5232,14.2361],[-89.5233,14.2362],[-89.5234,14.2364],[-89.5235,14.2366],[-89.5235,14.2368],[-89.5236,14.237],[-89.5237,14.2375],[-89.5237,14.2378],[-89.5237,14.238],[-89.5237,14.2382],[-89.5236,14.2383],[-89.5236,14.2384],[-89.5236,14.2385],[-89.5236,14.2389],[-89.5237,14.2392],[-89.5236,14.2393],[-89.5235,14.2396],[-89.5234,14.2398],[-89.5232,14.24],[-89.5231,14.2402],[-89.5229,14.2404],[-89.5226,14.2405],[-89.5223,14.2407],[-89.5236,14.2417],[-89.524,14.242],[-89.5241,14.242],[-89.5241,14.2421],[-89.5253,14.2429],[-89.5263,14.2437],[-89.5266,14.2448],[-89.5292,14.2478],[-89.5333,14.2527],[-89.5343,14.254],[-89.5354,14.2555],[-89.5372,14.2578],[-89.5384,14.2593],[-89.5443,14.2661],[-89.5444,14.2656],[-89.5448,14.2647],[-89.545,14.2663],[-89.5457,14.2671],[-89.5462,14.2676],[-89.5466,14.2678],[-89.5471,14.2681],[-89.5472,14.2686],[-89.5473,14.2694],[-89.5477,14.27],[-89.5483,14.2704],[-89.5491,14.2704],[-89.5497,14.2704],[-89.5502,14.2706],[-89.5504,14.2711],[-89.55,14.2716],[-89.5492,14.2723],[-89.5487,14.2728],[-89.5489,14.2735],[-89.5497,14.2733],[-89.5502,14.2737],[-89.5504,14.2743],[-89.5501,14.2754],[-89.5497,14.2754],[-89.5494,14.2758],[-89.5495,14.2759],[-89.5499,14.2757],[-89.5501,14.2754],[-89.5505,14.2752],[-89.5505,14.2758],[-89.5494,14.2769],[-89.5491,14.2772],[-89.5489,14.2773],[-89.5484,14.2777],[-89.5482,14.2778],[-89.5478,14.2784],[-89.5474,14.2786],[-89.5471,14.2795],[-89.5472,14.282],[-89.5472,14.2824],[-89.5479,14.2837],[-89.5484,14.2852],[-89.546,14.2875],[-89.5451,14.2893],[-89.545,14.2902],[-89.5453,14.2938],[-89.5455,14.2943],[-89.547,14.2958],[-89.5512,14.3003],[-89.5524,14.3013],[-89.5532,14.3015],[-89.5537,14.3016],[-89.5544,14.3017],[-89.5554,14.3019],[-89.556,14.3025],[-89.5562,14.3032],[-89.5562,14.3034],[-89.5566,14.3036],[-89.5572,14.3045],[-89.5569,14.3055],[-89.5568,14.3056],[-89.5573,14.307],[-89.5574,14.307],[-89.5578,14.3068],[-89.558,14.3071],[-89.559,14.3074],[-89.5596,14.3076],[-89.5602,14.3082],[-89.5604,14.3088],[-89.5601,14.3092],[-89.5607,14.3095],[-89.5607,14.31],[-89.5606,14.3104],[-89.5603,14.3108],[-89.5601,14.3115],[-89.5602,14.3116],[-89.5608,14.3121],[-89.5617,14.3127],[-89.5625,14.3131],[-89.5637,14.3135],[-89.5652,14.3138],[-89.5658,14.314],[-89.5665,14.3144],[-89.5672,14.3147],[-89.5678,14.3149],[-89.5684,14.3151],[-89.5689,14.3152],[-89.5696,14.3152],[-89.5702,14.3151],[-89.5708,14.3147],[-89.5714,14.3142],[-89.5721,14.3141],[-89.5727,14.3141],[-89.5739,14.3143],[-89.5749,14.3144],[-89.5758,14.3144],[-89.5769,14.314],[-89.578,14.314],[-89.5786,14.3143],[-89.579,14.3146],[-89.5796,14.315],[-89.5802,14.3153],[-89.5808,14.3154],[-89.5817,14.3153],[-89.5822,14.3148],[-89.5828,14.3141],[-89.5836,14.3136],[-89.5847,14.3134],[-89.5852,14.3132],[-89.5858,14.3128],[-89.5862,14.3124],[-89.5868,14.3118],[-89.5875,14.3111],[-89.5883,14.3105],[-89.5889,14.31],[-89.5897,14.3097],[-89.5906,14.3098],[-89.5911,14.3098],[-89.5918,14.31],[-89.5926,14.3106],[-89.5926,14.3113],[-89.5926,14.3122],[-89.5924,14.3141],[-89.5926,14.3143],[-89.5926,14.3144],[-89.5926,14.3146],[-89.5926,14.3148],[-89.5925,14.3149],[-89.5924,14.315],[-89.5923,14.3151],[-89.592,14.3178],[-89.5916,14.3183],[-89.5917,14.319],[-89.5917,14.319],[-89.5917,14.3191],[-89.5918,14.3192],[-89.5918,14.3197],[-89.5918,14.32],[-89.5917,14.3203],[-89.5914,14.321],[-89.5913,14.3212],[-89.5912,14.3213],[-89.5912,14.3214],[-89.5911,14.3222],[-89.5911,14.3223],[-89.5911,14.3225],[-89.5912,14.3226],[-89.5912,14.3231],[-89.5912,14.3233],[-89.5912,14.3234],[-89.5912,14.3236],[-89.5914,14.3239],[-89.5918,14.3249],[-89.5919,14.3249],[-89.5919,14.325],[-89.592,14.325],[-89.5921,14.3255],[-89.5921,14.3257],[-89.5921,14.3258],[-89.5921,14.326],[-89.5921,14.3261],[-89.5921,14.3262],[-89.5921,14.3263],[-89.5921,14.3269],[-89.592,14.3277],[-89.5919,14.3279],[-89.5919,14.3282],[-89.5918,14.3284],[-89.5916,14.3286],[-89.5915,14.3288],[-89.5914,14.329],[-89.5913,14.3291],[-89.5912,14.3292],[-89.5912,14.3293],[-89.5911,14.3295],[-89.5911,14.3296],[-89.5911,14.3297],[-89.5912,14.33],[-89.5913,14.3302],[-89.5914,14.3306],[-89.5915,14.3311],[-89.5916,14.3313],[-89.5916,14.3315],[-89.5916,14.3316],[-89.5915,14.3325],[-89.5917,14.3327],[-89.5918,14.3329],[-89.5915,14.3333],[-89.5912,14.3337],[-89.5911,14.3339],[-89.591,14.334],[-89.5909,14.3341],[-89.5907,14.3343],[-89.5904,14.3349],[-89.5897,14.3395],[-89.5889,14.341],[-89.5881,14.3451],[-89.5879,14.3458],[-89.5879,14.346],[-89.5879,14.346],[-89.5872,14.3469],[-89.5868,14.3469],[-89.5865,14.3469],[-89.5862,14.3471],[-89.586,14.3473],[-89.5853,14.3472],[-89.585,14.3473],[-89.5848,14.3475],[-89.5848,14.3478],[-89.5848,14.348],[-89.5846,14.3481],[-89.5823,14.3488],[-89.582,14.3488],[-89.5818,14.3486],[-89.5811,14.3475],[-89.5809,14.3474],[-89.5806,14.3472],[-89.5804,14.3472],[-89.5804,14.3475],[-89.5802,14.3477],[-89.5798,14.3478],[-89.5796,14.348],[-89.5783,14.3493],[-89.5781,14.3496],[-89.5779,14.3499],[-89.5773,14.3503],[-89.5767,14.3506],[-89.5762,14.3508],[-89.5759,14.3509],[-89.5757,14.3509],[-89.575,14.3509],[-89.5747,14.351],[-89.5745,14.3514],[-89.5746,14.3523],[-89.5745,14.3524],[-89.5744,14.3526],[-89.5741,14.3527],[-89.5736,14.3526],[-89.5733,14.3525],[-89.5724,14.3521],[-89.572,14.352],[-89.5715,14.3521],[-89.571,14.3523],[-89.5706,14.3526],[-89.5702,14.3527],[-89.5697,14.3526],[-89.5691,14.3525],[-89.5682,14.352],[-89.5676,14.3515],[-89.5673,14.3514],[-89.567,14.3514],[-89.5663,14.3514],[-89.5659,14.3514],[-89.5656,14.3512],[-89.5647,14.3507],[-89.5645,14.3507],[-89.5645,14.3513],[-89.5646,14.3518],[-89.565,14.3522],[-89.5653,14.3527],[-89.5658,14.3532],[-89.5661,14.3542],[-89.5662,14.3549],[-89.5668,14.3575],[-89.5675,14.3585],[-89.5732,14.3626],[-89.576,14.3666],[-89.5765,14.3676],[-89.5769,14.3681],[-89.577,14.3682],[-89.5772,14.3683],[-89.5774,14.3684],[-89.5775,14.3684],[-89.5775,14.3685],[-89.5775,14.3686],[-89.5775,14.3687],[-89.5777,14.369],[-89.5777,14.3692],[-89.5778,14.3693],[-89.5778,14.3694],[-89.5779,14.3694],[-89.5781,14.3694],[-89.5783,14.3696],[-89.5784,14.3697],[-89.5785,14.3698],[-89.5785,14.3699],[-89.5786,14.37],[-89.5787,14.3701],[-89.5789,14.3705],[-89.579,14.3707],[-89.5791,14.3708],[-89.5794,14.3712],[-89.5797,14.3718],[-89.5798,14.372],[-89.5799,14.3722],[-89.58,14.3723],[-89.5801,14.3725],[-89.5802,14.3729],[-89.5802,14.373],[-89.5803,14.3732],[-89.5803,14.3733],[-89.5804,14.3735],[-89.5805,14.3737],[-89.5806,14.3752],[-89.581,14.3792],[-89.5794,14.3955],[-89.5795,14.3975],[-89.5788,14.4023],[-89.5787,14.4025],[-89.5786,14.4033],[-89.5785,14.4039],[-89.5785,14.4044],[-89.5784,14.4048],[-89.5783,14.4051],[-89.5776,14.4057],[-89.5772,14.4066],[-89.5762,14.4098],[-89.5759,14.4135],[-89.5745,14.415],[-89.5739,14.4168],[-89.5739,14.4169],[-89.5703,14.4166],[-89.5693,14.4166],[-89.5657,14.4164],[-89.5634,14.4163],[-89.5598,14.4161],[-89.5594,14.4161],[-89.5573,14.4161],[-89.5572,14.4161],[-89.5566,14.4161],[-89.5542,14.4161],[-89.5521,14.4161],[-89.5514,14.4161],[-89.551,14.4161],[-89.5494,14.4161],[-89.5478,14.4161],[-89.5452,14.4161],[-89.5426,14.4161],[-89.5423,14.4154],[-89.5425,14.4152],[-89.5425,14.4151],[-89.5426,14.4151],[-89.5426,14.415],[-89.5425,14.415],[-89.5424,14.4148],[-89.541,14.4148],[-89.5414,14.4141],[-89.5418,14.4136],[-89.5423,14.4129],[-89.5425,14.412],[-89.5423,14.412],[-89.5421,14.4118],[-89.5419,14.4116],[-89.5417,14.4113],[-89.5415,14.4107],[-89.5414,14.4101],[-89.5413,14.4097],[-89.5413,14.4097],[-89.5413,14.4097],[-89.5413,14.4097],[-89.5413,14.4096],[-89.5413,14.4096],[-89.5413,14.4095],[-89.5413,14.4093],[-89.5413,14.4092],[-89.5413,14.4091],[-89.5414,14.409],[-89.5413,14.4089],[-89.5413,14.4089],[-89.5412,14.4089],[-89.541,14.409],[-89.5409,14.4091],[-89.5408,14.4091],[-89.5406,14.409],[-89.5402,14.4087],[-89.54,14.4086],[-89.5396,14.4084],[-89.5394,14.4084],[-89.5391,14.4081],[-89.5388,14.4077],[-89.5387,14.4075],[-89.5386,14.4072],[-89.5387,14.4068],[-89.5387,14.4065],[-89.5385,14.4063],[-89.5383,14.4062],[-89.538,14.406],[-89.5376,14.4056],[-89.5375,14.4054],[-89.5375,14.4051],[-89.5372,14.4048],[-89.5371,14.4047],[-89.5368,14.4044],[-89.5365,14.4042],[-89.5361,14.4038],[-89.536,14.4037],[-89.5359,14.4035],[-89.5359,14.4032],[-89.536,14.403],[-89.5359,14.4029],[-89.5357,14.4027],[-89.5356,14.4025],[-89.5356,14.4022],[-89.5356,14.4019],[-89.5357,14.4016],[-89.5356,14.4015],[-89.5355,14.4012],[-89.5353,14.4008],[-89.5352,14.4004],[-89.5352,14.4002],[-89.5353,14.4001],[-89.5353,14.4],[-89.5354,14.3999],[-89.5354,14.3986],[-89.5353,14.3986],[-89.5351,14.3987],[-89.535,14.3988],[-89.5346,14.3988],[-89.5342,14.3987],[-89.5339,14.3986],[-89.5338,14.3984],[-89.5337,14.3981],[-89.5338,14.3979],[-89.5338,14.3976],[-89.5339,14.3972],[-89.5339,14.3969],[-89.5338,14.3962],[-89.5338,14.3959],[-89.5338,14.3958],[-89.5334,14.3954],[-89.5332,14.3948],[-89.5332,14.3943],[-89.5332,14.3937],[-89.5333,14.3921],[-89.5332,14.3918],[-89.5332,14.3916],[-89.5333,14.3915],[-89.5334,14.3915],[-89.5334,14.3911],[-89.5337,14.3904],[-89.5341,14.3897],[-89.5347,14.3888],[-89.5356,14.3871],[-89.5359,14.3866],[-89.5362,14.3859],[-89.5362,14.385],[-89.5361,14.3851],[-89.5357,14.3851],[-89.5356,14.3851],[-89.5353,14.385],[-89.5351,14.3849],[-89.5348,14.3847],[-89.5345,14.3843],[-89.5344,14.3841],[-89.5342,14.3839],[-89.5339,14.3832],[-89.5335,14.3827],[-89.5333,14.3824],[-89.5332,14.3821],[-89.5327,14.3817],[-89.5325,14.3814],[-89.5323,14.3811],[-89.5318,14.3808],[-89.5316,14.3807],[-89.5311,14.3804],[-89.5309,14.3802],[-89.5305,14.3799],[-89.5303,14.3799],[-89.53,14.3798],[-89.5299,14.3796],[-89.5296,14.3796],[-89.5293,14.3798],[-89.5292,14.3799],[-89.5291,14.38],[-89.529,14.3801],[-89.5288,14.3802],[-89.5287,14.3805],[-89.5286,14.3807],[-89.5284,14.381],[-89.5285,14.3812],[-89.5283,14.3813],[-89.5281,14.3813],[-89.5278,14.3813],[-89.5275,14.3814],[-89.5273,14.3814],[-89.5271,14.3815],[-89.5268,14.3818],[-89.5268,14.3818],[-89.5266,14.3821],[-89.5266,14.3824],[-89.5265,14.3826],[-89.5265,14.3828],[-89.5264,14.3831],[-89.5264,14.3836],[-89.5264,14.3838],[-89.5262,14.3839],[-89.5258,14.384],[-89.5255,14.384],[-89.5252,14.3839],[-89.525,14.3839],[-89.5248,14.3839],[-89.5246,14.384],[-89.5244,14.3842],[-89.5242,14.3846],[-89.5241,14.3848],[-89.5232,14.385],[-89.523,14.385],[-89.5228,14.3851],[-89.5225,14.385],[-89.5222,14.385],[-89.5217,14.3849],[-89.5213,14.3849],[-89.5211,14.3849],[-89.521,14.3852],[-89.5209,14.3854],[-89.5208,14.3858],[-89.5207,14.3862],[-89.5206,14.3865],[-89.5204,14.3867],[-89.52,14.3869],[-89.5193,14.387],[-89.5191,14.387],[-89.519,14.3872],[-89.5189,14.3875],[-89.5201,14.3894],[-89.5204,14.3899],[-89.5203,14.3904],[-89.5201,14.3905],[-89.5202,14.3906],[-89.5206,14.3909],[-89.5209,14.3913],[-89.521,14.3917],[-89.5209,14.392],[-89.5208,14.3921],[-89.5207,14.3922],[-89.5203,14.3924],[-89.52,14.3925],[-89.5198,14.3927],[-89.5197,14.3928],[-89.5196,14.393],[-89.5194,14.3931],[-89.5192,14.3931],[-89.5189,14.393],[-89.5184,14.393],[-89.5181,14.3931],[-89.5179,14.3933],[-89.5175,14.3937],[-89.5171,14.3942],[-89.5167,14.3949],[-89.5165,14.3952],[-89.5161,14.396],[-89.5161,14.3966],[-89.5162,14.3971],[-89.5165,14.3975],[-89.5166,14.3978],[-89.5166,14.3983],[-89.5165,14.3985],[-89.5163,14.3988],[-89.5158,14.399],[-89.5153,14.3991],[-89.5148,14.3992],[-89.5144,14.399],[-89.5139,14.3988],[-89.5135,14.3985],[-89.513,14.3982],[-89.5125,14.398],[-89.5121,14.398],[-89.5117,14.3982],[-89.5115,14.3987],[-89.5116,14.3993],[-89.5116,14.3997],[-89.5114,14.4003],[-89.5113,14.4011],[-89.5115,14.4018],[-89.5115,14.4022],[-89.5117,14.4027],[-89.5116,14.4032],[-89.5115,14.4038],[-89.5114,14.4042],[-89.5114,14.4045],[-89.5112,14.4048],[-89.5111,14.4051],[-89.5108,14.4052],[-89.5105,14.4052],[-89.5103,14.4052],[-89.5102,14.4053],[-89.5108,14.4063],[-89.5104,14.4066],[-89.5105,14.4067],[-89.5108,14.4074],[-89.5111,14.4078],[-89.5113,14.4082],[-89.5117,14.4085],[-89.5123,14.4087],[-89.5124,14.4087],[-89.5128,14.4089],[-89.513,14.4091],[-89.5131,14.4096],[-89.5132,14.41],[-89.5132,14.4104],[-89.513,14.411],[-89.5128,14.4116],[-89.5127,14.4122],[-89.5127,14.4127],[-89.5128,14.4132],[-89.5129,14.4136],[-89.5128,14.4146],[-89.5126,14.4151],[-89.5126,14.4152],[-89.5125,14.4157],[-89.5124,14.4161],[-89.5124,14.4168],[-89.5126,14.4173],[-89.5127,14.4177],[-89.5132,14.4178],[-89.514,14.4179],[-89.5146,14.4179],[-89.515,14.418],[-89.5155,14.4183],[-89.5157,14.4185],[-89.5161,14.4188],[-89.5165,14.4191],[-89.5167,14.4194],[-89.5168,14.42],[-89.5167,14.4204],[-89.5165,14.4208],[-89.5165,14.4212],[-89.5167,14.4213],[-89.5171,14.4215],[-89.5176,14.4214],[-89.518,14.4214],[-89.5181,14.4212],[-89.5182,14.4209],[-89.5181,14.4204],[-89.5181,14.42],[-89.5183,14.4198],[-89.5188,14.4195],[-89.5192,14.4195],[-89.5196,14.4197],[-89.5197,14.4197],[-89.5199,14.4199],[-89.5201,14.4202],[-89.5202,14.4206],[-89.5202,14.4213],[-89.52,14.4221],[-89.5199,14.4227],[-89.5198,14.423],[-89.5194,14.4232],[-89.5194,14.4232],[-89.5192,14.4234],[-89.5193,14.4239],[-89.5195,14.4244],[-89.5198,14.425],[-89.5202,14.4255],[-89.5207,14.4259],[-89.521,14.4264],[-89.5212,14.4265],[-89.5215,14.4267],[-89.5217,14.4271],[-89.5219,14.4275],[-89.522,14.4278],[-89.522,14.4281],[-89.5218,14.4284],[-89.5209,14.4294],[-89.5201,14.4303],[-89.5198,14.4308],[-89.5196,14.4313],[-89.5197,14.4317],[-89.5196,14.4322],[-89.5192,14.4324],[-89.5187,14.4326],[-89.518,14.433],[-89.517,14.4337],[-89.5163,14.4342],[-89.5153,14.4348],[-89.5148,14.4352],[-89.5139,14.4358],[-89.5135,14.4362],[-89.5128,14.4364],[-89.5123,14.4368],[-89.512,14.4371],[-89.5118,14.4374],[-89.5115,14.4376],[-89.511,14.4376],[-89.5105,14.4379],[-89.5102,14.4381],[-89.5098,14.4381],[-89.5095,14.4384],[-89.5093,14.4386],[-89.509,14.4388],[-89.5086,14.4388],[-89.508,14.439],[-89.5077,14.4392],[-89.5073,14.4393],[-89.5068,14.4393],[-89.5062,14.4396],[-89.5057,14.44],[-89.5052,14.4407],[-89.5043,14.442],[-89.5036,14.4434],[-89.5032,14.444],[-89.5022,14.4456],[-89.5021,14.446],[-89.502,14.4465],[-89.502,14.4472],[-89.5018,14.4475],[-89.5015,14.4479],[-89.5015,14.4484],[-89.5016,14.449],[-89.5016,14.4497],[-89.5017,14.4504],[-89.5019,14.451],[-89.5018,14.4511],[-89.5017,14.4513],[-89.5013,14.4516],[-89.501,14.4521],[-89.5012,14.4524],[-89.5017,14.4525],[-89.5024,14.4526],[-89.5028,14.4528],[-89.5029,14.4529],[-89.5032,14.4533],[-89.5034,14.4537],[-89.5034,14.4542],[-89.5033,14.4547],[-89.5031,14.4552],[-89.503,14.4558],[-89.503,14.4563],[-89.5029,14.4568],[-89.5027,14.4574],[-89.5024,14.458],[-89.5021,14.4584],[-89.5017,14.459],[-89.5014,14.4595],[-89.5013,14.4602],[-89.5012,14.4605],[-89.5009,14.4607],[-89.5004,14.4612],[-89.4999,14.4622],[-89.4996,14.4629],[-89.4995,14.4638],[-89.4996,14.4644],[-89.4996,14.4645],[-89.4996,14.4648],[-89.4991,14.4651],[-89.4987,14.4653],[-89.4985,14.4656],[-89.4985,14.4659],[-89.4988,14.4661],[-89.4992,14.4663],[-89.5001,14.4665],[-89.5002,14.4665],[-89.501,14.4667],[-89.5012,14.4668],[-89.5013,14.4672],[-89.5013,14.4674],[-89.5012,14.4677],[-89.5008,14.468],[-89.5004,14.4681],[-89.4999,14.468],[-89.4996,14.4682],[-89.4995,14.4683],[-89.4994,14.4687],[-89.4997,14.4692],[-89.5002,14.4697],[-89.5011,14.47],[-89.5015,14.4699],[-89.5019,14.4695],[-89.5021,14.4692],[-89.5023,14.4689],[-89.5026,14.4687],[-89.503,14.4686],[-89.5033,14.4688],[-89.5036,14.4693],[-89.5037,14.47],[-89.5037,14.471],[-89.5035,14.472],[-89.5034,14.4725],[-89.5033,14.4728],[-89.5031,14.4732],[-89.5028,14.4733],[-89.5025,14.473],[-89.5021,14.473],[-89.5015,14.4731],[-89.5011,14.4728],[-89.5009,14.4725],[-89.5007,14.472],[-89.5007,14.4717],[-89.5005,14.4716],[-89.5001,14.4717],[-89.4999,14.4722],[-89.4997,14.4727],[-89.4995,14.4741],[-89.4995,14.4742],[-89.4995,14.4749],[-89.4993,14.4757],[-89.4993,14.4762],[-89.4998,14.4769],[-89.5003,14.4775],[-89.5006,14.4777],[-89.5011,14.4775],[-89.5013,14.4772],[-89.5015,14.4769],[-89.5017,14.4768],[-89.5022,14.4769],[-89.5027,14.4772],[-89.5031,14.4775],[-89.5035,14.4784],[-89.5042,14.4794],[-89.5052,14.4802],[-89.5058,14.4804],[-89.5061,14.4808],[-89.5066,14.4812],[-89.5074,14.4813],[-89.5077,14.4814],[-89.5081,14.4817],[-89.5086,14.4821],[-89.509,14.4825],[-89.5096,14.4827],[-89.5103,14.4825],[-89.5109,14.4823],[-89.5112,14.4824],[-89.5117,14.4828],[-89.5123,14.4833],[-89.5129,14.4837],[-89.5131,14.4842],[-89.5132,14.4847],[-89.5132,14.4851],[-89.5133,14.4854],[-89.5133,14.4855],[-89.5137,14.4862],[-89.5137,14.4868],[-89.5136,14.4873],[-89.5134,14.4878],[-89.5132,14.4884],[-89.5129,14.4888],[-89.5126,14.489],[-89.5124,14.4894],[-89.5122,14.4897],[-89.512,14.4899],[-89.5115,14.4901],[-89.5112,14.4902],[-89.5107,14.491],[-89.5103,14.4914],[-89.5098,14.4916],[-89.5097,14.4917],[-89.5094,14.4919],[-89.5091,14.4923],[-89.5091,14.4926],[-89.5091,14.4928],[-89.5091,14.4929],[-89.5091,14.4932],[-89.509,14.4936],[-89.5088,14.4939],[-89.5083,14.4941],[-89.5078,14.4943],[-89.5073,14.4947],[-89.5072,14.4951],[-89.5072,14.4952],[-89.5073,14.4954],[-89.5077,14.4956],[-89.5079,14.4956],[-89.5082,14.4957],[-89.5085,14.4958],[-89.5089,14.4959],[-89.5091,14.4961],[-89.5093,14.4963],[-89.5092,14.4965],[-89.5089,14.4967],[-89.5086,14.4968],[-89.5081,14.4969],[-89.5078,14.497],[-89.5075,14.4971],[-89.5072,14.4971],[-89.5068,14.497],[-89.5063,14.497],[-89.5057,14.4971],[-89.5054,14.4973],[-89.5051,14.4976],[-89.5048,14.4981],[-89.5051,14.499],[-89.5051,14.4995],[-89.5053,14.5001],[-89.5052,14.5005],[-89.5051,14.5008],[-89.505,14.5011],[-89.5047,14.5012],[-89.5044,14.5013],[-89.5042,14.5015],[-89.504,14.5018],[-89.5037,14.502],[-89.5034,14.5021],[-89.5031,14.5022],[-89.503,14.5025],[-89.5032,14.5029],[-89.5033,14.503],[-89.5036,14.5036],[-89.5038,14.5039],[-89.504,14.504],[-89.5045,14.504],[-89.5049,14.5039],[-89.5051,14.5038],[-89.5053,14.5037],[-89.5054,14.5035],[-89.5054,14.5032],[-89.5052,14.5029],[-89.5053,14.5025],[-89.5057,14.5024],[-89.506,14.5026],[-89.5063,14.503],[-89.5066,14.5033],[-89.507,14.5039],[-89.5075,14.5047],[-89.5078,14.505],[-89.5078,14.5052],[-89.5076,14.5054],[-89.5071,14.5057],[-89.5068,14.5058],[-89.5066,14.5057],[-89.5064,14.5056],[-89.5062,14.5052],[-89.506,14.505],[-89.5057,14.5051],[-89.5056,14.5052],[-89.5055,14.5056],[-89.5055,14.506],[-89.5056,14.5064],[-89.5056,14.5067],[-89.5057,14.507],[-89.5058,14.5073],[-89.5057,14.5078],[-89.5057,14.5079],[-89.5057,14.5082],[-89.506,14.5084],[-89.5064,14.5083],[-89.5066,14.5081],[-89.5068,14.5081],[-89.5073,14.5082],[-89.5075,14.5086],[-89.5077,14.509],[-89.5077,14.5092],[-89.5076,14.5093],[-89.5075,14.5094],[-89.5073,14.5095],[-89.5187,14.5142],[-89.5372,14.5136],[-89.5452,14.5134],[-89.5642,14.5129],[-89.6198,14.5114],[-89.6149,14.5514],[-89.6396,14.5633],[-89.6817,14.5307]]]]}},{"type":"Feature","properties":{"name":"Santa Rosa","id":"GT-SR"},"geometry":{"type":"Polygon","coordinates":[[[-90.5729,14.2566],[-90.579,14.2473],[-90.5884,14.2419],[-90.5882,14.2416],[-90.5863,14.238],[-90.5863,14.2379],[-90.5897,14.2302],[-90.5917,14.2281],[-90.5946,14.2252],[-90.5945,14.2251],[-90.5941,14.2237],[-90.596,14.2193],[-90.5969,14.2171],[-90.6007,14.2112],[-90.602,14.2075],[-90.6021,14.2072],[-90.5968,14.1953],[-90.5745,14.2027],[-90.5645,14.2],[-90.5623,14.1961],[-90.5583,14.1952],[-90.5518,14.1969],[-90.5451,14.2012],[-90.5403,14.205],[-90.5373,14.2078],[-90.5286,14.2157],[-90.5192,14.2024],[-90.5091,14.1991],[-90.5101,14.1985],[-90.5201,14.1928],[-90.5222,14.1899],[-90.5257,14.1845],[-90.5296,14.1804],[-90.5326,14.1791],[-90.5489,14.1719],[-90.5666,14.1565],[-90.591,14.158],[-90.5914,14.1542],[-90.5934,14.1371],[-90.5836,14.1368],[-90.5665,14.1338],[-90.5655,14.1277],[-90.564,14.1258],[-90.5551,14.1245],[-90.554,14.1222],[-90.5546,14.1008],[-90.5616,14.0982],[-90.5659,14.1005],[-90.5747,14.0992],[-90.5774,14.0968],[-90.5839,14.0935],[-90.5898,14.0919],[-90.5919,14.083],[-90.5894,14.0787],[-90.5903,14.0705],[-90.6172,14.0695],[-90.6193,14.0168],[-90.6172,14.0138],[-90.6242,14.0017],[-90.6233,13.9415],[-90.6235,13.9332],[-90.6232,13.925],[-90.6236,13.9219],[-90.6042,13.9186],[-90.5926,13.9167],[-90.5837,13.9149],[-90.5679,13.912],[-90.5639,13.9111],[-90.5562,13.9095],[-90.5535,13.9088],[-90.5517,13.9083],[-90.5484,13.9076],[-90.5461,13.9072],[-90.5424,13.9064],[-90.5366,13.9052],[-90.5366,13.9047],[-90.5292,13.9033],[-90.5292,13.9028],[-90.5126,13.8983],[-90.5087,13.8969],[-90.5026,13.8951],[-90.4993,13.894],[-90.4953,13.8927],[-90.4919,13.8916],[-90.4869,13.8903],[-90.4837,13.8891],[-90.473,13.8858],[-90.4587,13.881],[-90.4565,13.8801],[-90.4553,13.8797],[-90.4549,13.8796],[-90.4528,13.8788],[-90.4486,13.8776],[-90.4477,13.8773],[-90.4467,13.877],[-90.4455,13.8766],[-90.4434,13.876],[-90.4403,13.8749],[-90.4274,13.87],[-90.4244,13.8687],[-90.4201,13.8675],[-90.4176,13.8664],[-90.4167,13.8661],[-90.4158,13.8656],[-90.4113,13.8638],[-90.4084,13.8627],[-90.4043,13.861],[-90.4011,13.8597],[-90.3993,13.859],[-90.3974,13.8582],[-90.3954,13.8575],[-90.3935,13.8566],[-90.3901,13.8553],[-90.388,13.8542],[-90.3861,13.8534],[-90.3843,13.8526],[-90.376,13.8492],[-90.3714,13.8476],[-90.3696,13.8468],[-90.3678,13.846],[-90.3604,13.8426],[-90.36,13.8424],[-90.3588,13.8419],[-90.3575,13.8414],[-90.3568,13.8405],[-90.3549,13.8397],[-90.3507,13.8375],[-90.3506,13.8375],[-90.3507,13.8379],[-90.3512,13.8383],[-90.3516,13.8388],[-90.3518,13.8395],[-90.3513,13.8403],[-90.3506,13.8409],[-90.3499,13.8413],[-90.3489,13.8407],[-90.3458,13.8391],[-90.3431,13.8377],[-90.3426,13.8376],[-90.3422,13.8381],[-90.3422,13.8389],[-90.3425,13.84],[-90.3427,13.8416],[-90.3417,13.8399],[-90.3409,13.8388],[-90.3395,13.8372],[-90.3389,13.8363],[-90.3397,13.8363],[-90.3402,13.8361],[-90.3406,13.8357],[-90.3412,13.8353],[-90.3417,13.835],[-90.3422,13.8348],[-90.3429,13.8348],[-90.3437,13.8349],[-90.3443,13.835],[-90.3467,13.8374],[-90.3478,13.8383],[-90.3485,13.8389],[-90.3491,13.8391],[-90.3493,13.8384],[-90.3488,13.8378],[-90.3482,13.8372],[-90.3477,13.8368],[-90.3474,13.8359],[-90.3473,13.8357],[-90.3463,13.8352],[-90.3446,13.8345],[-90.3415,13.8332],[-90.3353,13.8309],[-90.3329,13.8302],[-90.3292,13.8289],[-90.3253,13.8276],[-90.3218,13.8261],[-90.317,13.824],[-90.3071,13.8198],[-90.3012,13.8166],[-90.2818,13.8085],[-90.2802,13.8077],[-90.2755,13.8059],[-90.2713,13.8037],[-90.2627,13.8002],[-90.2615,13.8049],[-90.2607,13.8052],[-90.258,13.8043],[-90.2567,13.8033],[-90.2543,13.8039],[-90.2539,13.8047],[-90.2565,13.8056],[-90.2574,13.8064],[-90.2622,13.8082],[-90.262,13.8088],[-90.2625,13.8111],[-90.2591,13.811],[-90.2588,13.8127],[-90.2607,13.8155],[-90.2609,13.8165],[-90.2607,13.8177],[-90.2609,13.8199],[-90.2619,13.8221],[-90.2626,13.8258],[-90.2639,13.8319],[-90.2639,13.8361],[-90.2603,13.8383],[-90.2584,13.84],[-90.257,13.8428],[-90.2552,13.844],[-90.2462,13.8479],[-90.2449,13.8508],[-90.2435,13.8569],[-90.2443,13.8614],[-90.2448,13.8678],[-90.2435,13.8695],[-90.2422,13.8717],[-90.2424,13.8747],[-90.2439,13.8783],[-90.2474,13.8802],[-90.2478,13.8821],[-90.2491,13.89],[-90.2501,13.8901],[-90.2527,13.8904],[-90.2546,13.8939],[-90.2538,13.8958],[-90.2509,13.9022],[-90.2511,13.9061],[-90.2461,13.9147],[-90.2517,13.9201],[-90.2527,13.9215],[-90.252,13.9254],[-90.2511,13.9281],[-90.2507,13.9292],[-90.253,13.9302],[-90.2549,13.929],[-90.2576,13.9293],[-90.2595,13.935],[-90.2698,13.9336],[-90.2717,13.9367],[-90.2735,13.9423],[-90.2759,13.947],[-90.2794,13.9498],[-90.2823,13.9534],[-90.2843,13.9593],[-90.2888,13.9669],[-90.29,13.9701],[-90.2922,13.9721],[-90.2932,13.9748],[-90.292,13.9774],[-90.2892,13.9822],[-90.2893,13.985],[-90.2905,13.9882],[-90.2918,13.9917],[-90.2948,13.9955],[-90.2929,13.999],[-90.2946,14.0002],[-90.2982,14.005],[-90.2988,14.0113],[-90.2928,14.011],[-90.2722,14.0084],[-90.2563,14.0068],[-90.2495,14.0075],[-90.2458,14.0101],[-90.2265,14.0113],[-90.2156,14.0096],[-90.2133,14.0081],[-90.2127,14.0058],[-90.2126,14.0053],[-90.2124,14.0051],[-90.2084,14.0022],[-90.2049,14.0016],[-90.2004,13.9952],[-90.1953,13.9919],[-90.1829,13.9898],[-90.1666,13.9905],[-90.163,13.9887],[-90.1631,13.9878],[-90.1638,13.9844],[-90.1646,13.9804],[-90.1674,13.9775],[-90.1682,13.9749],[-90.167,13.9739],[-90.1649,13.972],[-90.1623,13.9738],[-90.1523,13.9806],[-90.1501,13.979],[-90.1474,13.9769],[-90.1459,13.9745],[-90.1457,13.9708],[-90.1465,13.9674],[-90.1493,13.963],[-90.1467,13.9616],[-90.1214,13.9959],[-90.1166,14],[-90.1166,14.0033],[-90.1229,14.011],[-90.1206,14.0122],[-90.1161,14.0383],[-90.1155,14.0487],[-90.1189,14.0607],[-90.0993,14.0676],[-90.079,14.0601],[-90.0785,14.0613],[-90.0663,14.0909],[-90.0529,14.1259],[-90.0551,14.1303],[-90.0573,14.1273],[-90.0799,14.1594],[-90.0813,14.1614],[-90.08,14.1635],[-90.0796,14.1642],[-90.0759,14.1628],[-90.0737,14.1652],[-90.069,14.1671],[-90.0685,14.1715],[-90.0717,14.1762],[-90.0726,14.1774],[-90.0716,14.1788],[-90.0683,14.18],[-90.0679,14.1805],[-90.067,14.1816],[-90.0627,14.1817],[-90.0621,14.1825],[-90.075,14.2007],[-90.0742,14.2012],[-90.0754,14.2025],[-90.0941,14.214],[-90.1571,14.2526],[-90.1876,14.2564],[-90.1884,14.2564],[-90.1983,14.2556],[-90.1991,14.256],[-90.2022,14.2575],[-90.2067,14.2642],[-90.2021,14.2727],[-90.204,14.2787],[-90.2034,14.284],[-90.2045,14.2881],[-90.2058,14.2922],[-90.2059,14.2961],[-90.2056,14.2965],[-90.2021,14.3015],[-90.1986,14.3096],[-90.199,14.3149],[-90.2002,14.32],[-90.1988,14.3225],[-90.1943,14.3255],[-90.1864,14.328],[-90.1739,14.332],[-90.1408,14.3425],[-90.1319,14.3366],[-90.1305,14.3356],[-90.1256,14.3352],[-90.1207,14.3335],[-90.1209,14.334],[-90.1167,14.3342],[-90.1155,14.3425],[-90.1191,14.3495],[-90.1229,14.3568],[-90.0911,14.3542],[-90.0776,14.3687],[-90.064,14.3831],[-90.0615,14.3859],[-90.0579,14.3892],[-90.0496,14.4199],[-90.0469,14.4299],[-90.0535,14.4361],[-90.0838,14.4538],[-90.1111,14.4711],[-90.1141,14.4938],[-90.1186,14.4944],[-90.1288,14.4968],[-90.1436,14.5004],[-90.2175,14.4831],[-90.2345,14.4791],[-90.2381,14.4763],[-90.2441,14.4716],[-90.2574,14.4827],[-90.2531,14.5082],[-90.2567,14.5089],[-90.2572,14.5128],[-90.2591,14.5132],[-90.2635,14.508],[-90.2778,14.5175],[-90.2854,14.52],[-90.2892,14.5212],[-90.2954,14.5186],[-90.297,14.5149],[-90.2978,14.5133],[-90.3028,14.5119],[-90.3049,14.5089],[-90.314,14.4964],[-90.3141,14.4945],[-90.3147,14.482],[-90.3191,14.4807],[-90.3216,14.4779],[-90.3221,14.476],[-90.3244,14.4754],[-90.327,14.4708],[-90.3276,14.4682],[-90.3308,14.4678],[-90.3326,14.4809],[-90.3359,14.4856],[-90.3362,14.4885],[-90.337,14.4961],[-90.3537,14.5029],[-90.3582,14.4989],[-90.3605,14.4964],[-90.3657,14.4966],[-90.3656,14.4939],[-90.3697,14.4916],[-90.3721,14.4906],[-90.3733,14.4905],[-90.3745,14.4884],[-90.377,14.4895],[-90.3793,14.4946],[-90.383,14.4954],[-90.3866,14.4939],[-90.39,14.493],[-90.3905,14.4929],[-90.3924,14.4908],[-90.3892,14.4847],[-90.3976,14.4826],[-90.3995,14.4821],[-90.4021,14.4793],[-90.4054,14.4805],[-90.407,14.4811],[-90.4111,14.4771],[-90.4134,14.4733],[-90.4154,14.4617],[-90.4147,14.4475],[-90.4147,14.4468],[-90.4147,14.4461],[-90.4141,14.4373],[-90.4155,14.4338],[-90.416,14.4334],[-90.4191,14.4309],[-90.4214,14.4286],[-90.4337,14.4157],[-90.4371,14.4128],[-90.4388,14.4093],[-90.4395,14.4041],[-90.4388,14.4024],[-90.4352,14.3932],[-90.4353,14.3862],[-90.4356,14.3826],[-90.4343,14.3796],[-90.4328,14.3712],[-90.4329,14.3668],[-90.4324,14.3657],[-90.4306,14.3609],[-90.4295,14.3581],[-90.4285,14.3547],[-90.4304,14.3486],[-90.4292,14.3447],[-90.4323,14.3425],[-90.4334,14.3383],[-90.4388,14.338],[-90.4375,14.3345],[-90.4379,14.3332],[-90.4428,14.3333],[-90.4429,14.3334],[-90.4444,14.333],[-90.4465,14.3324],[-90.4506,14.3344],[-90.455,14.3304],[-90.4554,14.3263],[-90.4542,14.3212],[-90.4561,14.3189],[-90.4688,14.3195],[-90.4743,14.3187],[-90.4763,14.3146],[-90.481,14.314],[-90.4875,14.3089],[-90.4933,14.3091],[-90.4958,14.3058],[-90.5012,14.3025],[-90.5048,14.302],[-90.506,14.2985],[-90.508,14.2982],[-90.5096,14.298],[-90.5122,14.2908],[-90.5132,14.2868],[-90.515,14.2873],[-90.5208,14.2864],[-90.5227,14.2838],[-90.5275,14.2836],[-90.53,14.2805],[-90.5326,14.2784],[-90.537,14.2787],[-90.539,14.2781],[-90.541,14.2759],[-90.5425,14.2751],[-90.5455,14.2773],[-90.5481,14.276],[-90.5504,14.2747],[-90.5532,14.2746],[-90.5544,14.2726],[-90.5559,14.27],[-90.5612,14.2682],[-90.5614,14.2664],[-90.5633,14.2629],[-90.5671,14.2592],[-90.571,14.2571],[-90.5729,14.2566]]]}}]}